gbifID	datasetKey	occurrenceID	kingdom	phylum	class	order	family	genus	species	infraspecificEpithet	taxonRank	scientificName	verbatimScientificName	verbatimScientificNameAuthorship	countryCode	locality	stateProvince	occurrenceStatus	individualCount	publishingOrgKey	decimalLatitude	decimalLongitude	coordinateUncertaintyInMeters	coordinatePrecision	elevation	elevationAccuracy	depth	depthAccuracy	eventDate	day	month	year	taxonKey	speciesKey	basisOfRecord	institutionCode	collectionCode	catalogNumber	recordNumber	identifiedBy	dateIdentified	license	rightsHolder	recordedBy	typeStatus	establishmentMeans	lastInterpreted	mediaType	issue
899977402	50c9509d-22c7-4a22-a47d-8c48425ef4a7	http://www.inaturalist.org/observations/649561	Animalia	Chordata		Anguilliformes	Ophichthidae	Myrophis	Myrophis punctatus		SPECIES	Myrophis punctatus Lütken, 1852	Myrophis punctatus		US		Texas	PRESENT		28eb1a3f-1c15-4a95-931a-4af90ecb574d	27.473522	-97.309256	267.0						2014-04-26	26	4	2014	2404576	2404576	HUMAN_OBSERVATION	iNaturalist	Observations	649561		F. Douglas Martin	2014-04-30T18:09:36	CC_BY_NC_4_0	Robby Deans	Robby Deans			2025-05-30T23:52:54.965Z	StillImage	CONTINENT_DERIVED_FROM_COORDINATES;TAXON_MATCH_TAXON_ID_IGNORED
857008513	66f6192f-6cc0-45fd-a2d1-e76f5ae3eab2	diveboard:35905_207928_0	Animalia	Chordata		Anguilliformes	Ophichthidae	Myrophis	Myrophis punctatus		SPECIES	Myrophis punctatus Lütken, 1852	Myrophis punctatus Lütken, 1852		MX	Punta Dalila		PRESENT		1989b627-2a61-44db-83e4-392efc5da0a9	20.5156	-86.9587	100.0		0.0	0.0	9.145	9.145	2013-01-04T15:36Z	4	1	2013	2404576	2404576	HUMAN_OBSERVATION	Diveboard	Diveboard	diveboard:35905_207928_0		George	2013-01-04T00:00:00	CC_BY_NC_4_0	Diveboard	George			2025-01-31T21:31:23.456Z		COORDINATE_REPROJECTION_SUSPICIOUS;CONTINENT_DERIVED_FROM_COORDINATES;TAXON_MATCH_TAXON_ID_IGNORED
5153026022	50c9509d-22c7-4a22-a47d-8c48425ef4a7	https://www.inaturalist.org/observations/276932370	Animalia	Chordata		Anguilliformes	Ophichthidae	Myrophis	Myrophis punctatus		SPECIES	Myrophis punctatus Lütken, 1852	Myrophis punctatus		US		Florida	PRESENT		28eb1a3f-1c15-4a95-931a-4af90ecb574d	29.959289	-81.250443	35512.0						2025-04-30T03:02:48	30	4	2025	2404576	2404576	HUMAN_OBSERVATION	iNaturalist	Observations	276932370		Max Bernt	2025-04-30T23:39:17	CC_BY_NC_4_0	desa_sapp	desa_sapp			2025-05-30T23:49:20.916Z	StillImage	COORDINATE_ROUNDED;TAXON_MATCH_TAXON_ID_IGNORED
5069948613	50c9509d-22c7-4a22-a47d-8c48425ef4a7	https://www.inaturalist.org/observations/261771766	Animalia	Chordata		Anguilliformes	Ophichthidae	Myrophis	Myrophis punctatus		SPECIES	Myrophis punctatus Lütken, 1852	Myrophis punctatus		US		Texas	PRESENT		28eb1a3f-1c15-4a95-931a-4af90ecb574d	26.20144	-97.300654	3.0						2011-03-13T20:26	13	3	2011	2404576	2404576	HUMAN_OBSERVATION	iNaturalist	Observations	261771766		Richard Kazmaier	2025-02-15T21:59:18	CC_BY_NC_4_0	Richard Kazmaier	Richard Kazmaier			2025-05-30T22:57:22.597Z	StillImage	COORDINATE_ROUNDED;CONTINENT_DERIVED_FROM_COORDINATES;TAXON_MATCH_TAXON_ID_IGNORED
5063531032	50c9509d-22c7-4a22-a47d-8c48425ef4a7	https://www.inaturalist.org/observations/259912884	Animalia	Chordata		Anguilliformes	Ophichthidae	Myrophis	Myrophis punctatus		SPECIES	Myrophis punctatus Lütken, 1852	Myrophis punctatus		US		North Carolina	PRESENT		28eb1a3f-1c15-4a95-931a-4af90ecb574d	35.796704	-75.548727	2.0						2024-11-24T20:05	24	11	2024	2404576	2404576	HUMAN_OBSERVATION	iNaturalist	Observations	259912884		Amiel Hopkins	2025-01-29T00:07:34	CC_BY_NC_4_0	Amiel Hopkins	Amiel Hopkins			2025-05-31T00:37:05.602Z	StillImage	COORDINATE_ROUNDED;CONTINENT_DERIVED_FROM_COORDINATES;TAXON_MATCH_TAXON_ID_IGNORED
5063052273	50c9509d-22c7-4a22-a47d-8c48425ef4a7	https://www.inaturalist.org/observations/258741803	Animalia	Chordata		Anguilliformes	Ophichthidae	Myrophis	Myrophis punctatus		SPECIES	Myrophis punctatus Lütken, 1852	Myrophis punctatus		US		North Carolina	PRESENT		28eb1a3f-1c15-4a95-931a-4af90ecb574d	34.717456	-76.670975	5.0						2025-01-16T16:00	16	1	2025	2404576	2404576	HUMAN_OBSERVATION	iNaturalist	Observations	258741803		Max Bernt	2025-01-17T19:35:37	CC_BY_NC_4_0	sf_angler	sf_angler			2025-05-31T01:06:02.889Z	StillImage	COORDINATE_ROUNDED;CONTINENT_DERIVED_FROM_COORDINATES;TAXON_MATCH_TAXON_ID_IGNORED
4994031758	50c9509d-22c7-4a22-a47d-8c48425ef4a7	https://www.inaturalist.org/observations/24594268	Animalia	Chordata		Anguilliformes	Ophichthidae	Myrophis	Myrophis punctatus		SPECIES	Myrophis punctatus Lütken, 1852	Myrophis punctatus		US		Florida	PRESENT		28eb1a3f-1c15-4a95-931a-4af90ecb574d	25.687599	-80.379909	29936.0						2019-05-04T16:55:56	4	5	2019	2404576	2404576	HUMAN_OBSERVATION	iNaturalist	Observations	24594268		pmk00001	2020-01-05T19:50:05	CC_BY_NC_4_0	Stephanie Michelle Soto	Stephanie Michelle Soto			2025-05-31T00:52:22.476Z	StillImage	COORDINATE_ROUNDED;CONTINENT_DERIVED_FROM_COORDINATES;TAXON_MATCH_TAXON_ID_IGNORED
4987681330	50c9509d-22c7-4a22-a47d-8c48425ef4a7	https://www.inaturalist.org/observations/253101418	Animalia	Chordata		Anguilliformes	Ophichthidae	Myrophis	Myrophis punctatus		SPECIES	Myrophis punctatus Lütken, 1852	Myrophis punctatus		US		North Carolina	PRESENT		28eb1a3f-1c15-4a95-931a-4af90ecb574d	35.704059	-75.464415	28649.0						2024-11-24T19:07:13	24	11	2024	2404576	2404576	HUMAN_OBSERVATION	iNaturalist	Observations	253101418		Max Bernt	2024-11-26T00:26:14	CC_BY_NC_4_0	Maddie Carver	Maddie Carver			2025-05-30T23:38:53.957Z	StillImage	COORDINATE_ROUNDED;CONTINENT_DERIVED_FROM_COORDINATES;TAXON_MATCH_TAXON_ID_IGNORED
4973784407	50c9509d-22c7-4a22-a47d-8c48425ef4a7	https://www.inaturalist.org/observations/11996791	Animalia	Chordata		Anguilliformes	Ophichthidae	Myrophis	Myrophis punctatus		SPECIES	Myrophis punctatus Lütken, 1852	Myrophis punctatus		US		Florida	PRESENT		28eb1a3f-1c15-4a95-931a-4af90ecb574d	27.757958	-80.41552	32.0						2018-05-01T11:33:22	1	5	2018	2404576	2404576	HUMAN_OBSERVATION	iNaturalist	Observations	11996791		Ben Cantrell	2021-01-30T17:15:24	CC0_1_0	Stunsal	Stunsal			2025-05-30T22:18:09.225Z	StillImage	COORDINATE_ROUNDED;CONTINENT_DERIVED_FROM_COORDINATES;TAXON_MATCH_TAXON_ID_IGNORED
4910731785	50c9509d-22c7-4a22-a47d-8c48425ef4a7	https://www.inaturalist.org/observations/230351015	Animalia	Chordata		Anguilliformes	Ophichthidae	Myrophis	Myrophis punctatus		SPECIES	Myrophis punctatus Lütken, 1852	Myrophis punctatus		US		South Carolina	PRESENT		28eb1a3f-1c15-4a95-931a-4af90ecb574d	32.550317	-80.816628	4.0						2024-07-19T15:11:35	19	7	2024	2404576	2404576	HUMAN_OBSERVATION	iNaturalist	Observations	230351015		Spencer Lott	2024-07-19T20:52:56	CC_BY_NC_4_0	tobrien13	tobrien13			2025-05-31T00:25:37.426Z	StillImage	COORDINATE_ROUNDED;CONTINENT_DERIVED_FROM_COORDINATES;TAXON_MATCH_TAXON_ID_IGNORED
4855867423	157ed25f-beb2-4ceb-aebc-98f66fa5ed0d	BR_TOTALENERGIES_EBS_Margem_Equatorial_Blocos CE-M-661_CE-M-715_CE-M-717_CE-M-665_Bacia do Ceara_Ictioplancton_Estacao  9_rede_500_2015:2	Animalia	Chordata		Anguilliformes	Ophichthidae	Myrophis	Myrophis punctatus		SPECIES	Myrophis punctatus Lütken, 1852	Myrophis punctatus	Lütken, 1851	BR	Bacia do Ceará	Ceará	PRESENT		728e3362-3063-4a43-a6cf-71d61b50025b	-2.998422	-38.715417							2015-01-20	20	1	2015	2404576	2404576	HUMAN_OBSERVATION	TEEPBR				Sergio Bonecker		CC_BY_NC_4_0	TotalEnergies EP Brasil	Paula Castellões			2025-01-31T17:56:09.354Z		GEODETIC_DATUM_INVALID;GEODETIC_DATUM_ASSUMED_WGS84;CONTINENT_COORDINATE_MISMATCH
4854994230	50c9509d-22c7-4a22-a47d-8c48425ef4a7	https://www.inaturalist.org/observations/212449214	Animalia	Chordata		Anguilliformes	Ophichthidae	Myrophis	Myrophis punctatus		SPECIES	Myrophis punctatus Lütken, 1852	Myrophis punctatus		US		Texas	PRESENT		28eb1a3f-1c15-4a95-931a-4af90ecb574d	29.066031	-95.131186	200.0						2024-04-30T13:36:31	30	4	2024	2404576	2404576	HUMAN_OBSERVATION	iNaturalist	Observations	212449214		Max Bernt	2024-05-04T18:34:22	CC_BY_NC_4_0	Amanda Gabehart	Amanda Gabehart			2025-05-31T00:16:38.130Z	StillImage	COORDINATE_ROUNDED;CONTINENT_DERIVED_FROM_COORDINATES;TAXON_MATCH_TAXON_ID_IGNORED
4851815667	50c9509d-22c7-4a22-a47d-8c48425ef4a7	https://www.inaturalist.org/observations/208848338	Animalia	Chordata		Anguilliformes	Ophichthidae	Myrophis	Myrophis punctatus		SPECIES	Myrophis punctatus Lütken, 1852	Myrophis punctatus		US		Texas	PRESENT		28eb1a3f-1c15-4a95-931a-4af90ecb574d	29.592408	-95.079512							2023-07-28T11:01	28	7	2023	2404576	2404576	HUMAN_OBSERVATION	iNaturalist	Observations	208848338		Stacy Holcomb	2024-04-23T05:22:49	CC_BY_NC_4_0	Stacy Holcomb	Stacy Holcomb			2025-05-31T00:17:45.818Z	StillImage	COORDINATE_ROUNDED;CONTINENT_DERIVED_FROM_COORDINATES;TAXON_MATCH_TAXON_ID_IGNORED
4597313817	50c9509d-22c7-4a22-a47d-8c48425ef4a7	https://www.inaturalist.org/observations/200489651	Animalia	Chordata		Anguilliformes	Ophichthidae	Myrophis	Myrophis punctatus		SPECIES	Myrophis punctatus Lütken, 1852	Myrophis punctatus		US		South Carolina	PRESENT		28eb1a3f-1c15-4a95-931a-4af90ecb574d	32.789839	-79.862589	35.0						2023-10-03T13:07:03	3	10	2023	2404576	2404576	HUMAN_OBSERVATION	iNaturalist	Observations	200489651		Max Bernt	2024-02-28T21:48:43	CC_BY_NC_4_0	clairesitlinger	clairesitlinger			2025-05-31T00:08:40.157Z	StillImage	COORDINATE_ROUNDED;CONTINENT_DERIVED_FROM_COORDINATES;TAXON_MATCH_TAXON_ID_IGNORED
4522502328	50c9509d-22c7-4a22-a47d-8c48425ef4a7	https://www.inaturalist.org/observations/15356929	Animalia	Chordata		Anguilliformes	Ophichthidae	Myrophis	Myrophis punctatus		SPECIES	Myrophis punctatus Lütken, 1852	Myrophis punctatus		US		Florida	PRESENT		28eb1a3f-1c15-4a95-931a-4af90ecb574d	25.005403	-80.82382	30003.0						2018-08-11T11:21	11	8	2018	2404576	2404576	HUMAN_OBSERVATION	iNaturalist	Observations	15356929		pmk00001	2020-01-05T19:50:53	CC_BY_NC_4_0	Joe MDO	Joe MDO			2025-05-30T23:44:39.903Z	StillImage	COORDINATE_ROUNDED;CONTINENT_DERIVED_FROM_COORDINATES;TAXON_MATCH_TAXON_ID_IGNORED
4512129768	50c9509d-22c7-4a22-a47d-8c48425ef4a7	https://www.inaturalist.org/observations/190366768	Animalia	Chordata		Anguilliformes	Ophichthidae	Myrophis	Myrophis punctatus		SPECIES	Myrophis punctatus Lütken, 1852	Myrophis punctatus		US		Mississippi	PRESENT		28eb1a3f-1c15-4a95-931a-4af90ecb574d	30.391897	-88.798582	39.0						2022-07-23T22:43:45	23	7	2022	2404576	2404576	HUMAN_OBSERVATION	iNaturalist	Observations	190366768		Savannah Wise	2023-11-08T02:53:57	CC_BY_NC_4_0	Savannah Wise	Savannah Wise			2025-05-31T01:16:59.042Z	StillImage	COORDINATE_ROUNDED;CONTINENT_DERIVED_FROM_COORDINATES;TAXON_MATCH_TAXON_ID_IGNORED
4424091165	50c9509d-22c7-4a22-a47d-8c48425ef4a7	https://www.inaturalist.org/observations/186428156	Animalia	Chordata		Anguilliformes	Ophichthidae	Myrophis	Myrophis punctatus		SPECIES	Myrophis punctatus Lütken, 1852	Myrophis punctatus		US		Florida	PRESENT		28eb1a3f-1c15-4a95-931a-4af90ecb574d	27.238902	-80.226606	5.0						2023-10-06T12:34:19	6	10	2023	2404576	2404576	HUMAN_OBSERVATION	iNaturalist	Observations	186428156		Max Bernt	2023-10-07T21:43:38	CC_BY_NC_4_0	Jen	Jen			2025-05-31T00:23:20.303Z	StillImage	COORDINATE_ROUNDED;CONTINENT_DERIVED_FROM_COORDINATES;TAXON_MATCH_TAXON_ID_IGNORED
4414055166	50c9509d-22c7-4a22-a47d-8c48425ef4a7	https://www.inaturalist.org/observations/183538995	Animalia	Chordata		Anguilliformes	Ophichthidae	Myrophis	Myrophis punctatus		SPECIES	Myrophis punctatus Lütken, 1852	Myrophis punctatus		US		Texas	PRESENT		28eb1a3f-1c15-4a95-931a-4af90ecb574d	26.095365	-97.168265	10.0						2023-09-16T10:44:08	16	9	2023	2404576	2404576	HUMAN_OBSERVATION	iNaturalist	Observations	183538995		Max Bernt	2023-09-16T19:12:24	CC_BY_4_0	Adrian Torres B.	Adrian Torres B.			2025-05-31T00:14:06.004Z	StillImage	COORDINATE_ROUNDED;CONTINENT_DERIVED_FROM_COORDINATES;TAXON_MATCH_TAXON_ID_IGNORED
4133828697	50c9509d-22c7-4a22-a47d-8c48425ef4a7	https://www.inaturalist.org/observations/166570529	Animalia	Chordata		Anguilliformes	Ophichthidae	Myrophis	Myrophis punctatus		SPECIES	Myrophis punctatus Lütken, 1852	Myrophis punctatus		US		Florida	PRESENT		28eb1a3f-1c15-4a95-931a-4af90ecb574d	29.892086	-81.309408							2023-06-06T17:52:42	6	6	2023	2404576	2404576	HUMAN_OBSERVATION	iNaturalist	Observations	166570529		hawkshaw	2023-06-10T20:16:04	CC_BY_NC_4_0	ed_flagler	ed_flagler			2025-05-31T00:57:53.174Z	StillImage	COORDINATE_ROUNDED;CONTINENT_DERIVED_FROM_COORDINATES;TAXON_MATCH_TAXON_ID_IGNORED
4133638370	50c9509d-22c7-4a22-a47d-8c48425ef4a7	https://www.inaturalist.org/observations/75375950	Animalia	Chordata		Anguilliformes	Ophichthidae	Myrophis	Myrophis punctatus		SPECIES	Myrophis punctatus Lütken, 1852	Myrophis punctatus		US		Florida	PRESENT		28eb1a3f-1c15-4a95-931a-4af90ecb574d	30.023027	-81.328339	4.0						2019-01-09T23:19	9	1	2019	2404576	2404576	HUMAN_OBSERVATION	iNaturalist	Observations	75375950		Gregory Alexander McKenzie	2021-04-27T00:22:18	CC_BY_NC_4_0	Gregory Alexander McKenzie	Gregory Alexander McKenzie			2025-05-31T00:18:07.572Z	StillImage	COORDINATE_ROUNDED;CONTINENT_DERIVED_FROM_COORDINATES;TAXON_MATCH_TAXON_ID_IGNORED
4121155509	50c9509d-22c7-4a22-a47d-8c48425ef4a7	https://www.inaturalist.org/observations/162532287	Animalia	Chordata		Anguilliformes	Ophichthidae	Myrophis	Myrophis punctatus		SPECIES	Myrophis punctatus Lütken, 1852	Myrophis punctatus		US		Georgia	PRESENT		28eb1a3f-1c15-4a95-931a-4af90ecb574d	32.027213	-80.890601	182.0						2012-06-17	17	6	2012	2404576	2404576	HUMAN_OBSERVATION	iNaturalist	Observations	162532287		Spencer Lott	2024-07-19T20:54:57	CC_BY_NC_4_0	Scott Flamand	Scott Flamand			2025-05-30T22:56:32.222Z	StillImage	COORDINATE_ROUNDED;CONTINENT_DERIVED_FROM_COORDINATES;TAXON_MATCH_TAXON_ID_IGNORED
4091615625	50c9509d-22c7-4a22-a47d-8c48425ef4a7	https://www.inaturalist.org/observations/154481947	Animalia	Chordata		Anguilliformes	Ophichthidae	Myrophis	Myrophis punctatus		SPECIES	Myrophis punctatus Lütken, 1852	Myrophis punctatus		US		Mississippi	PRESENT		28eb1a3f-1c15-4a95-931a-4af90ecb574d	30.361492	-88.424325	4.0						2023-04-11T13:58:11	11	4	2023	2404576	2404576	HUMAN_OBSERVATION	iNaturalist	Observations	154481947		Max Bernt	2023-04-12T15:20:32	CC_BY_NC_4_0	jenndeb76	jenndeb76			2025-05-31T00:17:47.976Z	StillImage	COORDINATE_ROUNDED;CONTINENT_DERIVED_FROM_COORDINATES;TAXON_MATCH_TAXON_ID_IGNORED
4054930255	50c9509d-22c7-4a22-a47d-8c48425ef4a7	https://www.inaturalist.org/observations/150452450	Animalia	Chordata		Anguilliformes	Ophichthidae	Myrophis	Myrophis punctatus		SPECIES	Myrophis punctatus Lütken, 1852	Myrophis punctatus		US		Florida	PRESENT		28eb1a3f-1c15-4a95-931a-4af90ecb574d	26.29372	-81.820092	4.0						2023-03-02T13:49:14	2	3	2023	2404576	2404576	HUMAN_OBSERVATION	iNaturalist	Observations	150452450		Max Bernt	2023-03-07T01:07:45	CC_BY_NC_4_0	Em	Em			2025-05-30T23:47:50.851Z	StillImage	COORDINATE_ROUNDED;CONTINENT_DERIVED_FROM_COORDINATES;TAXON_MATCH_TAXON_ID_IGNORED
4054897254	50c9509d-22c7-4a22-a47d-8c48425ef4a7	https://www.inaturalist.org/observations/150452541	Animalia	Chordata		Anguilliformes	Ophichthidae	Myrophis	Myrophis punctatus		SPECIES	Myrophis punctatus Lütken, 1852	Myrophis punctatus		US		Florida	PRESENT		28eb1a3f-1c15-4a95-931a-4af90ecb574d	26.293708	-81.820092	4.0						2023-03-02T13:49:21	2	3	2023	2404576	2404576	HUMAN_OBSERVATION	iNaturalist	Observations	150452541		Max Bernt	2023-03-07T01:07:25	CC_BY_NC_4_0	Em	Em			2025-05-30T23:47:13.609Z	StillImage	COORDINATE_ROUNDED;CONTINENT_DERIVED_FROM_COORDINATES;TAXON_MATCH_TAXON_ID_IGNORED
4029013562	50c9509d-22c7-4a22-a47d-8c48425ef4a7	https://www.inaturalist.org/observations/147345355	Animalia	Chordata		Anguilliformes	Ophichthidae	Myrophis	Myrophis punctatus		SPECIES	Myrophis punctatus Lütken, 1852	Myrophis punctatus		US		Florida	PRESENT		28eb1a3f-1c15-4a95-931a-4af90ecb574d	29.03376	-83.169442	29533.0						2023-01-21T09:03:23	21	1	2023	2404576	2404576	HUMAN_OBSERVATION	iNaturalist	Observations	147345355		Bella Gonzalez	2023-01-25T19:57:10	CC_BY_NC_4_0	Bella Gonzalez	Bella Gonzalez			2025-05-31T01:08:13.690Z	StillImage	COORDINATE_ROUNDED;TAXON_MATCH_TAXON_ID_IGNORED
4028703575	50c9509d-22c7-4a22-a47d-8c48425ef4a7	https://www.inaturalist.org/observations/85206318	Animalia	Chordata		Anguilliformes	Ophichthidae	Myrophis	Myrophis punctatus		SPECIES	Myrophis punctatus Lütken, 1852	Myrophis punctatus		US		North Carolina	PRESENT		28eb1a3f-1c15-4a95-931a-4af90ecb574d	34.533886	-77.346184	84.0						2021-07-01T09:49:59	1	7	2021	2404576	2404576	HUMAN_OBSERVATION	iNaturalist	Observations	85206318		pmk00001	2022-01-15T15:04:53	CC_BY_NC_4_0	mhallahan	mhallahan			2025-05-31T00:58:52.204Z	StillImage	COORDINATE_ROUNDED;CONTINENT_DERIVED_FROM_COORDINATES;TAXON_MATCH_TAXON_ID_IGNORED
4028690655	50c9509d-22c7-4a22-a47d-8c48425ef4a7	https://www.inaturalist.org/observations/102562483	Animalia	Chordata		Anguilliformes	Ophichthidae	Myrophis	Myrophis punctatus		SPECIES	Myrophis punctatus Lütken, 1852	Myrophis punctatus		US		Texas	PRESENT		28eb1a3f-1c15-4a95-931a-4af90ecb574d	28.781222	-96.458529	29582.0						2021-12-04T20:09	4	12	2021	2404576	2404576	HUMAN_OBSERVATION	iNaturalist	Observations	102562483		holland	2021-12-05T22:00:03	CC_BY_NC_4_0	holland	holland			2025-05-30T22:34:51.679Z	StillImage	COORDINATE_ROUNDED;CONTINENT_DERIVED_FROM_COORDINATES;TAXON_MATCH_TAXON_ID_IGNORED
3963474483	50c9509d-22c7-4a22-a47d-8c48425ef4a7	https://www.inaturalist.org/observations/126562191	Animalia	Chordata		Anguilliformes	Ophichthidae	Myrophis	Myrophis punctatus		SPECIES	Myrophis punctatus Lütken, 1852	Myrophis punctatus		US		North Carolina	PRESENT		28eb1a3f-1c15-4a95-931a-4af90ecb574d	34.762136	-76.725292	151.0						2022-07-16T18:58:09	16	7	2022	2404576	2404576	HUMAN_OBSERVATION	iNaturalist	Observations	126562191		Scott A. Smith	2022-11-05T13:55:11	CC_BY_NC_4_0	rangerart	rangerart			2025-05-30T23:20:35.303Z	StillImage	COORDINATE_ROUNDED;CONTINENT_DERIVED_FROM_COORDINATES;TAXON_MATCH_TAXON_ID_IGNORED
3925051266	50c9509d-22c7-4a22-a47d-8c48425ef4a7	https://www.inaturalist.org/observations/138017345	Animalia	Chordata		Anguilliformes	Ophichthidae	Myrophis	Myrophis punctatus		SPECIES	Myrophis punctatus Lütken, 1852	Myrophis punctatus		US		Florida	PRESENT		28eb1a3f-1c15-4a95-931a-4af90ecb574d	26.481118	-81.947426	194.0						2022-10-08T15:13:56	8	10	2022	2404576	2404576	HUMAN_OBSERVATION	iNaturalist	Observations	138017345		Max Bernt	2022-10-08T21:10:43	CC_BY_NC_4_0	Emry Elrubaie	Emry Elrubaie			2025-05-30T23:22:22.562Z	StillImage	COORDINATE_ROUNDED;CONTINENT_DERIVED_FROM_COORDINATES;TAXON_MATCH_TAXON_ID_IGNORED
3902065918	50c9509d-22c7-4a22-a47d-8c48425ef4a7	https://www.inaturalist.org/observations/110926995	Animalia	Chordata		Anguilliformes	Ophichthidae	Myrophis	Myrophis punctatus		SPECIES	Myrophis punctatus Lütken, 1852	Myrophis punctatus		US		Mississippi	PRESENT		28eb1a3f-1c15-4a95-931a-4af90ecb574d	30.362808	-88.766277	4.0						2022-04-09T18:24:06	9	4	2022	2404576	2404576	HUMAN_OBSERVATION	iNaturalist	Observations	110926995		Max Bernt	2022-08-18T15:37:11	CC_BY_NC_4_0	Kaleb Maxon	Kaleb Maxon			2025-05-30T23:34:09.111Z	StillImage	COORDINATE_ROUNDED;CONTINENT_DERIVED_FROM_COORDINATES;TAXON_MATCH_TAXON_ID_IGNORED
3881845460	50c9509d-22c7-4a22-a47d-8c48425ef4a7	https://www.inaturalist.org/observations/128854535	Animalia	Chordata		Anguilliformes	Ophichthidae	Myrophis	Myrophis punctatus		SPECIES	Myrophis punctatus Lütken, 1852	Myrophis punctatus		US		Texas	PRESENT		28eb1a3f-1c15-4a95-931a-4af90ecb574d	28.670954	-95.992978	29582.0						2022-07-29T21:48:30	29	7	2022	2404576	2404576	HUMAN_OBSERVATION	iNaturalist	Observations	128854535		holland	2022-07-31T19:44:11	CC_BY_NC_4_0	holland	holland			2025-05-31T00:03:09.925Z	StillImage	COORDINATE_ROUNDED;CONTINENT_DERIVED_FROM_COORDINATES;TAXON_MATCH_TAXON_ID_IGNORED
3872913523	50c9509d-22c7-4a22-a47d-8c48425ef4a7	https://www.inaturalist.org/observations/105116412	Animalia	Chordata		Anguilliformes	Ophichthidae	Myrophis	Myrophis punctatus		SPECIES	Myrophis punctatus Lütken, 1852	Myrophis punctatus		US		Florida	PRESENT		28eb1a3f-1c15-4a95-931a-4af90ecb574d	30.252248	-87.044447	29382.0						2022-01-17T12:29:47	17	1	2022	2404576	2404576	HUMAN_OBSERVATION	iNaturalist	Observations	105116412		fredturt43	2022-02-08T12:36:55	CC_BY_NC_4_0	dannyellie	dannyellie			2025-05-30T23:43:38.084Z	StillImage	COORDINATE_ROUNDED;TAXON_MATCH_TAXON_ID_IGNORED
3859731930	50c9509d-22c7-4a22-a47d-8c48425ef4a7	https://www.inaturalist.org/observations/109042693	Animalia	Chordata		Anguilliformes	Ophichthidae	Myrophis	Myrophis punctatus		SPECIES	Myrophis punctatus Lütken, 1852	Myrophis punctatus		US		Florida	PRESENT		28eb1a3f-1c15-4a95-931a-4af90ecb574d	29.89257	-81.30517	5.0						2022-03-20T07:57:37	20	3	2022	2404576	2404576	HUMAN_OBSERVATION	iNaturalist	Observations	109042693		Max Bernt	2022-05-01T14:36:36	CC_BY_NC_4_0	Beth Riggs	Beth Riggs			2025-05-30T22:57:46.147Z	StillImage	CONTINENT_DERIVED_FROM_COORDINATES;TAXON_MATCH_TAXON_ID_IGNORED
3764373403	50c9509d-22c7-4a22-a47d-8c48425ef4a7	https://www.inaturalist.org/observations/106577226	Animalia	Chordata		Anguilliformes	Ophichthidae	Myrophis	Myrophis punctatus		SPECIES	Myrophis punctatus Lütken, 1852	Myrophis punctatus		US		Louisiana	PRESENT		28eb1a3f-1c15-4a95-931a-4af90ecb574d	29.74126	-91.853523	216.0						2022-02-11	11	2	2022	2404576	2404576	HUMAN_OBSERVATION	iNaturalist	Observations	106577226		R.C. Hoover	2022-02-12T00:20:36	CC_BY_NC_4_0	R.C. Hoover	R.C. Hoover			2025-05-30T23:27:49.303Z	StillImage	COORDINATE_ROUNDED;CONTINENT_DERIVED_FROM_COORDINATES;TAXON_MATCH_TAXON_ID_IGNORED
3759313429	50c9509d-22c7-4a22-a47d-8c48425ef4a7	https://www.inaturalist.org/observations/110954072	Animalia	Chordata		Anguilliformes	Ophichthidae	Myrophis	Myrophis punctatus		SPECIES	Myrophis punctatus Lütken, 1852	Myrophis punctatus		US		Alabama	PRESENT		28eb1a3f-1c15-4a95-931a-4af90ecb574d	30.246156	-88.080797							2022-04-08T23:24:16	8	4	2022	2404576	2404576	HUMAN_OBSERVATION	iNaturalist	Observations	110954072		Kathryn Jones	2022-04-10T12:38:44	CC_BY_NC_4_0	Kathryn Jones	Kathryn Jones			2025-05-30T22:48:31.649Z	StillImage	COORDINATE_ROUNDED;CONTINENT_DERIVED_FROM_COORDINATES;TAXON_MATCH_TAXON_ID_IGNORED
3408079182	50c9509d-22c7-4a22-a47d-8c48425ef4a7	https://www.inaturalist.org/observations/100169496	Animalia	Chordata		Anguilliformes	Ophichthidae	Myrophis	Myrophis punctatus		SPECIES	Myrophis punctatus Lütken, 1852	Myrophis punctatus		US		Texas	PRESENT		28eb1a3f-1c15-4a95-931a-4af90ecb574d	28.768814	-96.580503	29582.0						2021-11-03T12:37	3	11	2021	2404576	2404576	HUMAN_OBSERVATION	iNaturalist	Observations	100169496		holland	2021-11-03T19:00:38	CC_BY_NC_4_0	holland	holland			2025-05-31T00:13:57.932Z	StillImage	COORDINATE_ROUNDED;CONTINENT_DERIVED_FROM_COORDINATES;TAXON_MATCH_TAXON_ID_IGNORED
3383977127	50c9509d-22c7-4a22-a47d-8c48425ef4a7	https://www.inaturalist.org/observations/95036224	Animalia	Chordata		Anguilliformes	Ophichthidae	Myrophis	Myrophis punctatus		SPECIES	Myrophis punctatus Lütken, 1852	Myrophis punctatus		US		Florida	PRESENT		28eb1a3f-1c15-4a95-931a-4af90ecb574d	25.678752	-80.255462	289.0						2014-10-24T17:44	24	10	2014	2404576	2404576	HUMAN_OBSERVATION	iNaturalist	Observations	95036224		Christian Weston Chandler creator of Sonichu	2021-09-16T14:45:14	CC_BY_NC_4_0	Christian Weston Chandler creator of Sonichu	Christian Weston Chandler creator of Sonichu			2025-05-31T00:08:47.413Z	StillImage	COORDINATE_ROUNDED;CONTINENT_DERIVED_FROM_COORDINATES;TAXON_MATCH_TAXON_ID_IGNORED
3070271461	50c9509d-22c7-4a22-a47d-8c48425ef4a7	https://www.inaturalist.org/observations/15356043	Animalia	Chordata		Anguilliformes	Ophichthidae	Myrophis	Myrophis punctatus		SPECIES	Myrophis punctatus Lütken, 1852	Myrophis punctatus		US		Florida	PRESENT		28eb1a3f-1c15-4a95-931a-4af90ecb574d	25.130157	-80.875101	30003.0						2018-08-11T11:54	11	8	2018	2404576	2404576	HUMAN_OBSERVATION	iNaturalist	Observations	15356043		pmk00001	2020-01-05T17:20:46	CC_BY_4_0	Noah Frade	Noah Frade			2025-05-30T23:56:34.305Z	StillImage	COORDINATE_ROUNDED;CONTINENT_DERIVED_FROM_COORDINATES;TAXON_MATCH_TAXON_ID_IGNORED
3058978307	50c9509d-22c7-4a22-a47d-8c48425ef4a7	https://www.inaturalist.org/observations/70391917	Animalia	Chordata		Anguilliformes	Ophichthidae	Myrophis	Myrophis punctatus		SPECIES	Myrophis punctatus Lütken, 1852	Myrophis punctatus		US		Florida	PRESENT		28eb1a3f-1c15-4a95-931a-4af90ecb574d	29.698277	-81.229696	108.0						2021-02-28	28	2	2021	2404576	2404576	HUMAN_OBSERVATION	iNaturalist	Observations	70391917		Joshua Doby	2021-03-01T14:28:45	CC_BY_NC_4_0	Joshua Doby	Joshua Doby			2025-05-30T22:25:08.734Z	StillImage	COORDINATE_ROUNDED;CONTINENT_DERIVED_FROM_COORDINATES;TAXON_MATCH_TAXON_ID_IGNORED
2826231848	50c9509d-22c7-4a22-a47d-8c48425ef4a7	https://www.inaturalist.org/observations/54862763	Animalia	Chordata		Anguilliformes	Ophichthidae	Myrophis	Myrophis punctatus		SPECIES	Myrophis punctatus Lütken, 1852	Myrophis punctatus		US		Texas	PRESENT		28eb1a3f-1c15-4a95-931a-4af90ecb574d	29.251597	-94.851905	4.0						2020-06-09T21:39:56Z	9	6	2020	2404576	2404576	HUMAN_OBSERVATION	iNaturalist	Observations	54862763		Melissa Casarez	2020-07-31T00:03:27	CC_BY_NC_4_0	elliecarson15	elliecarson15			2025-05-30T22:27:08.761Z	StillImage	COORDINATE_ROUNDED;CONTINENT_DERIVED_FROM_COORDINATES;TAXON_MATCH_TAXON_ID_IGNORED
2802584182	50c9509d-22c7-4a22-a47d-8c48425ef4a7	https://www.inaturalist.org/observations/49408186	Animalia	Chordata		Anguilliformes	Ophichthidae	Myrophis	Myrophis punctatus		SPECIES	Myrophis punctatus Lütken, 1852	Myrophis punctatus		US		Texas	PRESENT		28eb1a3f-1c15-4a95-931a-4af90ecb574d	27.852033	-97.35336	222.0						2020-06-12T23:35:27Z	12	6	2020	2404576	2404576	HUMAN_OBSERVATION	iNaturalist	Observations	49408186		Melissa Casarez	2020-06-13T15:24:04	CC_BY_4_0	Kane Sandoval	Kane Sandoval			2025-05-30T23:56:41.710Z	StillImage	COORDINATE_ROUNDED;CONTINENT_DERIVED_FROM_COORDINATES;TAXON_MATCH_TAXON_ID_IGNORED
2578994607	50c9509d-22c7-4a22-a47d-8c48425ef4a7	https://www.inaturalist.org/observations/17172759	Animalia	Chordata		Anguilliformes	Ophichthidae	Myrophis	Myrophis punctatus		SPECIES	Myrophis punctatus Lütken, 1852	Myrophis punctatus		US		Florida	PRESENT		28eb1a3f-1c15-4a95-931a-4af90ecb574d	30.350633	-87.414986	9.0						2018-10-03T18:13:11	3	10	2018	2404576	2404576	HUMAN_OBSERVATION	iNaturalist	Observations	17172759		pmk00001	2020-01-05T18:30:39	CC_BY_NC_4_0	Robert Pitts	Robert Pitts			2025-05-30T22:18:47.452Z	StillImage	COORDINATE_ROUNDED;CONTINENT_DERIVED_FROM_COORDINATES;TAXON_MATCH_TAXON_ID_IGNORED
2465039962	2ba30ed2-6f82-480c-a892-4c8749508324	2019_AN_0958	Animalia	Chordata		Anguilliformes	Ophichthidae	Myrophis	Myrophis punctatus		SPECIES	Myrophis punctatus Lütken, 1852	Myrophis punctatus (Lütken, 1851)		BJ	PN Pendjari	Atakora	PRESENT		633602e8-4c6f-4619-b433-c4968da3ed08	10.9333	1.1166							2005			2005	2404576	2404576	HUMAN_OBSERVATION	LEA	Faune du Bénin	LEA_2019_AN0958				CC_BY_4_0					2025-01-31T18:53:37.634Z		GEODETIC_DATUM_ASSUMED_WGS84
1806363361	50c9509d-22c7-4a22-a47d-8c48425ef4a7	https://www.inaturalist.org/observations/9625148	Animalia	Chordata		Anguilliformes	Ophichthidae	Myrophis	Myrophis punctatus		SPECIES	Myrophis punctatus Lütken, 1852	Myrophis punctatus		US		Texas	PRESENT		28eb1a3f-1c15-4a95-931a-4af90ecb574d	28.292178	-96.809433	22.0						2018-01-26T14:49:57	26	1	2018	2404576	2404576	HUMAN_OBSERVATION	iNaturalist	Observations	9625148		Jon McIntyre	2018-01-26T23:02:13	CC_BY_NC_4_0	Jon McIntyre	Jon McIntyre			2025-05-30T23:30:42.207Z	StillImage	COORDINATE_ROUNDED;CONTINENT_DERIVED_FROM_COORDINATES;TAXON_MATCH_TAXON_ID_IGNORED
1314148309	1d39953f-5c1a-4dad-8524-70191eb4fe6c	1100689067	Animalia	Chordata		Anguilliformes	Ophichthidae	Myrophis	Myrophis punctatus		SPECIES	Myrophis punctatus Lütken, 1852	Myrophis punctatus		US	Paradise Inn;10/83 - present	Alabama	PRESENT	1	c3ad790a-d426-4ac1-8e32-da61f81f0117	30.2467	-88.13	370.0						2005-01-03	3	1	2005	2404576	2404576	HUMAN_OBSERVATION	NMFS	CAGES Alabama			ADCNR/GCRL	2005-01-03T00:00:00	CC0_1_0		ADCNR/GCRL			2025-02-01T01:21:45.880Z		GEODETIC_DATUM_INVALID;GEODETIC_DATUM_ASSUMED_WGS84;CONTINENT_DERIVED_FROM_COORDINATES
1314148285	1d39953f-5c1a-4dad-8524-70191eb4fe6c	1100689068	Animalia	Chordata		Anguilliformes	Ophichthidae	Myrophis	Myrophis punctatus		SPECIES	Myrophis punctatus Lütken, 1852	Myrophis punctatus		US	Paradise Inn;10/83 - present	Alabama	PRESENT	1	c3ad790a-d426-4ac1-8e32-da61f81f0117	30.2467	-88.13	370.0						2005-01-03	3	1	2005	2404576	2404576	HUMAN_OBSERVATION	NMFS	CAGES Alabama			ADCNR/GCRL	2005-01-03T00:00:00	CC0_1_0		ADCNR/GCRL			2025-02-01T01:21:47.648Z		GEODETIC_DATUM_INVALID;GEODETIC_DATUM_ASSUMED_WGS84;CONTINENT_DERIVED_FROM_COORDINATES
1314148231	1d39953f-5c1a-4dad-8524-70191eb4fe6c	1100689761	Animalia	Chordata		Anguilliformes	Ophichthidae	Myrophis	Myrophis punctatus		SPECIES	Myrophis punctatus Lütken, 1852	Myrophis punctatus		US	Tall Range 'C';01/68 - 03/69 and 10/80 - present	Alabama	PRESENT	1	c3ad790a-d426-4ac1-8e32-da61f81f0117	30.2583	-88.2133	370.0						2005-01-04	4	1	2005	2404576	2404576	HUMAN_OBSERVATION	NMFS	CAGES Alabama			ADCNR/GCRL	2005-01-04T00:00:00	CC0_1_0		ADCNR/GCRL			2025-02-01T01:21:47.656Z		GEODETIC_DATUM_INVALID;GEODETIC_DATUM_ASSUMED_WGS84;CONTINENT_DERIVED_FROM_COORDINATES
1314148226	1d39953f-5c1a-4dad-8524-70191eb4fe6c	1100689065	Animalia	Chordata		Anguilliformes	Ophichthidae	Myrophis	Myrophis punctatus		SPECIES	Myrophis punctatus Lütken, 1852	Myrophis punctatus		US	Paradise Inn;10/83 - present	Alabama	PRESENT	1	c3ad790a-d426-4ac1-8e32-da61f81f0117	30.2467	-88.13	370.0						2005-01-03	3	1	2005	2404576	2404576	HUMAN_OBSERVATION	NMFS	CAGES Alabama			ADCNR/GCRL	2005-01-03T00:00:00	CC0_1_0		ADCNR/GCRL			2025-02-01T01:21:47.648Z		GEODETIC_DATUM_INVALID;GEODETIC_DATUM_ASSUMED_WGS84;CONTINENT_DERIVED_FROM_COORDINATES
1314148217	1d39953f-5c1a-4dad-8524-70191eb4fe6c	1100689066	Animalia	Chordata		Anguilliformes	Ophichthidae	Myrophis	Myrophis punctatus		SPECIES	Myrophis punctatus Lütken, 1852	Myrophis punctatus		US	Paradise Inn;10/83 - present	Alabama	PRESENT	1	c3ad790a-d426-4ac1-8e32-da61f81f0117	30.2467	-88.13	370.0						2005-01-03	3	1	2005	2404576	2404576	HUMAN_OBSERVATION	NMFS	CAGES Alabama			ADCNR/GCRL	2005-01-03T00:00:00	CC0_1_0		ADCNR/GCRL			2025-02-01T01:21:47.479Z		GEODETIC_DATUM_INVALID;GEODETIC_DATUM_ASSUMED_WGS84;CONTINENT_DERIVED_FROM_COORDINATES
1314148191	1d39953f-5c1a-4dad-8524-70191eb4fe6c	1100689069	Animalia	Chordata		Anguilliformes	Ophichthidae	Myrophis	Myrophis punctatus		SPECIES	Myrophis punctatus Lütken, 1852	Myrophis punctatus		US	Paradise Inn;10/83 - present	Alabama	PRESENT	1	c3ad790a-d426-4ac1-8e32-da61f81f0117	30.2467	-88.13	370.0						2005-01-03	3	1	2005	2404576	2404576	HUMAN_OBSERVATION	NMFS	CAGES Alabama			ADCNR/GCRL	2005-01-03T00:00:00	CC0_1_0		ADCNR/GCRL			2025-02-01T01:21:45.777Z		GEODETIC_DATUM_INVALID;GEODETIC_DATUM_ASSUMED_WGS84;CONTINENT_DERIVED_FROM_COORDINATES
1314148189	1d39953f-5c1a-4dad-8524-70191eb4fe6c	1100688916	Animalia	Chordata		Anguilliformes	Ophichthidae	Myrophis	Myrophis punctatus		SPECIES	Myrophis punctatus Lütken, 1852	Myrophis punctatus		US	Oil Rig Site;08/81 - present	Alabama	PRESENT	1	c3ad790a-d426-4ac1-8e32-da61f81f0117	30.2583	-88.0267	370.0						2005-01-03	3	1	2005	2404576	2404576	HUMAN_OBSERVATION	NMFS	CAGES Alabama			ADCNR/GCRL	2005-01-03T00:00:00	CC0_1_0		ADCNR/GCRL			2025-02-01T01:21:45.776Z		GEODETIC_DATUM_INVALID;GEODETIC_DATUM_ASSUMED_WGS84;CONTINENT_DERIVED_FROM_COORDINATES
1314148177	1d39953f-5c1a-4dad-8524-70191eb4fe6c	1100688917	Animalia	Chordata		Anguilliformes	Ophichthidae	Myrophis	Myrophis punctatus		SPECIES	Myrophis punctatus Lütken, 1852	Myrophis punctatus		US	Oil Rig Site;08/81 - present	Alabama	PRESENT	1	c3ad790a-d426-4ac1-8e32-da61f81f0117	30.2583	-88.0267	370.0						2005-01-03	3	1	2005	2404576	2404576	HUMAN_OBSERVATION	NMFS	CAGES Alabama			ADCNR/GCRL	2005-01-03T00:00:00	CC0_1_0		ADCNR/GCRL			2025-02-01T01:21:47.646Z		GEODETIC_DATUM_INVALID;GEODETIC_DATUM_ASSUMED_WGS84;CONTINENT_DERIVED_FROM_COORDINATES
1314148144	1d39953f-5c1a-4dad-8524-70191eb4fe6c	1100688915	Animalia	Chordata		Anguilliformes	Ophichthidae	Myrophis	Myrophis punctatus		SPECIES	Myrophis punctatus Lütken, 1852	Myrophis punctatus		US	Oil Rig Site;08/81 - present	Alabama	PRESENT	1	c3ad790a-d426-4ac1-8e32-da61f81f0117	30.2583	-88.0267	370.0						2005-01-03	3	1	2005	2404576	2404576	HUMAN_OBSERVATION	NMFS	CAGES Alabama			ADCNR/GCRL	2005-01-03T00:00:00	CC0_1_0		ADCNR/GCRL			2025-02-01T01:21:47.646Z		GEODETIC_DATUM_INVALID;GEODETIC_DATUM_ASSUMED_WGS84;CONTINENT_DERIVED_FROM_COORDINATES
1314147051	1d39953f-5c1a-4dad-8524-70191eb4fe6c	1100690017	Animalia	Chordata		Anguilliformes	Ophichthidae	Myrophis	Myrophis punctatus		SPECIES	Myrophis punctatus Lütken, 1852	Myrophis punctatus		US	Grand Bay;10/82 - present	Alabama	PRESENT	1	c3ad790a-d426-4ac1-8e32-da61f81f0117	30.3783	-88.3217	370.0						2005-01-04	4	1	2005	2404576	2404576	HUMAN_OBSERVATION	NMFS	CAGES Alabama			ADCNR/GCRL	2005-01-04T00:00:00	CC0_1_0		ADCNR/GCRL			2025-02-01T01:21:45.783Z		GEODETIC_DATUM_INVALID;GEODETIC_DATUM_ASSUMED_WGS84;CONTINENT_DERIVED_FROM_COORDINATES
1314147043	1d39953f-5c1a-4dad-8524-70191eb4fe6c	1100690018	Animalia	Chordata		Anguilliformes	Ophichthidae	Myrophis	Myrophis punctatus		SPECIES	Myrophis punctatus Lütken, 1852	Myrophis punctatus		US	Grand Bay;10/82 - present	Alabama	PRESENT	1	c3ad790a-d426-4ac1-8e32-da61f81f0117	30.3783	-88.3217	370.0						2005-01-04	4	1	2005	2404576	2404576	HUMAN_OBSERVATION	NMFS	CAGES Alabama			ADCNR/GCRL	2005-01-04T00:00:00	CC0_1_0		ADCNR/GCRL			2025-02-01T01:21:47.659Z		GEODETIC_DATUM_INVALID;GEODETIC_DATUM_ASSUMED_WGS84;CONTINENT_DERIVED_FROM_COORDINATES
1314147019	1d39953f-5c1a-4dad-8524-70191eb4fe6c	1100690016	Animalia	Chordata		Anguilliformes	Ophichthidae	Myrophis	Myrophis punctatus		SPECIES	Myrophis punctatus Lütken, 1852	Myrophis punctatus		US	Grand Bay;10/82 - present	Alabama	PRESENT	1	c3ad790a-d426-4ac1-8e32-da61f81f0117	30.3783	-88.3217	370.0						2005-01-04	4	1	2005	2404576	2404576	HUMAN_OBSERVATION	NMFS	CAGES Alabama			ADCNR/GCRL	2005-01-04T00:00:00	CC0_1_0		ADCNR/GCRL			2025-02-01T01:21:47.659Z		GEODETIC_DATUM_INVALID;GEODETIC_DATUM_ASSUMED_WGS84;CONTINENT_DERIVED_FROM_COORDINATES
1314145738	1d39953f-5c1a-4dad-8524-70191eb4fe6c	1100691542	Animalia	Chordata		Anguilliformes	Ophichthidae	Myrophis	Myrophis punctatus		SPECIES	Myrophis punctatus Lütken, 1852	Myrophis punctatus		US	Middle Lagoon;02/92 - present	Alabama	PRESENT	1	c3ad790a-d426-4ac1-8e32-da61f81f0117	30.235	-87.7467	370.0						2005-01-12	12	1	2005	2404576	2404576	HUMAN_OBSERVATION	NMFS	CAGES Alabama			ADCNR/GCRL	2005-01-12T00:00:00	CC0_1_0		ADCNR/GCRL			2025-02-01T01:21:47.676Z		GEODETIC_DATUM_INVALID;GEODETIC_DATUM_ASSUMED_WGS84;CONTINENT_DERIVED_FROM_COORDINATES
1314145684	1d39953f-5c1a-4dad-8524-70191eb4fe6c	1100691338	Animalia	Chordata		Anguilliformes	Ophichthidae	Myrophis	Myrophis punctatus		SPECIES	Myrophis punctatus Lütken, 1852	Myrophis punctatus		US	West End Little Lagoon;02/92 - present	Alabama	PRESENT	1	c3ad790a-d426-4ac1-8e32-da61f81f0117	30.22	-87.7567	370.0						2005-01-12	12	1	2005	2404576	2404576	HUMAN_OBSERVATION	NMFS	CAGES Alabama			ADCNR/GCRL	2005-01-12T00:00:00	CC0_1_0		ADCNR/GCRL			2025-02-01T01:21:47.512Z		GEODETIC_DATUM_INVALID;GEODETIC_DATUM_ASSUMED_WGS84;CONTINENT_DERIVED_FROM_COORDINATES
1314145601	1d39953f-5c1a-4dad-8524-70191eb4fe6c	1100691543	Animalia	Chordata		Anguilliformes	Ophichthidae	Myrophis	Myrophis punctatus		SPECIES	Myrophis punctatus Lütken, 1852	Myrophis punctatus		US	Middle Lagoon;02/92 - present	Alabama	PRESENT	1	c3ad790a-d426-4ac1-8e32-da61f81f0117	30.235	-87.7467	370.0						2005-01-12	12	1	2005	2404576	2404576	HUMAN_OBSERVATION	NMFS	CAGES Alabama			ADCNR/GCRL	2005-01-12T00:00:00	CC0_1_0		ADCNR/GCRL			2025-02-01T01:21:45.794Z		GEODETIC_DATUM_INVALID;GEODETIC_DATUM_ASSUMED_WGS84;CONTINENT_DERIVED_FROM_COORDINATES
1314144962	1d39953f-5c1a-4dad-8524-70191eb4fe6c	1100692449	Animalia	Chordata		Anguilliformes	Ophichthidae	Myrophis	Myrophis punctatus		SPECIES	Myrophis punctatus Lütken, 1852	Myrophis punctatus		US	Paradise Inn;10/83 - present	Alabama	PRESENT	1	c3ad790a-d426-4ac1-8e32-da61f81f0117	30.2467	-88.13	370.0						2005-02-11	11	2	2005	2404576	2404576	HUMAN_OBSERVATION	NMFS	CAGES Alabama			ADCNR/GCRL	2005-02-11T00:00:00	CC0_1_0		ADCNR/GCRL			2025-02-01T01:21:47.686Z		GEODETIC_DATUM_INVALID;GEODETIC_DATUM_ASSUMED_WGS84;CONTINENT_DERIVED_FROM_COORDINATES
1314144492	1d39953f-5c1a-4dad-8524-70191eb4fe6c	1100692744	Animalia	Chordata		Anguilliformes	Ophichthidae	Myrophis	Myrophis punctatus		SPECIES	Myrophis punctatus Lütken, 1852	Myrophis punctatus		US	Oil Rig Site;08/81 - present	Alabama	PRESENT	1	c3ad790a-d426-4ac1-8e32-da61f81f0117	30.2583	-88.0267	370.0						2005-02-14	14	2	2005	2404576	2404576	HUMAN_OBSERVATION	NMFS	CAGES Alabama			ADCNR/GCRL	2005-02-14T00:00:00	CC0_1_0		ADCNR/GCRL			2025-02-01T01:21:47.697Z		GEODETIC_DATUM_INVALID;GEODETIC_DATUM_ASSUMED_WGS84;CONTINENT_DERIVED_FROM_COORDINATES
1314144446	1d39953f-5c1a-4dad-8524-70191eb4fe6c	1100692745	Animalia	Chordata		Anguilliformes	Ophichthidae	Myrophis	Myrophis punctatus		SPECIES	Myrophis punctatus Lütken, 1852	Myrophis punctatus		US	Oil Rig Site;08/81 - present	Alabama	PRESENT	1	c3ad790a-d426-4ac1-8e32-da61f81f0117	30.2583	-88.0267	370.0						2005-02-14	14	2	2005	2404576	2404576	HUMAN_OBSERVATION	NMFS	CAGES Alabama			ADCNR/GCRL	2005-02-14T00:00:00	CC0_1_0		ADCNR/GCRL			2025-02-01T01:21:45.802Z		GEODETIC_DATUM_INVALID;GEODETIC_DATUM_ASSUMED_WGS84;CONTINENT_DERIVED_FROM_COORDINATES
1314143538	1d39953f-5c1a-4dad-8524-70191eb4fe6c	1100693711	Animalia	Chordata		Anguilliformes	Ophichthidae	Myrophis	Myrophis punctatus		SPECIES	Myrophis punctatus Lütken, 1852	Myrophis punctatus		US	Petit Bois Pass;02/82 - present	Alabama	PRESENT	1	c3ad790a-d426-4ac1-8e32-da61f81f0117	30.2267	-88.34	370.0						2005-02-22	22	2	2005	2404576	2404576	HUMAN_OBSERVATION	NMFS	CAGES Alabama			ADCNR/GCRL	2005-02-22T00:00:00	CC0_1_0		ADCNR/GCRL			2025-02-01T01:21:47.708Z		GEODETIC_DATUM_INVALID;GEODETIC_DATUM_ASSUMED_WGS84;CONTINENT_DERIVED_FROM_COORDINATES
1314112141	1d39953f-5c1a-4dad-8524-70191eb4fe6c	1100725174	Animalia	Chordata		Anguilliformes	Ophichthidae	Myrophis	Myrophis punctatus		SPECIES	Myrophis punctatus Lütken, 1852	Myrophis punctatus		US	Mobile Pass;02/82 - present	Alabama	PRESENT	1	c3ad790a-d426-4ac1-8e32-da61f81f0117	30.1617	-88.0533	370.0						2006-02-01	1	2	2006	2404576	2404576	HUMAN_OBSERVATION	NMFS	CAGES Alabama			ADCNR/GCRL	2006-02-01T00:00:00	CC0_1_0		ADCNR/GCRL			2025-02-01T01:21:46.202Z		GEODETIC_DATUM_INVALID;GEODETIC_DATUM_ASSUMED_WGS84
1314111951	1d39953f-5c1a-4dad-8524-70191eb4fe6c	1100725166	Animalia	Chordata		Anguilliformes	Ophichthidae	Myrophis	Myrophis punctatus		SPECIES	Myrophis punctatus Lütken, 1852	Myrophis punctatus		US	Mobile Pass;02/82 - present	Alabama	PRESENT	1	c3ad790a-d426-4ac1-8e32-da61f81f0117	30.1617	-88.0533	370.0						2006-02-01	1	2	2006	2404576	2404576	HUMAN_OBSERVATION	NMFS	CAGES Alabama			ADCNR/GCRL	2006-02-01T00:00:00	CC0_1_0		ADCNR/GCRL			2025-02-01T01:21:48.079Z		GEODETIC_DATUM_INVALID;GEODETIC_DATUM_ASSUMED_WGS84
1314111944	1d39953f-5c1a-4dad-8524-70191eb4fe6c	1100725170	Animalia	Chordata		Anguilliformes	Ophichthidae	Myrophis	Myrophis punctatus		SPECIES	Myrophis punctatus Lütken, 1852	Myrophis punctatus		US	Mobile Pass;02/82 - present	Alabama	PRESENT	1	c3ad790a-d426-4ac1-8e32-da61f81f0117	30.1617	-88.0533	370.0						2006-02-01	1	2	2006	2404576	2404576	HUMAN_OBSERVATION	NMFS	CAGES Alabama			ADCNR/GCRL	2006-02-01T00:00:00	CC0_1_0		ADCNR/GCRL			2025-02-01T01:21:48.079Z		GEODETIC_DATUM_INVALID;GEODETIC_DATUM_ASSUMED_WGS84
1314111927	1d39953f-5c1a-4dad-8524-70191eb4fe6c	1100725169	Animalia	Chordata		Anguilliformes	Ophichthidae	Myrophis	Myrophis punctatus		SPECIES	Myrophis punctatus Lütken, 1852	Myrophis punctatus		US	Mobile Pass;02/82 - present	Alabama	PRESENT	1	c3ad790a-d426-4ac1-8e32-da61f81f0117	30.1617	-88.0533	370.0						2006-02-01	1	2	2006	2404576	2404576	HUMAN_OBSERVATION	NMFS	CAGES Alabama			ADCNR/GCRL	2006-02-01T00:00:00	CC0_1_0		ADCNR/GCRL			2025-02-01T01:21:47.905Z		GEODETIC_DATUM_INVALID;GEODETIC_DATUM_ASSUMED_WGS84
1314111925	1d39953f-5c1a-4dad-8524-70191eb4fe6c	1100725165	Animalia	Chordata		Anguilliformes	Ophichthidae	Myrophis	Myrophis punctatus		SPECIES	Myrophis punctatus Lütken, 1852	Myrophis punctatus		US	Mobile Pass;02/82 - present	Alabama	PRESENT	1	c3ad790a-d426-4ac1-8e32-da61f81f0117	30.1617	-88.0533	370.0						2006-02-01	1	2	2006	2404576	2404576	HUMAN_OBSERVATION	NMFS	CAGES Alabama			ADCNR/GCRL	2006-02-01T00:00:00	CC0_1_0		ADCNR/GCRL			2025-02-01T01:21:46.202Z		GEODETIC_DATUM_INVALID;GEODETIC_DATUM_ASSUMED_WGS84
1314111911	1d39953f-5c1a-4dad-8524-70191eb4fe6c	1100725164	Animalia	Chordata		Anguilliformes	Ophichthidae	Myrophis	Myrophis punctatus		SPECIES	Myrophis punctatus Lütken, 1852	Myrophis punctatus		US	Mobile Pass;02/82 - present	Alabama	PRESENT	1	c3ad790a-d426-4ac1-8e32-da61f81f0117	30.1617	-88.0533	370.0						2006-02-01	1	2	2006	2404576	2404576	HUMAN_OBSERVATION	NMFS	CAGES Alabama			ADCNR/GCRL	2006-02-01T00:00:00	CC0_1_0		ADCNR/GCRL			2025-02-01T01:21:47.905Z		GEODETIC_DATUM_INVALID;GEODETIC_DATUM_ASSUMED_WGS84
1314111907	1d39953f-5c1a-4dad-8524-70191eb4fe6c	1100725173	Animalia	Chordata		Anguilliformes	Ophichthidae	Myrophis	Myrophis punctatus		SPECIES	Myrophis punctatus Lütken, 1852	Myrophis punctatus		US	Mobile Pass;02/82 - present	Alabama	PRESENT	1	c3ad790a-d426-4ac1-8e32-da61f81f0117	30.1617	-88.0533	370.0						2006-02-01	1	2	2006	2404576	2404576	HUMAN_OBSERVATION	NMFS	CAGES Alabama			ADCNR/GCRL	2006-02-01T00:00:00	CC0_1_0		ADCNR/GCRL			2025-02-01T01:21:47.905Z		GEODETIC_DATUM_INVALID;GEODETIC_DATUM_ASSUMED_WGS84
1314111897	1d39953f-5c1a-4dad-8524-70191eb4fe6c	1100725172	Animalia	Chordata		Anguilliformes	Ophichthidae	Myrophis	Myrophis punctatus		SPECIES	Myrophis punctatus Lütken, 1852	Myrophis punctatus		US	Mobile Pass;02/82 - present	Alabama	PRESENT	1	c3ad790a-d426-4ac1-8e32-da61f81f0117	30.1617	-88.0533	370.0						2006-02-01	1	2	2006	2404576	2404576	HUMAN_OBSERVATION	NMFS	CAGES Alabama			ADCNR/GCRL	2006-02-01T00:00:00	CC0_1_0		ADCNR/GCRL			2025-02-01T01:21:48.087Z		GEODETIC_DATUM_INVALID;GEODETIC_DATUM_ASSUMED_WGS84
1314111881	1d39953f-5c1a-4dad-8524-70191eb4fe6c	1100725167	Animalia	Chordata		Anguilliformes	Ophichthidae	Myrophis	Myrophis punctatus		SPECIES	Myrophis punctatus Lütken, 1852	Myrophis punctatus		US	Mobile Pass;02/82 - present	Alabama	PRESENT	1	c3ad790a-d426-4ac1-8e32-da61f81f0117	30.1617	-88.0533	370.0						2006-02-01	1	2	2006	2404576	2404576	HUMAN_OBSERVATION	NMFS	CAGES Alabama			ADCNR/GCRL	2006-02-01T00:00:00	CC0_1_0		ADCNR/GCRL			2025-02-01T01:21:46.063Z		GEODETIC_DATUM_INVALID;GEODETIC_DATUM_ASSUMED_WGS84
1314111866	1d39953f-5c1a-4dad-8524-70191eb4fe6c	1100725168	Animalia	Chordata		Anguilliformes	Ophichthidae	Myrophis	Myrophis punctatus		SPECIES	Myrophis punctatus Lütken, 1852	Myrophis punctatus		US	Mobile Pass;02/82 - present	Alabama	PRESENT	1	c3ad790a-d426-4ac1-8e32-da61f81f0117	30.1617	-88.0533	370.0						2006-02-01	1	2	2006	2404576	2404576	HUMAN_OBSERVATION	NMFS	CAGES Alabama			ADCNR/GCRL	2006-02-01T00:00:00	CC0_1_0		ADCNR/GCRL			2025-02-01T01:21:48.086Z		GEODETIC_DATUM_INVALID;GEODETIC_DATUM_ASSUMED_WGS84
1314110898	1d39953f-5c1a-4dad-8524-70191eb4fe6c	1100726105	Animalia	Chordata		Anguilliformes	Ophichthidae	Myrophis	Myrophis punctatus		SPECIES	Myrophis punctatus Lütken, 1852	Myrophis punctatus		US	Heron Bay;10/80 - present	Alabama	PRESENT	1	c3ad790a-d426-4ac1-8e32-da61f81f0117	30.325	-88.15	370.0						2006-02-14	14	2	2006	2404576	2404576	HUMAN_OBSERVATION	NMFS	CAGES Alabama			ADCNR/GCRL	2006-02-14T00:00:00	CC0_1_0		ADCNR/GCRL			2025-02-01T01:21:46.210Z		GEODETIC_DATUM_INVALID;GEODETIC_DATUM_ASSUMED_WGS84;CONTINENT_DERIVED_FROM_COORDINATES
1314110859	1d39953f-5c1a-4dad-8524-70191eb4fe6c	1100726104	Animalia	Chordata		Anguilliformes	Ophichthidae	Myrophis	Myrophis punctatus		SPECIES	Myrophis punctatus Lütken, 1852	Myrophis punctatus		US	Heron Bay;10/80 - present	Alabama	PRESENT	1	c3ad790a-d426-4ac1-8e32-da61f81f0117	30.325	-88.15	370.0						2006-02-14	14	2	2006	2404576	2404576	HUMAN_OBSERVATION	NMFS	CAGES Alabama			ADCNR/GCRL	2006-02-14T00:00:00	CC0_1_0		ADCNR/GCRL			2025-02-01T01:21:47.915Z		GEODETIC_DATUM_INVALID;GEODETIC_DATUM_ASSUMED_WGS84;CONTINENT_DERIVED_FROM_COORDINATES
1314102576	1d39953f-5c1a-4dad-8524-70191eb4fe6c	1100734386	Animalia	Chordata		Anguilliformes	Ophichthidae	Myrophis	Myrophis punctatus		SPECIES	Myrophis punctatus Lütken, 1852	Myrophis punctatus		US	Dog River Basin;10/81 - present	Alabama	PRESENT	1	c3ad790a-d426-4ac1-8e32-da61f81f0117	30.5817	-88.06	370.0						2006-05-03	3	5	2006	2404576	2404576	HUMAN_OBSERVATION	NMFS	CAGES Alabama			ADCNR/GCRL	2006-05-03T00:00:00	CC0_1_0		ADCNR/GCRL			2025-02-01T01:21:46.282Z		GEODETIC_DATUM_INVALID;GEODETIC_DATUM_ASSUMED_WGS84;CONTINENT_DERIVED_FROM_COORDINATES
1314081050	1d39953f-5c1a-4dad-8524-70191eb4fe6c	1100756211	Animalia	Chordata		Anguilliformes	Ophichthidae	Myrophis	Myrophis punctatus		SPECIES	Myrophis punctatus Lütken, 1852	Myrophis punctatus		US	Tall Range 'C';01/68 - 03/69 and 10/80 - present	Alabama	PRESENT	1	c3ad790a-d426-4ac1-8e32-da61f81f0117	30.2583	-88.2133	370.0						2006-12-11	11	12	2006	2404576	2404576	HUMAN_OBSERVATION	NMFS	CAGES Alabama			ADCNR/GCRL	2006-12-11T00:00:00	CC0_1_0		ADCNR/GCRL			2025-02-01T01:21:48.456Z		GEODETIC_DATUM_INVALID;GEODETIC_DATUM_ASSUMED_WGS84;CONTINENT_DERIVED_FROM_COORDINATES
1314081039	1d39953f-5c1a-4dad-8524-70191eb4fe6c	1100756209	Animalia	Chordata		Anguilliformes	Ophichthidae	Myrophis	Myrophis punctatus		SPECIES	Myrophis punctatus Lütken, 1852	Myrophis punctatus		US	Tall Range 'C';01/68 - 03/69 and 10/80 - present	Alabama	PRESENT	1	c3ad790a-d426-4ac1-8e32-da61f81f0117	30.2583	-88.2133	370.0						2006-12-11	11	12	2006	2404576	2404576	HUMAN_OBSERVATION	NMFS	CAGES Alabama			ADCNR/GCRL	2006-12-11T00:00:00	CC0_1_0		ADCNR/GCRL			2025-02-01T01:21:48.464Z		GEODETIC_DATUM_INVALID;GEODETIC_DATUM_ASSUMED_WGS84;CONTINENT_DERIVED_FROM_COORDINATES
1314081020	1d39953f-5c1a-4dad-8524-70191eb4fe6c	1100756210	Animalia	Chordata		Anguilliformes	Ophichthidae	Myrophis	Myrophis punctatus		SPECIES	Myrophis punctatus Lütken, 1852	Myrophis punctatus		US	Tall Range 'C';01/68 - 03/69 and 10/80 - present	Alabama	PRESENT	1	c3ad790a-d426-4ac1-8e32-da61f81f0117	30.2583	-88.2133	370.0						2006-12-11	11	12	2006	2404576	2404576	HUMAN_OBSERVATION	NMFS	CAGES Alabama			ADCNR/GCRL	2006-12-11T00:00:00	CC0_1_0		ADCNR/GCRL			2025-02-01T01:21:46.469Z		GEODETIC_DATUM_INVALID;GEODETIC_DATUM_ASSUMED_WGS84;CONTINENT_DERIVED_FROM_COORDINATES
1314078811	1d39953f-5c1a-4dad-8524-70191eb4fe6c	1100758448	Animalia	Chordata		Anguilliformes	Ophichthidae	Myrophis	Myrophis punctatus		SPECIES	Myrophis punctatus Lütken, 1852	Myrophis punctatus		US	Heron Bay;10/80 - present	Alabama	PRESENT	1	c3ad790a-d426-4ac1-8e32-da61f81f0117	30.325	-88.15	370.0						2007-01-05	5	1	2007	2404576	2404576	HUMAN_OBSERVATION	NMFS	CAGES Alabama			ADCNR/GCRL	2007-01-05T00:00:00	CC0_1_0		ADCNR/GCRL			2025-02-01T01:21:46.494Z		GEODETIC_DATUM_INVALID;GEODETIC_DATUM_ASSUMED_WGS84;CONTINENT_DERIVED_FROM_COORDINATES
1314078770	1d39953f-5c1a-4dad-8524-70191eb4fe6c	1100758297	Animalia	Chordata		Anguilliformes	Ophichthidae	Myrophis	Myrophis punctatus		SPECIES	Myrophis punctatus Lütken, 1852	Myrophis punctatus		US	Tall Range 'C';01/68 - 03/69 and 10/80 - present	Alabama	PRESENT	1	c3ad790a-d426-4ac1-8e32-da61f81f0117	30.2583	-88.2133	370.0						2007-01-05	5	1	2007	2404576	2404576	HUMAN_OBSERVATION	NMFS	CAGES Alabama			ADCNR/GCRL	2007-01-05T00:00:00	CC0_1_0		ADCNR/GCRL			2025-02-01T01:21:46.319Z		GEODETIC_DATUM_INVALID;GEODETIC_DATUM_ASSUMED_WGS84;CONTINENT_DERIVED_FROM_COORDINATES
1314078743	1d39953f-5c1a-4dad-8524-70191eb4fe6c	1100758581	Animalia	Chordata		Anguilliformes	Ophichthidae	Myrophis	Myrophis punctatus		SPECIES	Myrophis punctatus Lütken, 1852	Myrophis punctatus		US	Grand Bay;10/82 - present	Alabama	PRESENT	1	c3ad790a-d426-4ac1-8e32-da61f81f0117	30.3783	-88.3217	370.0						2007-01-05	5	1	2007	2404576	2404576	HUMAN_OBSERVATION	NMFS	CAGES Alabama			ADCNR/GCRL	2007-01-05T00:00:00	CC0_1_0		ADCNR/GCRL			2025-02-01T01:21:48.500Z		GEODETIC_DATUM_INVALID;GEODETIC_DATUM_ASSUMED_WGS84;CONTINENT_DERIVED_FROM_COORDINATES
1314078672	1d39953f-5c1a-4dad-8524-70191eb4fe6c	1100758583	Animalia	Chordata		Anguilliformes	Ophichthidae	Myrophis	Myrophis punctatus		SPECIES	Myrophis punctatus Lütken, 1852	Myrophis punctatus		US	Grand Bay;10/82 - present	Alabama	PRESENT	1	c3ad790a-d426-4ac1-8e32-da61f81f0117	30.3783	-88.3217	370.0						2007-01-05	5	1	2007	2404576	2404576	HUMAN_OBSERVATION	NMFS	CAGES Alabama			ADCNR/GCRL	2007-01-05T00:00:00	CC0_1_0		ADCNR/GCRL			2025-02-01T01:21:46.495Z		GEODETIC_DATUM_INVALID;GEODETIC_DATUM_ASSUMED_WGS84;CONTINENT_DERIVED_FROM_COORDINATES
1314078663	1d39953f-5c1a-4dad-8524-70191eb4fe6c	1100758582	Animalia	Chordata		Anguilliformes	Ophichthidae	Myrophis	Myrophis punctatus		SPECIES	Myrophis punctatus Lütken, 1852	Myrophis punctatus		US	Grand Bay;10/82 - present	Alabama	PRESENT	1	c3ad790a-d426-4ac1-8e32-da61f81f0117	30.3783	-88.3217	370.0						2007-01-05	5	1	2007	2404576	2404576	HUMAN_OBSERVATION	NMFS	CAGES Alabama			ADCNR/GCRL	2007-01-05T00:00:00	CC0_1_0		ADCNR/GCRL			2025-02-01T01:21:48.285Z		GEODETIC_DATUM_INVALID;GEODETIC_DATUM_ASSUMED_WGS84;CONTINENT_DERIVED_FROM_COORDINATES
1314074493	1d39953f-5c1a-4dad-8524-70191eb4fe6c	1100762790	Animalia	Chordata		Anguilliformes	Ophichthidae	Myrophis	Myrophis punctatus		SPECIES	Myrophis punctatus Lütken, 1852	Myrophis punctatus		US	Grand Bay;10/82 - present	Alabama	PRESENT	1	c3ad790a-d426-4ac1-8e32-da61f81f0117	30.3783	-88.3217	370.0						2007-02-12	12	2	2007	2404576	2404576	HUMAN_OBSERVATION	NMFS	CAGES Alabama			ADCNR/GCRL	2007-02-12T00:00:00	CC0_1_0		ADCNR/GCRL			2025-02-01T01:21:46.528Z		GEODETIC_DATUM_INVALID;GEODETIC_DATUM_ASSUMED_WGS84;CONTINENT_DERIVED_FROM_COORDINATES
1314074417	1d39953f-5c1a-4dad-8524-70191eb4fe6c	1100762650	Animalia	Chordata		Anguilliformes	Ophichthidae	Myrophis	Myrophis punctatus		SPECIES	Myrophis punctatus Lütken, 1852	Myrophis punctatus		US	Tall Range 'C';01/68 - 03/69 and 10/80 - present	Alabama	PRESENT	1	c3ad790a-d426-4ac1-8e32-da61f81f0117	30.2583	-88.2133	370.0						2007-02-12	12	2	2007	2404576	2404576	HUMAN_OBSERVATION	NMFS	CAGES Alabama			ADCNR/GCRL	2007-02-12T00:00:00	CC0_1_0		ADCNR/GCRL			2025-02-01T01:21:46.527Z		GEODETIC_DATUM_INVALID;GEODETIC_DATUM_ASSUMED_WGS84;CONTINENT_DERIVED_FROM_COORDINATES
1314074406	1d39953f-5c1a-4dad-8524-70191eb4fe6c	1100762909	Animalia	Chordata		Anguilliformes	Ophichthidae	Myrophis	Myrophis punctatus		SPECIES	Myrophis punctatus Lütken, 1852	Myrophis punctatus		US	Mobile Pass;02/82 - present	Alabama	PRESENT	1	c3ad790a-d426-4ac1-8e32-da61f81f0117	30.1617	-88.0533	370.0						2007-03-06	6	3	2007	2404576	2404576	HUMAN_OBSERVATION	NMFS	CAGES Alabama			ADCNR/GCRL	2007-03-06T00:00:00	CC0_1_0		ADCNR/GCRL			2025-02-01T01:21:46.359Z		GEODETIC_DATUM_INVALID;GEODETIC_DATUM_ASSUMED_WGS84
1314074397	1d39953f-5c1a-4dad-8524-70191eb4fe6c	1100762651	Animalia	Chordata		Anguilliformes	Ophichthidae	Myrophis	Myrophis punctatus		SPECIES	Myrophis punctatus Lütken, 1852	Myrophis punctatus		US	Tall Range 'C';01/68 - 03/69 and 10/80 - present	Alabama	PRESENT	1	c3ad790a-d426-4ac1-8e32-da61f81f0117	30.2583	-88.2133	370.0						2007-02-12	12	2	2007	2404576	2404576	HUMAN_OBSERVATION	NMFS	CAGES Alabama			ADCNR/GCRL	2007-02-12T00:00:00	CC0_1_0		ADCNR/GCRL			2025-02-01T01:21:48.536Z		GEODETIC_DATUM_INVALID;GEODETIC_DATUM_ASSUMED_WGS84;CONTINENT_DERIVED_FROM_COORDINATES
1314074385	1d39953f-5c1a-4dad-8524-70191eb4fe6c	1100762652	Animalia	Chordata		Anguilliformes	Ophichthidae	Myrophis	Myrophis punctatus		SPECIES	Myrophis punctatus Lütken, 1852	Myrophis punctatus		US	Tall Range 'C';01/68 - 03/69 and 10/80 - present	Alabama	PRESENT	1	c3ad790a-d426-4ac1-8e32-da61f81f0117	30.2583	-88.2133	370.0						2007-02-12	12	2	2007	2404576	2404576	HUMAN_OBSERVATION	NMFS	CAGES Alabama			ADCNR/GCRL	2007-02-12T00:00:00	CC0_1_0		ADCNR/GCRL			2025-02-01T01:21:46.357Z		GEODETIC_DATUM_INVALID;GEODETIC_DATUM_ASSUMED_WGS84;CONTINENT_DERIVED_FROM_COORDINATES
1314074366	1d39953f-5c1a-4dad-8524-70191eb4fe6c	1100762648	Animalia	Chordata		Anguilliformes	Ophichthidae	Myrophis	Myrophis punctatus		SPECIES	Myrophis punctatus Lütken, 1852	Myrophis punctatus		US	Tall Range 'C';01/68 - 03/69 and 10/80 - present	Alabama	PRESENT	1	c3ad790a-d426-4ac1-8e32-da61f81f0117	30.2583	-88.2133	370.0						2007-02-12	12	2	2007	2404576	2404576	HUMAN_OBSERVATION	NMFS	CAGES Alabama			ADCNR/GCRL	2007-02-12T00:00:00	CC0_1_0		ADCNR/GCRL			2025-02-01T01:21:46.357Z		GEODETIC_DATUM_INVALID;GEODETIC_DATUM_ASSUMED_WGS84;CONTINENT_DERIVED_FROM_COORDINATES
1314074361	1d39953f-5c1a-4dad-8524-70191eb4fe6c	1100762649	Animalia	Chordata		Anguilliformes	Ophichthidae	Myrophis	Myrophis punctatus		SPECIES	Myrophis punctatus Lütken, 1852	Myrophis punctatus		US	Tall Range 'C';01/68 - 03/69 and 10/80 - present	Alabama	PRESENT	1	c3ad790a-d426-4ac1-8e32-da61f81f0117	30.2583	-88.2133	370.0						2007-02-12	12	2	2007	2404576	2404576	HUMAN_OBSERVATION	NMFS	CAGES Alabama			ADCNR/GCRL	2007-02-12T00:00:00	CC0_1_0		ADCNR/GCRL			2025-02-01T01:21:48.545Z		GEODETIC_DATUM_INVALID;GEODETIC_DATUM_ASSUMED_WGS84;CONTINENT_DERIVED_FROM_COORDINATES
1271465202	3cdabf9a-99da-4383-b6cc-10afee5fb854	1101385870	Animalia	Chordata		Anguilliformes	Ophichthidae	Myrophis	Myrophis punctatus		SPECIES	Myrophis punctatus Lütken, 1852	Myrophis punctatus	Lütken, 1852	US	Whitewater grid.cell=7 sweep=4	Florida	PRESENT	1	c3ad790a-d426-4ac1-8e32-da61f81f0117	25.2728	-80.9556	15.0				1.26	0.0	2005-10-13T11:52	13	10	2005	2404576	2404576	HUMAN_OBSERVATION	USGS	Fall05	NA		NA		CC0_1_0		USGS			2025-01-31T19:47:14.345Z		GEODETIC_DATUM_INVALID;GEODETIC_DATUM_ASSUMED_WGS84;FOOTPRINT_WKT_INVALID;CONTINENT_DERIVED_FROM_COORDINATES;IDENTIFIED_DATE_INVALID;TYPE_STATUS_INVALID
1271465180	3cdabf9a-99da-4383-b6cc-10afee5fb854	1101385218	Animalia	Chordata		Anguilliformes	Ophichthidae	Myrophis	Myrophis punctatus		SPECIES	Myrophis punctatus Lütken, 1852	Myrophis punctatus	Lütken, 1852	US	Whitewater grid.cell=15 sweep=3	Florida	PRESENT	1	c3ad790a-d426-4ac1-8e32-da61f81f0117	25.290916	-80.980733	15.0				1.96	0.0	2005-10-13T16:46	13	10	2005	2404576	2404576	HUMAN_OBSERVATION	USGS	Fall05	NA		NA		CC0_1_0		USGS			2025-01-31T19:47:12.441Z		GEODETIC_DATUM_INVALID;GEODETIC_DATUM_ASSUMED_WGS84;FOOTPRINT_WKT_INVALID;CONTINENT_DERIVED_FROM_COORDINATES;IDENTIFIED_DATE_INVALID;TYPE_STATUS_INVALID
1271463627	3cdabf9a-99da-4383-b6cc-10afee5fb854	1100887292	Animalia	Chordata		Anguilliformes	Ophichthidae	Myrophis	Myrophis punctatus		SPECIES	Myrophis punctatus Lütken, 1852	Myrophis punctatus	Lütken, 1852	US	Lostmans grid.cell=2 sweep=1	Florida	PRESENT	1	c3ad790a-d426-4ac1-8e32-da61f81f0117	25.523	-81.21025	15.0				1.27	0.0	2005-10-12T10:36	12	10	2005	2404576	2404576	HUMAN_OBSERVATION	USGS	Fall05	NA		NA		CC0_1_0		USGS			2025-01-31T19:47:02.611Z		GEODETIC_DATUM_INVALID;GEODETIC_DATUM_ASSUMED_WGS84;FOOTPRINT_WKT_INVALID;CONTINENT_DERIVED_FROM_COORDINATES;IDENTIFIED_DATE_INVALID;TYPE_STATUS_INVALID
1271463606	3cdabf9a-99da-4383-b6cc-10afee5fb854	1100886968	Animalia	Chordata		Anguilliformes	Ophichthidae	Myrophis	Myrophis punctatus		SPECIES	Myrophis punctatus Lütken, 1852	Myrophis punctatus	Lütken, 1852	US	Johnson grid.cell=28 sweep=3	Florida	PRESENT	1	c3ad790a-d426-4ac1-8e32-da61f81f0117	25.07025	-80.926017	15.0				0.68	0.0	2005-10-04T11:53	4	10	2005	2404576	2404576	HUMAN_OBSERVATION	USGS	Fall05	NA		NA		CC0_1_0		USGS			2025-01-31T19:47:08.464Z		GEODETIC_DATUM_INVALID;GEODETIC_DATUM_ASSUMED_WGS84;FOOTPRINT_WKT_INVALID;CONTINENT_DERIVED_FROM_COORDINATES;IDENTIFIED_DATE_INVALID;TYPE_STATUS_INVALID
