gbifID	datasetKey	occurrenceID	kingdom	phylum	class	order	family	genus	species	infraspecificEpithet	taxonRank	scientificName	verbatimScientificName	verbatimScientificNameAuthorship	countryCode	locality	stateProvince	occurrenceStatus	individualCount	publishingOrgKey	decimalLatitude	decimalLongitude	coordinateUncertaintyInMeters	coordinatePrecision	elevation	elevationAccuracy	depth	depthAccuracy	eventDate	day	month	year	taxonKey	speciesKey	basisOfRecord	institutionCode	collectionCode	catalogNumber	recordNumber	identifiedBy	dateIdentified	license	rightsHolder	recordedBy	typeStatus	establishmentMeans	lastInterpreted	mediaType	issue
5087976755	50c9509d-22c7-4a22-a47d-8c48425ef4a7	https://www.inaturalist.org/observations/264678467	Animalia	Chordata		Perciformes	Eleotridae	Eleotris	Eleotris amblyopsis		SPECIES	Eleotris amblyopsis (Cope, 1871)	Eleotris amblyopsis		US		Florida	PRESENT		28eb1a3f-1c15-4a95-931a-4af90ecb574d	27.987468	-80.410846	29680.0						2025-03-08T13:26:20	8	3	2025	2386119	2386119	HUMAN_OBSERVATION	iNaturalist	Observations	264678467		shawnphoenix	2025-03-09T16:37:58	CC_BY_NC_4_0	shawnphoenix	shawnphoenix			2025-05-30T23:49:45.160Z	StillImage	COORDINATE_ROUNDED;TAXON_MATCH_TAXON_ID_IGNORED
5087903797	50c9509d-22c7-4a22-a47d-8c48425ef4a7	https://www.inaturalist.org/observations/265365216	Animalia	Chordata		Perciformes	Eleotridae	Eleotris	Eleotris amblyopsis		SPECIES	Eleotris amblyopsis (Cope, 1871)	Eleotris amblyopsis		US		Florida	PRESENT		28eb1a3f-1c15-4a95-931a-4af90ecb574d	27.574683	-80.577787	29727.0						2024-03-30T20:12:03	30	3	2024	2386119	2386119	HUMAN_OBSERVATION	iNaturalist	Observations	265365216		James-LaFontaine	2025-03-15T05:14:39	CC_BY_4_0	James-LaFontaine	James-LaFontaine			2025-05-31T00:22:36.969Z	StillImage	COORDINATE_ROUNDED;CONTINENT_DERIVED_FROM_COORDINATES;TAXON_MATCH_TAXON_ID_IGNORED
5087682874	50c9509d-22c7-4a22-a47d-8c48425ef4a7	https://www.inaturalist.org/observations/264677547	Animalia	Chordata		Perciformes	Eleotridae	Eleotris	Eleotris amblyopsis		SPECIES	Eleotris amblyopsis (Cope, 1871)	Eleotris amblyopsis		US		Florida	PRESENT		28eb1a3f-1c15-4a95-931a-4af90ecb574d	27.893608	-80.519914	29680.0						2025-03-08T12:49:48	8	3	2025	2386119	2386119	HUMAN_OBSERVATION	iNaturalist	Observations	264677547		shawnphoenix	2025-03-09T16:32:09	CC_BY_NC_4_0	shawnphoenix	shawnphoenix			2025-05-30T23:23:47.504Z	StillImage	COORDINATE_ROUNDED;CONTINENT_DERIVED_FROM_COORDINATES;TAXON_MATCH_TAXON_ID_IGNORED
5087677938	50c9509d-22c7-4a22-a47d-8c48425ef4a7	https://www.inaturalist.org/observations/264680019	Animalia	Chordata		Perciformes	Eleotridae	Eleotris	Eleotris amblyopsis		SPECIES	Eleotris amblyopsis (Cope, 1871)	Eleotris amblyopsis		US		Florida	PRESENT		28eb1a3f-1c15-4a95-931a-4af90ecb574d	27.99602	-80.481646	29680.0						2025-03-08T14:00:42	8	3	2025	2386119	2386119	HUMAN_OBSERVATION	iNaturalist	Observations	264680019		shawnphoenix	2025-03-09T16:49:31	CC_BY_NC_4_0	shawnphoenix	shawnphoenix			2025-05-30T23:51:47.822Z	StillImage	COORDINATE_ROUNDED;CONTINENT_DERIVED_FROM_COORDINATES;TAXON_MATCH_TAXON_ID_IGNORED
5007354449	50c9509d-22c7-4a22-a47d-8c48425ef4a7	https://www.inaturalist.org/observations/257052291	Animalia	Chordata		Perciformes	Eleotridae	Eleotris	Eleotris amblyopsis		SPECIES	Eleotris amblyopsis (Cope, 1871)	Eleotris amblyopsis		US		Florida	PRESENT		28eb1a3f-1c15-4a95-931a-4af90ecb574d	27.824232	-80.555996	29680.0						2024-09-13T20:42:18	13	9	2024	2386119	2386119	HUMAN_OBSERVATION	iNaturalist	Observations	257052291		Kenneth	2025-01-01T22:33:29	CC_BY_NC_4_0	Kenneth	Kenneth			2025-05-31T00:43:39.410Z	StillImage	COORDINATE_ROUNDED;CONTINENT_DERIVED_FROM_COORDINATES;TAXON_MATCH_TAXON_ID_IGNORED
4994309602	50c9509d-22c7-4a22-a47d-8c48425ef4a7	https://www.inaturalist.org/observations/254331572	Animalia	Chordata		Perciformes	Eleotridae	Eleotris	Eleotris amblyopsis		SPECIES	Eleotris amblyopsis (Cope, 1871)	Eleotris amblyopsis		US		South Carolina	PRESENT		28eb1a3f-1c15-4a95-931a-4af90ecb574d	32.374123	-80.83766	2319.0						2024-12-06T15:20:30	6	12	2024	2386119	2386119	HUMAN_OBSERVATION	iNaturalist	Observations	254331572		Chris Kehrer	2024-12-06T20:39:17	CC_BY_NC_4_0	Chris Kehrer	Chris Kehrer			2025-05-31T00:36:00.109Z	StillImage	COORDINATE_ROUNDED;CONTINENT_DERIVED_FROM_COORDINATES;TAXON_MATCH_TAXON_ID_IGNORED
4993864216	50c9509d-22c7-4a22-a47d-8c48425ef4a7	https://www.inaturalist.org/observations/253303137	Animalia	Chordata		Perciformes	Eleotridae	Eleotris	Eleotris amblyopsis		SPECIES	Eleotris amblyopsis (Cope, 1871)	Eleotris amblyopsis		US		Florida	PRESENT		28eb1a3f-1c15-4a95-931a-4af90ecb574d	27.984308	-80.546047	29680.0						2024-11-26T21:24:42	26	11	2024	2386119	2386119	HUMAN_OBSERVATION	iNaturalist	Observations	253303137		darwinthegreatwhiteshark	2024-11-27T16:58:26	CC_BY_NC_4_0	darwinthegreatwhiteshark	darwinthegreatwhiteshark			2025-05-31T00:25:05.566Z	StillImage	COORDINATE_ROUNDED;CONTINENT_DERIVED_FROM_COORDINATES;TAXON_MATCH_TAXON_ID_IGNORED
4958336709	bf2e3583-b3c3-417a-a2fe-b257bff001cc	2023ICERH2143	Animalia	Chordata		Perciformes	Eleotridae	Eleotris	Eleotris amblyopsis		SPECIES	Eleotris amblyopsis (Cope, 1871)	Eleotris amblyopsis		CR	Caño California		PRESENT	2	0553362c-9393-411f-bec2-116d0c343c4c	10.336457	-83.418959	5000.0						2023-07-19	19	7	2023	2386119	2386119	HUMAN_OBSERVATION							CC_BY_NC_4_0		Franklin Zamora Esquivel; Jorge Leiva Navarro			2025-02-01T00:43:43.460Z		COORDINATE_ROUNDED;GEODETIC_DATUM_ASSUMED_WGS84;COUNTRY_DERIVED_FROM_COORDINATES;CONTINENT_DERIVED_FROM_COORDINATES;OCCURRENCE_STATUS_INFERRED_FROM_INDIVIDUAL_COUNT
4958336687	bf2e3583-b3c3-417a-a2fe-b257bff001cc	2023ICERH2157	Animalia	Chordata		Perciformes	Eleotridae	Eleotris	Eleotris amblyopsis		SPECIES	Eleotris amblyopsis (Cope, 1871)	Eleotris amblyopsis		CR	Jalova		PRESENT	1	0553362c-9393-411f-bec2-116d0c343c4c	10.364515	-83.406419	5000.0						2023-07-19	19	7	2023	2386119	2386119	HUMAN_OBSERVATION							CC_BY_NC_4_0		Franklin Zamora Esquivel; Jorge Leiva Navarro			2025-02-01T00:43:43.459Z		COORDINATE_ROUNDED;GEODETIC_DATUM_ASSUMED_WGS84;COUNTRY_DERIVED_FROM_COORDINATES;CONTINENT_DERIVED_FROM_COORDINATES;OCCURRENCE_STATUS_INFERRED_FROM_INDIVIDUAL_COUNT
4958336653	bf2e3583-b3c3-417a-a2fe-b257bff001cc	2023ICERH2133	Animalia	Chordata		Perciformes	Eleotridae	Eleotris	Eleotris amblyopsis		SPECIES	Eleotris amblyopsis (Cope, 1871)	Eleotris amblyopsis		CR	Caño Blanco		PRESENT	1	0553362c-9393-411f-bec2-116d0c343c4c	10.281789	-83.359219	5000.0						2023-07-18	18	7	2023	2386119	2386119	HUMAN_OBSERVATION							CC_BY_NC_4_0		Franklin Zamora Esquivel; Jorge Leiva Navarro			2025-02-01T00:43:43.456Z		COORDINATE_ROUNDED;GEODETIC_DATUM_ASSUMED_WGS84;COUNTRY_DERIVED_FROM_COORDINATES;CONTINENT_DERIVED_FROM_COORDINATES;OCCURRENCE_STATUS_INFERRED_FROM_INDIVIDUAL_COUNT
4958336577	bf2e3583-b3c3-417a-a2fe-b257bff001cc	2023ICERH2176	Animalia	Chordata		Perciformes	Eleotridae	Eleotris	Eleotris amblyopsis		SPECIES	Eleotris amblyopsis (Cope, 1871)	Eleotris amblyopsis		CR	Los Chorros		PRESENT	2	0553362c-9393-411f-bec2-116d0c343c4c	10.29048	-83.394727	5000.0						2023-09-20	20	9	2023	2386119	2386119	HUMAN_OBSERVATION							CC_BY_NC_4_0		Franklin Zamora Esquivel; Jorge Leiva Navarro			2025-02-01T00:43:43.451Z		COORDINATE_ROUNDED;GEODETIC_DATUM_ASSUMED_WGS84;COUNTRY_DERIVED_FROM_COORDINATES;CONTINENT_DERIVED_FROM_COORDINATES;OCCURRENCE_STATUS_INFERRED_FROM_INDIVIDUAL_COUNT
4958336563	bf2e3583-b3c3-417a-a2fe-b257bff001cc	2023ICERH1704	Animalia	Chordata		Perciformes	Eleotridae	Eleotris	Eleotris amblyopsis		SPECIES	Eleotris amblyopsis (Cope, 1871)	Eleotris amblyopsis		CR	Quebrada Seca		PRESENT	2	0553362c-9393-411f-bec2-116d0c343c4c	10.318117	-83.45471	5000.0						2023-05-15	15	5	2023	2386119	2386119	HUMAN_OBSERVATION							CC_BY_NC_4_0		Franklin Zamora Esquivel; Jorge Leiva Navarro			2025-02-01T00:43:43.450Z		COORDINATE_ROUNDED;GEODETIC_DATUM_ASSUMED_WGS84;COUNTRY_DERIVED_FROM_COORDINATES;CONTINENT_DERIVED_FROM_COORDINATES;OCCURRENCE_STATUS_INFERRED_FROM_INDIVIDUAL_COUNT
4958336532	bf2e3583-b3c3-417a-a2fe-b257bff001cc	2023ICERH1718	Animalia	Chordata		Perciformes	Eleotridae	Eleotris	Eleotris amblyopsis		SPECIES	Eleotris amblyopsis (Cope, 1871)	Eleotris amblyopsis		CR	Confluencia Río Jiménez		PRESENT	1	0553362c-9393-411f-bec2-116d0c343c4c	10.300965	-83.471952	5000.0						2023-05-15	15	5	2023	2386119	2386119	HUMAN_OBSERVATION							CC_BY_NC_4_0		Franklin Zamora Esquivel; Jorge Leiva Navarro			2025-02-01T00:43:43.448Z		COORDINATE_ROUNDED;GEODETIC_DATUM_ASSUMED_WGS84;COUNTRY_DERIVED_FROM_COORDINATES;CONTINENT_DERIVED_FROM_COORDINATES;OCCURRENCE_STATUS_INFERRED_FROM_INDIVIDUAL_COUNT
4958336432	bf2e3583-b3c3-417a-a2fe-b257bff001cc	2023ICERH2226	Animalia	Chordata		Perciformes	Eleotridae	Eleotris	Eleotris amblyopsis		SPECIES	Eleotris amblyopsis (Cope, 1871)	Eleotris amblyopsis		CR	Caño California		PRESENT	3	0553362c-9393-411f-bec2-116d0c343c4c	10.336457	-83.418959	5000.0						2023-09-21	21	9	2023	2386119	2386119	HUMAN_OBSERVATION							CC_BY_NC_4_0		Franklin Zamora Esquivel; Jorge Leiva Navarro			2025-02-01T00:43:43.440Z		COORDINATE_ROUNDED;GEODETIC_DATUM_ASSUMED_WGS84;COUNTRY_DERIVED_FROM_COORDINATES;CONTINENT_DERIVED_FROM_COORDINATES;OCCURRENCE_STATUS_INFERRED_FROM_INDIVIDUAL_COUNT
4958336421	bf2e3583-b3c3-417a-a2fe-b257bff001cc	2023ICERH2238	Animalia	Chordata		Perciformes	Eleotridae	Eleotris	Eleotris amblyopsis		SPECIES	Eleotris amblyopsis (Cope, 1871)	Eleotris amblyopsis		CR	Jalova		PRESENT	1	0553362c-9393-411f-bec2-116d0c343c4c	10.364515	-83.406419	5000.0						2023-09-21	21	9	2023	2386119	2386119	HUMAN_OBSERVATION							CC_BY_NC_4_0		Franklin Zamora Esquivel; Jorge Leiva Navarro			2025-02-01T00:43:43.439Z		COORDINATE_ROUNDED;GEODETIC_DATUM_ASSUMED_WGS84;COUNTRY_DERIVED_FROM_COORDINATES;CONTINENT_DERIVED_FROM_COORDINATES;OCCURRENCE_STATUS_INFERRED_FROM_INDIVIDUAL_COUNT
4958336405	bf2e3583-b3c3-417a-a2fe-b257bff001cc	2023ICERH2214	Animalia	Chordata		Perciformes	Eleotridae	Eleotris	Eleotris amblyopsis		SPECIES	Eleotris amblyopsis (Cope, 1871)	Eleotris amblyopsis		CR	Caño Blanco		PRESENT	6	0553362c-9393-411f-bec2-116d0c343c4c	10.281789	-83.359219	5000.0						2023-09-20	20	9	2023	2386119	2386119	HUMAN_OBSERVATION							CC_BY_NC_4_0		Franklin Zamora Esquivel; Jorge Leiva Navarro			2025-02-01T00:43:43.438Z		COORDINATE_ROUNDED;GEODETIC_DATUM_ASSUMED_WGS84;COUNTRY_DERIVED_FROM_COORDINATES;CONTINENT_DERIVED_FROM_COORDINATES;OCCURRENCE_STATUS_INFERRED_FROM_INDIVIDUAL_COUNT
4958336287	bf2e3583-b3c3-417a-a2fe-b257bff001cc	2023ICERH1810	Animalia	Chordata		Perciformes	Eleotridae	Eleotris	Eleotris amblyopsis		SPECIES	Eleotris amblyopsis (Cope, 1871)	Eleotris amblyopsis		CR	Quebrada Seca		PRESENT	3	0553362c-9393-411f-bec2-116d0c343c4c	10.318117	-83.45471	5000.0						2023-07-13	13	7	2023	2386119	2386119	HUMAN_OBSERVATION							CC_BY_NC_4_0		Franklin Zamora Esquivel; Jorge Leiva Navarro			2025-02-01T00:43:43.420Z		COORDINATE_ROUNDED;GEODETIC_DATUM_ASSUMED_WGS84;COUNTRY_DERIVED_FROM_COORDINATES;CONTINENT_DERIVED_FROM_COORDINATES;OCCURRENCE_STATUS_INFERRED_FROM_INDIVIDUAL_COUNT
4958335897	bf2e3583-b3c3-417a-a2fe-b257bff001cc	2023ICERH1901	Animalia	Chordata		Perciformes	Eleotridae	Eleotris	Eleotris amblyopsis		SPECIES	Eleotris amblyopsis (Cope, 1871)	Eleotris amblyopsis		CR	Muelle Silencio		PRESENT	1	0553362c-9393-411f-bec2-116d0c343c4c	10.246118	-83.510519	5000.0						2023-09-25	25	9	2023	2386119	2386119	HUMAN_OBSERVATION							CC_BY_NC_4_0		Franklin Zamora Esquivel; Jorge Leiva Navarro			2025-02-01T00:43:43.380Z		COORDINATE_ROUNDED;GEODETIC_DATUM_ASSUMED_WGS84;COUNTRY_DERIVED_FROM_COORDINATES;CONTINENT_DERIVED_FROM_COORDINATES;OCCURRENCE_STATUS_INFERRED_FROM_INDIVIDUAL_COUNT
4958333760	bf2e3583-b3c3-417a-a2fe-b257bff001cc	2023ICERH2036	Animalia	Chordata		Perciformes	Eleotridae	Eleotris	Eleotris amblyopsis		SPECIES	Eleotris amblyopsis (Cope, 1871)	Eleotris amblyopsis		CR	Caño California		PRESENT	9	0553362c-9393-411f-bec2-116d0c343c4c	10.336457	-83.418959	5000.0						2023-04-24	24	4	2023	2386119	2386119	HUMAN_OBSERVATION							CC_BY_NC_4_0		Franklin Zamora Esquivel; Jorge Leiva Navarro			2025-02-01T00:43:43.078Z		COORDINATE_ROUNDED;GEODETIC_DATUM_ASSUMED_WGS84;COUNTRY_DERIVED_FROM_COORDINATES;CONTINENT_DERIVED_FROM_COORDINATES;OCCURRENCE_STATUS_INFERRED_FROM_INDIVIDUAL_COUNT
4958333707	bf2e3583-b3c3-417a-a2fe-b257bff001cc	2023ICERH2020	Animalia	Chordata		Perciformes	Eleotridae	Eleotris	Eleotris amblyopsis		SPECIES	Eleotris amblyopsis (Cope, 1871)	Eleotris amblyopsis		CR	Jalova		PRESENT	1	0553362c-9393-411f-bec2-116d0c343c4c	10.364515	-83.406419	5000.0						2023-02-02	2	2	2023	2386119	2386119	HUMAN_OBSERVATION							CC_BY_NC_4_0		Franklin Zamora Esquivel; Jorge Leiva Navarro			2025-02-01T00:43:43.068Z		COORDINATE_ROUNDED;GEODETIC_DATUM_ASSUMED_WGS84;COUNTRY_DERIVED_FROM_COORDINATES;CONTINENT_DERIVED_FROM_COORDINATES;OCCURRENCE_STATUS_INFERRED_FROM_INDIVIDUAL_COUNT
4958333642	bf2e3583-b3c3-417a-a2fe-b257bff001cc	2023ICERH2086	Animalia	Chordata		Perciformes	Eleotridae	Eleotris	Eleotris amblyopsis		SPECIES	Eleotris amblyopsis (Cope, 1871)	Eleotris amblyopsis		CR	Confluencia Parismina		PRESENT	1	0553362c-9393-411f-bec2-116d0c343c4c	10.282743	-83.427911	5000.0						2023-04-25	25	4	2023	2386119	2386119	HUMAN_OBSERVATION							CC_BY_NC_4_0		Franklin Zamora Esquivel; Jorge Leiva Navarro			2025-02-01T00:43:43.053Z		COORDINATE_ROUNDED;GEODETIC_DATUM_ASSUMED_WGS84;COUNTRY_DERIVED_FROM_COORDINATES;CONTINENT_DERIVED_FROM_COORDINATES;OCCURRENCE_STATUS_INFERRED_FROM_INDIVIDUAL_COUNT
4958333628	bf2e3583-b3c3-417a-a2fe-b257bff001cc	2023ICERH2050	Animalia	Chordata		Perciformes	Eleotridae	Eleotris	Eleotris amblyopsis		SPECIES	Eleotris amblyopsis (Cope, 1871)	Eleotris amblyopsis		CR	Jalova		PRESENT	3	0553362c-9393-411f-bec2-116d0c343c4c	10.364515	-83.406419	5000.0						2023-04-24	24	4	2023	2386119	2386119	HUMAN_OBSERVATION							CC_BY_NC_4_0		Franklin Zamora Esquivel; Jorge Leiva Navarro			2025-02-01T00:43:43.046Z		COORDINATE_ROUNDED;GEODETIC_DATUM_ASSUMED_WGS84;COUNTRY_DERIVED_FROM_COORDINATES;CONTINENT_DERIVED_FROM_COORDINATES;OCCURRENCE_STATUS_INFERRED_FROM_INDIVIDUAL_COUNT
4958333566	bf2e3583-b3c3-417a-a2fe-b257bff001cc	2023ICERH2098	Animalia	Chordata		Perciformes	Eleotridae	Eleotris	Eleotris amblyopsis		SPECIES	Eleotris amblyopsis (Cope, 1871)	Eleotris amblyopsis		CR	Caño Blanco		PRESENT	1	0553362c-9393-411f-bec2-116d0c343c4c	10.281789	-83.359219	5000.0						2023-04-25	25	4	2023	2386119	2386119	HUMAN_OBSERVATION							CC_BY_NC_4_0		Franklin Zamora Esquivel; Jorge Leiva Navarro			2025-02-01T00:43:43.021Z		COORDINATE_ROUNDED;GEODETIC_DATUM_ASSUMED_WGS84;COUNTRY_DERIVED_FROM_COORDINATES;CONTINENT_DERIVED_FROM_COORDINATES;OCCURRENCE_STATUS_INFERRED_FROM_INDIVIDUAL_COUNT
4952576273	50c9509d-22c7-4a22-a47d-8c48425ef4a7	https://www.inaturalist.org/observations/244607401	Animalia	Chordata		Perciformes	Eleotridae	Eleotris	Eleotris amblyopsis		SPECIES	Eleotris amblyopsis (Cope, 1871)	Eleotris amblyopsis		CR		Limón	PRESENT		28eb1a3f-1c15-4a95-931a-4af90ecb574d	10.541387	-83.509822	1123.0						2012-08-05T06:20	5	8	2012	2386119	2386119	HUMAN_OBSERVATION	iNaturalist	Observations	244607401		Jo Jiménez	2024-10-02T02:03:45	CC_BY_NC_4_0	Fabián A. Sibaja Araya	Fabián A. Sibaja Araya			2025-05-31T00:11:19.597Z	StillImage	COORDINATE_ROUNDED;CONTINENT_DERIVED_FROM_COORDINATES;TAXON_MATCH_TAXON_ID_IGNORED
4923897714	50c9509d-22c7-4a22-a47d-8c48425ef4a7	https://www.inaturalist.org/observations/36743389	Animalia	Chordata		Perciformes	Eleotridae	Eleotris	Eleotris amblyopsis		SPECIES	Eleotris amblyopsis (Cope, 1871)	Eleotris amblyopsis		NI		Atlántico Sur	PRESENT		28eb1a3f-1c15-4a95-931a-4af90ecb574d	11.565043	-83.815141	7813.0						2014-04-05T15:45	5	4	2014	2386119	2386119	HUMAN_OBSERVATION	iNaturalist	Observations	36743389		Jo Jiménez	2024-08-12T22:48:55	CC_BY_NC_4_0	Eric van den Berghe	Eric van den Berghe			2025-05-30T23:03:54.332Z	StillImage	COORDINATE_ROUNDED;CONTINENT_DERIVED_FROM_COORDINATES;TAXON_MATCH_TAXON_ID_IGNORED
4870037381	038f4398-50d3-4643-86f3-a0dceba96125	Invemar:ExpedicionBIOTukakas:Observ_PEC_41:EBTP23-42	Animalia	Chordata		Perciformes	Eleotridae	Eleotris	Eleotris amblyopsis		SPECIES	Eleotris amblyopsis (Cope, 1871)	Eleotris amblyopsis	(Cope, 1871)	CO	Canal de acceso a la bahía Tukakas. Área 4 - Praderas de pastos marinos	La Guajira	PRESENT	1	f072f648-b8a4-47a0-9e1c-89d790645b5a	11.91322	-71.29018	30.0				1.1	0.4	2023-04-27	27	4	2023	2386119	2386119	HUMAN_OBSERVATION	Instituto de Investigaciones Marinas y Costeras José Benito Vives de Andreis (INVEMAR)			41 | EBTP23-42	Arturo Acero Pizarro;Natalia Rivas Escobar;Alejandro Rodriguez Sanchez	2023-04-27T00:00:00	CC_BY_NC_4_0	INVEMAR	Natalia Rivas Escobar			2025-01-31T17:08:52.646Z		
4853105113	50c9509d-22c7-4a22-a47d-8c48425ef4a7	https://www.inaturalist.org/observations/209590939	Animalia	Chordata		Perciformes	Eleotridae	Eleotris	Eleotris amblyopsis		SPECIES	Eleotris amblyopsis (Cope, 1871)	Eleotris amblyopsis		US		Mississippi	PRESENT		28eb1a3f-1c15-4a95-931a-4af90ecb574d	30.439715	-88.619423	300.0						2020-10-12T18:08	12	10	2020	2386119	2386119	HUMAN_OBSERVATION	iNaturalist	Observations	209590939		Noah Daun	2024-04-26T14:52:56	CC_BY_NC_4_0	Noah Daun	Noah Daun			2025-05-31T01:18:07.423Z	StillImage	COORDINATE_ROUNDED;CONTINENT_DERIVED_FROM_COORDINATES;TAXON_MATCH_TAXON_ID_IGNORED
4458722126	50c9509d-22c7-4a22-a47d-8c48425ef4a7	https://www.inaturalist.org/observations/193004822	Animalia	Chordata		Perciformes	Eleotridae	Eleotris	Eleotris amblyopsis		SPECIES	Eleotris amblyopsis (Cope, 1871)	Eleotris amblyopsis		US		Florida	PRESENT		28eb1a3f-1c15-4a95-931a-4af90ecb574d	27.944052	-80.50184	29680.0						2023-11-03T02:45:15	3	11	2023	2386119	2386119	HUMAN_OBSERVATION	iNaturalist	Observations	193004822		bgmooaz123	2023-12-04T04:17:48	CC_BY_NC_4_0	bgmooaz123	bgmooaz123			2025-05-30T23:12:28.716Z	StillImage	COORDINATE_ROUNDED;CONTINENT_DERIVED_FROM_COORDINATES;TAXON_MATCH_TAXON_ID_IGNORED
4453761535	50c9509d-22c7-4a22-a47d-8c48425ef4a7	https://www.inaturalist.org/observations/191725462	Animalia	Chordata		Perciformes	Eleotridae	Eleotris	Eleotris amblyopsis		SPECIES	Eleotris amblyopsis (Cope, 1871)	Eleotris amblyopsis		GP		Basse-Terre	PRESENT		28eb1a3f-1c15-4a95-931a-4af90ecb574d	16.325705	-61.784316	2353.0						2023-11-21T21:01:04	21	11	2023	2386119	2386119	HUMAN_OBSERVATION	iNaturalist	Observations	191725462		Alexis Desmarais	2023-11-22T02:02:14	CC_BY_NC_4_0	Alexis Desmarais	Alexis Desmarais			2025-05-30T22:32:21.825Z	StillImage	COORDINATE_ROUNDED;CONTINENT_DERIVED_FROM_COORDINATES;TAXON_MATCH_TAXON_ID_IGNORED
4430476843	50c9509d-22c7-4a22-a47d-8c48425ef4a7	https://www.inaturalist.org/observations/177100185	Animalia	Chordata		Perciformes	Eleotridae	Eleotris	Eleotris amblyopsis		SPECIES	Eleotris amblyopsis (Cope, 1871)	Eleotris amblyopsis		GP		Pointe-à-Pitre	PRESENT		28eb1a3f-1c15-4a95-931a-4af90ecb574d	16.219461	-61.50532	8.0						2023-07-25T22:11:34	25	7	2023	2386119	2386119	HUMAN_OBSERVATION	iNaturalist	Observations	177100185		Jérémy Delolme	2023-08-07T02:09:02	CC_BY_NC_4_0	Jérémy Delolme	Jérémy Delolme			2025-05-30T23:56:21.732Z	StillImage	COORDINATE_ROUNDED;CONTINENT_DERIVED_FROM_COORDINATES;TAXON_MATCH_TAXON_ID_IGNORED
4076320664	50c9509d-22c7-4a22-a47d-8c48425ef4a7	https://www.inaturalist.org/observations/152469990	Animalia	Chordata		Perciformes	Eleotridae	Eleotris	Eleotris amblyopsis		SPECIES	Eleotris amblyopsis (Cope, 1871)	Eleotris amblyopsis		US		Florida	PRESENT		28eb1a3f-1c15-4a95-931a-4af90ecb574d	29.01767	-81.151324	29533.0						2023-03-26T22:00:49	26	3	2023	2386119	2386119	HUMAN_OBSERVATION	iNaturalist	Observations	152469990		prickly_sculpin	2023-03-27T04:20:24	CC_BY_NC_4_0	prickly_sculpin	prickly_sculpin			2025-05-31T00:07:42.214Z		COORDINATE_ROUNDED;CONTINENT_DERIVED_FROM_COORDINATES;TAXON_MATCH_TAXON_ID_IGNORED
4028717436	50c9509d-22c7-4a22-a47d-8c48425ef4a7	https://www.inaturalist.org/observations/83886197	Animalia	Chordata		Perciformes	Eleotridae	Eleotris	Eleotris amblyopsis		SPECIES	Eleotris amblyopsis (Cope, 1871)	Eleotris amblyopsis		US		North Carolina	PRESENT		28eb1a3f-1c15-4a95-931a-4af90ecb574d	34.706976	-76.661063	28790.0						2021-06-12	12	6	2021	2386119	2386119	HUMAN_OBSERVATION	iNaturalist	Observations	83886197		sercfisheries	2021-06-21T02:29:25	CC_BY_NC_4_0	sercfisheries	sercfisheries			2025-05-30T23:14:22.340Z	StillImage	COORDINATE_ROUNDED;CONTINENT_DERIVED_FROM_COORDINATES;TAXON_MATCH_TAXON_ID_IGNORED
4028698196	50c9509d-22c7-4a22-a47d-8c48425ef4a7	https://www.inaturalist.org/observations/147495723	Animalia	Chordata		Perciformes	Eleotridae	Eleotris	Eleotris amblyopsis		SPECIES	Eleotris amblyopsis (Cope, 1871)	Eleotris amblyopsis		US		Florida	PRESENT		28eb1a3f-1c15-4a95-931a-4af90ecb574d	26.332171	-80.163807	29868.0						2023-01-27T12:34:49	27	1	2023	2386119	2386119	HUMAN_OBSERVATION	iNaturalist	Observations	147495723		Jacob Jones	2023-01-28T01:14:56	CC_BY_NC_4_0	Jacob Jones	Jacob Jones			2025-05-31T00:58:46.787Z	StillImage	COORDINATE_ROUNDED;CONTINENT_DERIVED_FROM_COORDINATES;TAXON_MATCH_TAXON_ID_IGNORED
4022094717	50c9509d-22c7-4a22-a47d-8c48425ef4a7	https://www.inaturalist.org/observations/137941950	Animalia	Chordata		Perciformes	Eleotridae	Eleotris	Eleotris amblyopsis		SPECIES	Eleotris amblyopsis (Cope, 1871)	Eleotris amblyopsis		HN		Atlántida	PRESENT		28eb1a3f-1c15-4a95-931a-4af90ecb574d	15.770497	-86.824472	2.0						2022-10-07T20:34	7	10	2022	2386119	2386119	HUMAN_OBSERVATION	iNaturalist	Observations	137941950		Spencer Lott	2023-01-21T18:47:31	CC_BY_NC_4_0	Josue Ramos Galdamez	Josue Ramos Galdamez			2025-05-30T22:39:27.211Z	StillImage	COORDINATE_ROUNDED;CONTINENT_DERIVED_FROM_COORDINATES;TAXON_MATCH_TAXON_ID_IGNORED
4022024742	50c9509d-22c7-4a22-a47d-8c48425ef4a7	https://www.inaturalist.org/observations/142641992	Animalia	Chordata		Perciformes	Eleotridae	Eleotris	Eleotris amblyopsis		SPECIES	Eleotris amblyopsis (Cope, 1871)	Eleotris amblyopsis		MX		Quintana Roo	PRESENT		28eb1a3f-1c15-4a95-931a-4af90ecb574d	20.232671	-87.418425	97.0						2022-11-21T13:52:33	21	11	2022	2386119	2386119	HUMAN_OBSERVATION	iNaturalist	Observations	142641992		Spencer Lott	2023-01-21T00:49:05	CC_BY_NC_4_0	Christian Verde	Christian Verde			2025-05-30T22:39:50.308Z	StillImage	COORDINATE_ROUNDED;CONTINENT_DERIVED_FROM_COORDINATES;TAXON_MATCH_TAXON_ID_IGNORED
3994090241	50c9509d-22c7-4a22-a47d-8c48425ef4a7	https://www.inaturalist.org/observations/144261380	Animalia	Chordata		Perciformes	Eleotridae	Eleotris	Eleotris amblyopsis		SPECIES	Eleotris amblyopsis (Cope, 1871)	Eleotris amblyopsis		US		Florida	PRESENT		28eb1a3f-1c15-4a95-931a-4af90ecb574d	27.8032	-80.408408	29680.0						2022-12-12T17:48:41	12	12	2022	2386119	2386119	HUMAN_OBSERVATION	iNaturalist	Observations	144261380		Jacob	2022-12-13T00:34:02	CC_BY_NC_4_0	Bradley Rasmussen	Bradley Rasmussen			2025-05-30T22:59:06.479Z	StillImage	COORDINATE_ROUNDED;CONTINENT_DERIVED_FROM_COORDINATES;TAXON_MATCH_TAXON_ID_IGNORED
3923432376	50c9509d-22c7-4a22-a47d-8c48425ef4a7	https://www.inaturalist.org/observations/68697646	Animalia	Chordata		Perciformes	Eleotridae	Eleotris	Eleotris amblyopsis		SPECIES	Eleotris amblyopsis (Cope, 1871)	Eleotris amblyopsis		NI		Atlántico Sur	PRESENT		28eb1a3f-1c15-4a95-931a-4af90ecb574d	11.64959	-84.226595	122.0						2014-04-06T19:58	6	4	2014	2386119	2386119	HUMAN_OBSERVATION	iNaturalist	Observations	68697646		Eric van den Berghe	2022-09-28T10:55:36	CC_BY_NC_4_0	Eric van den Berghe	Eric van den Berghe			2025-05-30T22:29:24.681Z	StillImage	COORDINATE_ROUNDED;CONTINENT_DERIVED_FROM_COORDINATES;TAXON_MATCH_TAXON_ID_IGNORED
3337493755	50c9509d-22c7-4a22-a47d-8c48425ef4a7	https://www.inaturalist.org/observations/90405001	Animalia	Chordata		Perciformes	Eleotridae	Eleotris	Eleotris amblyopsis		SPECIES	Eleotris amblyopsis (Cope, 1871)	Eleotris amblyopsis		US		Florida	PRESENT		28eb1a3f-1c15-4a95-931a-4af90ecb574d	29.860037	-81.210504	29433.0						2021-08-08T00:51:19	8	8	2021	2386119	2386119	HUMAN_OBSERVATION	iNaturalist	Observations	90405001		Jacob Jones	2021-08-08T15:50:00	CC_BY_NC_4_0	Jacob Jones	Jacob Jones			2025-05-30T23:04:45.627Z	StillImage	COORDINATE_ROUNDED;TAXON_MATCH_TAXON_ID_IGNORED
3301972450	50c9509d-22c7-4a22-a47d-8c48425ef4a7	https://www.inaturalist.org/observations/63165007	Animalia	Chordata		Perciformes	Eleotridae	Eleotris	Eleotris amblyopsis		SPECIES	Eleotris amblyopsis (Cope, 1871)	Eleotris amblyopsis		US		North Carolina	PRESENT		28eb1a3f-1c15-4a95-931a-4af90ecb574d	35.104825	-75.988853	4.0						2020-10-21T09:38:47	21	10	2020	2386119	2386119	HUMAN_OBSERVATION	iNaturalist	Observations	63165007		Ashwin Srinivasan	2021-05-26T04:48:52	CC_BY_NC_4_0	psjohnson77	psjohnson77			2025-05-30T22:45:05.483Z	StillImage	COORDINATE_ROUNDED;CONTINENT_DERIVED_FROM_COORDINATES;TAXON_MATCH_TAXON_ID_IGNORED
3073303953	f946666e-67dc-4848-9fa8-2162f3559e33	BDBB97C0-CE47-5045-E053-0514A8C038C7	Animalia	Chordata		Perciformes	Eleotridae	Eleotris	Eleotris amblyopsis		SPECIES	Eleotris amblyopsis (Cope, 1871)	Eleotris amblyopsis (Cope, 1871)		GF		Guyane française	PRESENT		1928bdf0-f5d2-11dc-8c12-b8a03c50a862	5.14537	-52.65795	5000.0						2012			2012	2386119	2386119	HUMAN_OBSERVATION	UMS PatriNat						CC_BY_4_0		Covain R., Fisch-Muller S., Jégu M., Keith P., Le Bail P-Y., Vigouroux R.			2025-02-02T10:58:32.368Z		GEODETIC_DATUM_ASSUMED_WGS84;COUNTRY_MISMATCH;CONTINENT_DERIVED_FROM_COORDINATES;TAXON_MATCH_TAXON_ID_IGNORED
2992823393	50c9509d-22c7-4a22-a47d-8c48425ef4a7	https://www.inaturalist.org/observations/27948081	Animalia	Chordata		Perciformes	Eleotridae	Eleotris	Eleotris amblyopsis		SPECIES	Eleotris amblyopsis (Cope, 1871)	Eleotris amblyopsis		US		Alabama	PRESENT		28eb1a3f-1c15-4a95-931a-4af90ecb574d	30.247647	-88.125044	5.0						2019-06-29T15:33:50	29	6	2019	2386119	2386119	HUMAN_OBSERVATION	iNaturalist	Observations	27948081		species_spotlight	2020-10-01T17:18:58	CC_BY_NC_4_0	Howard Horne	Howard Horne			2025-05-31T00:07:00.003Z	StillImage	COORDINATE_ROUNDED;CONTINENT_DERIVED_FROM_COORDINATES;TAXON_MATCH_TAXON_ID_IGNORED
2873754392	50c9509d-22c7-4a22-a47d-8c48425ef4a7	https://www.inaturalist.org/observations/52111020	Animalia	Chordata		Perciformes	Eleotridae	Eleotris	Eleotris amblyopsis		SPECIES	Eleotris amblyopsis (Cope, 1871)	Eleotris amblyopsis		US		Florida	PRESENT		28eb1a3f-1c15-4a95-931a-4af90ecb574d	27.842001	-80.4504	4280.0						2020-06-01T11:32:07	1	6	2020	2386119	2386119	HUMAN_OBSERVATION	iNaturalist	Observations	52111020		Magnus	2020-07-06T03:21:48	CC_BY_NC_4_0	Magnus	Magnus			2025-05-31T00:53:21.183Z	StillImage	COORDINATE_ROUNDED;CONTINENT_DERIVED_FROM_COORDINATES;TAXON_MATCH_TAXON_ID_IGNORED
2860082718	50c9509d-22c7-4a22-a47d-8c48425ef4a7	https://www.inaturalist.org/observations/57886449	Animalia	Chordata		Perciformes	Eleotridae	Eleotris	Eleotris amblyopsis		SPECIES	Eleotris amblyopsis (Cope, 1871)	Eleotris amblyopsis		US		Louisiana	PRESENT		28eb1a3f-1c15-4a95-931a-4af90ecb574d	29.128431	-89.192588	5.0						2020-08-28T11:54:02	28	8	2020	2386119	2386119	HUMAN_OBSERVATION	iNaturalist	Observations	57886449		Edward Hicks	2020-08-29T02:44:01	CC_BY_4_0	eamonccorbett	eamonccorbett			2025-05-30T23:31:07.976Z	StillImage	COORDINATE_ROUNDED;CONTINENT_DERIVED_FROM_COORDINATES;TAXON_MATCH_TAXON_ID_IGNORED
2826384741	50c9509d-22c7-4a22-a47d-8c48425ef4a7	https://www.inaturalist.org/observations/54116533	Animalia	Chordata		Perciformes	Eleotridae	Eleotris	Eleotris amblyopsis		SPECIES	Eleotris amblyopsis (Cope, 1871)	Eleotris amblyopsis		US		North Carolina	PRESENT		28eb1a3f-1c15-4a95-931a-4af90ecb574d	34.72149	-76.779532	488.0						2020-07-23T14:21	23	7	2020	2386119	2386119	HUMAN_OBSERVATION	iNaturalist	Observations	54116533		Fletcher Stone	2020-07-24T01:26:16	CC_BY_NC_4_0	Fletcher Stone	Fletcher Stone			2025-05-30T23:29:37.147Z	StillImage	COORDINATE_ROUNDED;CONTINENT_DERIVED_FROM_COORDINATES;TAXON_MATCH_TAXON_ID_IGNORED
2823137370	50c9509d-22c7-4a22-a47d-8c48425ef4a7	https://www.inaturalist.org/observations/36743381	Animalia	Chordata		Perciformes	Eleotridae	Eleotris	Eleotris amblyopsis		SPECIES	Eleotris amblyopsis (Cope, 1871)	Eleotris amblyopsis		NI		Atlántico Sur	PRESENT		28eb1a3f-1c15-4a95-931a-4af90ecb574d	11.4827	-83.864114	488.0						2014-04-06T19:58	6	4	2014	2386119	2386119	HUMAN_OBSERVATION	iNaturalist	Observations	36743381		Juan Miguel Artigas Azas	2021-12-01T16:14:16	CC_BY_NC_4_0	Eric van den Berghe	Eric van den Berghe			2025-05-31T00:51:31.760Z	StillImage	COORDINATE_ROUNDED;CONTINENT_DERIVED_FROM_COORDINATES;TAXON_MATCH_TAXON_ID_IGNORED
2596086824	50c9509d-22c7-4a22-a47d-8c48425ef4a7	https://www.inaturalist.org/observations/28837543	Animalia	Chordata		Perciformes	Eleotridae	Eleotris	Eleotris amblyopsis		SPECIES	Eleotris amblyopsis (Cope, 1871)	Eleotris amblyopsis		US		Florida	PRESENT		28eb1a3f-1c15-4a95-931a-4af90ecb574d	27.855298	-80.485432	1052.0						2019-03-14T12:30	14	3	2019	2386119	2386119	HUMAN_OBSERVATION	iNaturalist	Observations	28837543		Magnus	2019-07-15T00:46:03	CC_BY_NC_4_0	Magnus	Magnus			2025-05-30T23:25:10.404Z	StillImage	COORDINATE_ROUNDED;CONTINENT_DERIVED_FROM_COORDINATES;TAXON_MATCH_TAXON_ID_IGNORED
2465325830	50c9509d-22c7-4a22-a47d-8c48425ef4a7	https://www.inaturalist.org/observations/34892977	Animalia	Chordata		Perciformes	Eleotridae	Eleotris	Eleotris amblyopsis		SPECIES	Eleotris amblyopsis (Cope, 1871)	Eleotris amblyopsis		US		Florida	PRESENT		28eb1a3f-1c15-4a95-931a-4af90ecb574d	27.83828	-80.497912	526.0						2019-07-11T02:18	11	7	2019	2386119	2386119	HUMAN_OBSERVATION	iNaturalist	Observations	34892977		Magnus	2019-10-26T00:18:51	CC_BY_NC_4_0	Magnus	Magnus			2025-05-31T00:00:46.471Z	StillImage	COORDINATE_ROUNDED;CONTINENT_DERIVED_FROM_COORDINATES;TAXON_MATCH_TAXON_ID_IGNORED
1945472855	50c9509d-22c7-4a22-a47d-8c48425ef4a7	http://www.inaturalist.org/observations/2163574	Animalia	Chordata		Perciformes	Eleotridae	Eleotris	Eleotris amblyopsis		SPECIES	Eleotris amblyopsis (Cope, 1871)	Eleotris amblyopsis		US		South Carolina	PRESENT		28eb1a3f-1c15-4a95-931a-4af90ecb574d	32.577941	-80.179321	20.0						2015-10-08T16:58:07	8	10	2015	2386119	2386119	HUMAN_OBSERVATION	iNaturalist	Observations	2163574		David Gardner	2015-10-17T17:51:08	CC_BY_NC_4_0	David Gardner	David Gardner			2025-05-30T23:03:25.413Z	StillImage	CONTINENT_DERIVED_FROM_COORDINATES;TAXON_MATCH_TAXON_ID_IGNORED
