"","Achirus lineatus","Alpheus heterochaelis","Anchoa mitchilli","Archosargus probatocephalus","Ariopsis felis","Armases americanum","Armases benedicti","Armases cinereum","Bagre marinus","Bairdiella chrysoura","Bathygobius soporator","Callinectes sapidus","Callinectes similis","Citharichthys spilopterus","Clibanarius vittatus","Crassostrea virginica","Ctenogobius boleosoma","Ctenogobius shufeldti","Cynoscion arenarius","Cynoscion nebulosus","Cyprinodon variegatus","Dormitator maculatus","Eleotris amblyopsis","Eucinostomus argenteus","Eucinostomus melanopterus","Eurytium limosum","Evorthodus lyricus","Fundulus grandis","Fundulus jenkinsi","Fundulus pulvereus","Fundulus similis","Fundulus xenicus","Gobionellus oceanicus","Gobiosoma bosc","Lagodon rhomboides","Leiostomus xanthurus","Littoraria irrorata","Lucania parva","Lutjanus griseus","Menidia beryllina","Micropogonias undulatus","Minuca spp.","Mugil cephalus","Mugil curema","Myrophis punctatus","Negaprion brevirostris","Neverita delessertiana","Opsanus beta","Pachygrapsus gracilis","Pagurus armatus","Pagurus longicarpus","Palaemon spp.","Panopeus spp.","Paralichthys lethostigma","Penaeus aztecus","Penaeus duorarum","Penaeus setiferus","Petrolisthes armatus","Phrontis vibex","Poecilia latipinna","Pogonias cromis","Probopyrus pandalicola","Rhithropanopeus harrisii","Sciaenops ocellatus","Sesarma reticulatum","Solenosteira cancellaria","Symphurus plagiusa","Syngnathus louisianae","Syngnathus scovelli","Trinectes maculatus","Urosalpinx cinerea","SampleID","mean_sti","mean_sti_2.5","Year","mean_sti_range"
"1",0,0,0,0,0,0,0,0,0,0,0,0,0,0,0,0,0,0,0,0,0,0,0,0,0,0,0,0,0,0,0,0,0,0,0,0,0,0,0,0,0,4,0,2,0,0,0,0,0,0,0,6,0,0,5,0,2,0,0,0,0,0,0,0,0,0,0,0,0,0,0,"1",4.45238412940052,-5.21065801319323,"2016",20.5684208945224
"2",0,0,0,0,0,0,0,0,0,0,0,7,0,0,0,0,1,0,0,0,0,0,0,0,0,0,0,2,0,0,0,1,0,0,0,0,0,0,0,4,0,7,0,0,0,0,0,0,0,0,0,19,0,0,5,0,6,0,0,0,0,0,0,0,0,0,0,0,0,0,0,"2",3.59590620223636,-6.26235589018235,"2016",21.3387979855904
"3",0,0,0,0,0,0,0,0,0,0,0,9,0,0,0,0,0,0,0,0,0,0,0,0,0,0,0,1,0,0,0,0,0,0,0,0,0,0,0,0,0,47,0,0,0,0,0,0,0,0,0,4,0,0,2,0,10,0,0,0,1,0,0,0,0,0,0,0,0,0,0,"3",5.70883985556917,0.483716157320383,"2016",11.6851014633436
"4",0,0,0,0,0,0,0,0,0,0,0,17,0,0,0,0,7,0,0,0,0,0,0,0,0,0,0,1,0,0,0,0,0,2,0,0,0,0,0,0,0,44,0,1,0,0,0,0,0,0,0,57,0,0,10,0,170,0,0,0,0,0,0,0,1,0,0,0,0,0,0,"4",3.9751481417331,-4.85561299389409,"2016",17.3704435798814
"5",0,0,0,0,0,0,0,0,0,0,0,31,0,0,0,0,0,0,0,0,0,0,1,0,0,0,7,2,0,0,0,0,0,0,0,0,0,0,0,2,0,37,0,0,1,0,0,0,0,0,0,222,1,0,8,0,130,0,0,4,0,0,0,0,0,0,0,0,0,0,0,"5",2.91867427496931,-7.46362120947496,"2016",21.7525224143881
"6",0,0,0,0,0,0,0,0,0,0,0,16,0,0,0,0,6,0,0,0,0,0,0,0,0,1,1,2,0,0,0,2,0,0,0,0,0,0,0,0,0,9,0,0,0,0,0,1,0,0,0,207,6,0,8,0,25,0,0,0,0,0,0,0,3,0,0,0,0,0,0,"6",2.23361752010167,-9.39471270476276,"2016",24.9242595114671
"7",0,0,0,0,0,0,0,0,0,0,0,40,0,0,0,0,1,0,0,2,0,0,0,0,0,0,0,0,0,0,0,0,0,0,0,0,0,0,0,0,0,0,0,3,0,0,0,0,0,0,0,59,0,0,13,0,95,0,0,0,0,0,0,0,0,0,0,0,0,0,0,"7",3.63342860753339,-7.17140857932713,"2016",21.9133215412288
"8",0,0,0,0,0,0,0,0,0,0,0,71,0,0,0,0,19,0,0,0,0,0,0,0,0,0,0,0,0,0,0,0,0,0,0,0,0,0,0,0,0,17,0,0,0,0,0,0,0,0,0,102,0,0,57,0,286,0,0,0,0,0,0,0,1,0,1,0,0,0,0,"8",3.95397358850806,-6.12126365086662,"2016",20.1191199799307
"9",0,0,0,0,0,0,0,0,0,0,0,26,0,0,0,0,6,0,0,0,0,0,0,0,0,0,0,1,0,0,0,1,0,0,0,0,0,0,0,0,0,60,2,0,0,0,0,0,0,0,0,104,1,0,15,0,167,0,0,1,0,0,0,0,3,0,0,0,0,0,0,"9",3.77829494052071,-5.32089803658561,"2016",18.4365504024796
"10",0,0,0,0,0,0,0,0,0,0,0,16,0,0,0,0,0,0,0,0,0,0,0,0,0,0,0,0,0,0,0,0,0,0,0,0,0,0,0,0,0,9,0,0,0,0,0,0,0,0,0,92,4,0,6,0,25,0,0,0,0,0,0,0,1,0,0,0,0,0,0,"10",2.62013138476992,-8.50238577781939,"2016",23.7020587744277
"11",0,0,0,0,0,0,2,0,0,0,0,13,0,0,0,0,0,0,0,0,0,0,0,0,0,0,0,1,0,0,0,0,0,0,0,0,0,0,0,3,0,2,0,0,0,0,0,0,0,0,0,46,1,0,8,0,39,0,0,0,0,0,0,0,0,0,0,0,0,0,0,"11",3.36534762960415,-7.16886970654778,"2016",21.8787608077215
"12",0,0,1,0,0,0,0,0,0,0,0,6,0,0,0,0,2,0,0,0,0,0,0,1,0,0,0,0,0,0,0,0,0,0,0,0,0,0,0,11,0,0,0,0,0,0,0,0,0,0,0,2,0,0,3,0,2,0,0,0,0,0,0,0,0,0,0,0,0,0,0,"12",3.93325343050807,-6.17160721048713,"2016",22.1691069063331
"13",1,0,0,0,0,0,0,0,0,0,0,2,5,0,0,0,3,0,0,0,0,0,0,1,0,0,0,0,0,0,0,0,0,0,0,0,0,0,0,0,0,0,0,0,0,0,0,0,0,0,0,23,0,0,3,0,3,0,0,0,0,0,0,0,0,0,0,0,0,0,0,"13",3.42916698158343,-8.33109768792623,"2016",24.8423778878843
"14",0,0,4,0,0,0,0,0,0,0,0,10,1,1,0,0,6,0,0,1,0,0,0,0,0,0,0,1,0,0,0,0,0,0,0,0,0,0,0,0,0,2,0,0,0,0,0,0,0,0,0,30,0,0,11,0,45,0,0,0,0,0,0,0,0,0,4,0,0,0,0,"14",3.75878523055502,-6.58553889862679,"2016",21.1732542325325
"15",0,0,7,0,0,0,0,3,0,0,0,93,0,0,1,0,6,0,0,0,0,0,0,0,0,0,0,0,0,0,0,0,0,0,0,0,0,0,0,0,0,12,0,0,0,0,0,0,0,0,0,112,0,0,33,0,96,0,0,0,0,0,0,0,0,0,0,0,0,0,0,"15",3.73405150372115,-7.32336102223265,"2016",23.2123414895587
"16",0,0,0,0,0,0,0,3,0,0,0,46,0,0,0,0,2,0,0,0,0,0,0,0,0,0,0,0,0,0,0,0,1,0,0,0,0,0,0,0,0,38,0,0,0,0,0,0,0,0,0,17,0,0,23,0,55,0,0,0,0,0,0,0,0,0,0,0,0,0,0,"16",4.87068572062248,-4.11856767908947,"2016",18.9337837341347
"17",0,0,0,0,0,0,0,1,0,0,0,102,0,2,1,0,3,0,0,0,0,0,0,0,0,0,0,1,0,0,0,0,0,1,1,0,0,0,0,0,0,13,0,0,0,0,0,0,0,0,0,175,0,0,28,0,153,0,0,0,0,0,0,0,0,0,0,0,0,0,0,"17",3.41272097534314,-7.59064982938667,"2016",22.909636110972
"18",0,0,0,0,0,0,0,2,0,0,0,170,0,0,0,0,0,0,0,0,0,0,1,0,0,0,0,0,0,0,0,0,0,0,0,0,0,0,0,0,0,42,0,0,0,0,0,0,0,0,0,70,0,0,11,0,53,0,0,0,0,0,0,0,0,0,0,0,0,0,0,"18",4.64789316181496,-6.2778153330173,"2016",23.3921918898565
"19",0,0,3,0,0,0,0,0,0,0,0,23,0,1,0,0,13,0,0,5,0,1,0,0,0,0,1,0,0,0,0,0,0,0,0,0,0,0,2,0,0,3,0,0,0,0,0,0,0,0,0,311,0,0,21,0,937,0,0,0,0,0,0,0,0,0,0,0,0,0,0,"19",3.32063649976623,-6.36304324890834,"2016",18.5670931471491
"20",0,0,0,0,0,0,0,0,0,0,0,3,2,0,0,0,9,0,0,0,0,0,0,0,0,0,0,0,0,0,0,0,0,2,0,0,0,0,1,0,0,5,0,0,0,0,0,0,0,1,0,67,3,0,2,0,20,0,0,0,0,0,0,0,1,0,0,0,0,0,0,"20",2.91786290134558,-8.29282340692549,"2016",23.2220689017968
"21",0,0,1,0,0,0,0,1,0,0,0,15,0,0,0,0,4,0,0,0,0,0,0,0,0,0,0,0,0,0,0,0,0,0,1,0,0,0,0,0,0,1,0,0,0,0,0,0,0,0,0,53,2,0,10,0,61,0,0,0,0,0,0,0,0,0,0,0,0,0,0,"21",3.32876166985875,-7.34984912124256,"2016",21.7456543138763
"22",1,0,0,0,0,0,0,1,0,0,0,34,0,0,0,0,6,0,0,0,0,0,0,0,0,0,0,0,0,0,0,0,0,0,0,0,0,0,0,0,0,10,1,0,0,0,0,0,0,0,0,43,0,0,13,0,70,0,0,0,0,0,0,0,1,0,0,0,0,0,0,"22",3.99702534353735,-6.38306956532929,"2016",21.2062499363224
"23",0,0,0,0,0,0,0,3,0,0,0,38,0,0,0,0,10,0,0,1,0,0,0,1,0,0,0,2,0,0,0,2,0,0,0,0,0,0,0,0,0,11,0,0,0,0,0,0,0,0,0,94,1,0,8,0,26,0,0,0,0,0,0,0,0,0,0,0,0,0,0,"23",3.42845170122018,-7.94348999006192,"2016",24.0636039629049
"24",1,0,0,0,0,0,5,0,0,0,0,23,0,0,0,0,15,0,0,0,0,0,0,0,0,0,2,2,0,0,0,0,0,0,0,0,0,0,0,0,0,16,0,0,0,0,0,0,0,0,0,70,3,0,12,0,54,0,0,0,0,0,0,0,0,0,0,0,0,0,0,"24",4.3847208234343,-5.85608387052132,"2016",21.1324137115713
"25",0,0,0,0,1,0,0,0,0,0,0,30,0,0,0,0,4,0,0,1,0,0,0,0,0,0,0,2,0,0,0,0,0,0,0,0,0,0,0,0,0,19,0,0,0,0,0,0,0,0,0,14,0,0,20,0,44,0,0,0,0,0,0,0,0,0,0,0,0,0,0,"25",4.79106686567494,-4.68542603898931,"2016",19.7153332447123
"26",0,0,0,0,0,0,0,0,0,0,0,21,0,1,0,0,6,0,0,0,0,0,0,0,0,0,0,0,0,0,0,0,0,0,0,0,0,0,0,0,0,11,0,0,0,0,0,0,0,0,0,39,2,0,14,1,48,0,0,0,0,0,0,0,0,0,0,0,0,0,0,"26",4.04982115844871,-6.13881131027128,"2016",21.0125523806452
"27",0,0,0,0,0,0,0,8,0,0,0,50,0,0,0,0,12,0,0,0,0,0,0,0,0,0,1,2,0,0,0,0,0,0,0,0,0,0,0,0,0,52,0,0,0,0,0,0,0,0,0,98,1,0,56,0,12,0,0,0,0,0,0,0,0,0,0,0,0,0,0,"27",4.17076814520658,-5.94672958932511,"2016",22.1271916448253
"28",0,0,0,0,0,0,0,4,0,0,0,39,0,0,1,0,6,0,0,0,0,0,0,0,0,0,0,1,0,0,0,0,0,1,0,0,0,0,1,0,0,27,0,0,0,0,0,0,0,0,0,67,0,0,13,0,109,0,0,0,0,0,0,0,0,0,0,0,0,0,0,"28",3.91930300574088,-5.92496293769893,"2016",20.0153066675016
"29",0,0,0,0,0,0,0,0,0,0,0,7,0,0,0,0,5,0,0,0,0,0,0,0,0,0,0,0,0,0,0,0,1,0,0,0,0,0,0,4,0,5,2,0,0,0,0,0,0,0,0,106,1,0,7,0,127,0,0,0,0,0,0,0,0,0,0,0,0,0,0,"29",2.94058815142984,-7.40821710064726,"2016",20.8312075373812
"30",0,0,0,0,0,0,0,0,0,0,0,9,0,0,0,0,2,0,0,0,0,0,0,0,0,0,0,0,0,0,0,0,0,0,0,0,0,0,0,0,0,68,0,0,0,0,0,0,0,0,0,102,0,0,11,0,130,0,0,9,0,0,0,0,0,0,0,0,0,0,0,"30",3.70420565511703,-4.92507562928149,"2016",17.7286858459524
"31",0,0,0,0,0,0,0,0,0,0,0,5,0,0,1,0,2,0,0,0,0,0,0,0,0,0,0,1,0,0,0,2,0,0,0,0,0,0,0,0,0,99,0,0,0,0,0,0,0,0,0,8,1,0,1,0,9,0,0,7,0,0,0,0,0,0,0,0,0,0,0,"31",6.06082412846973,2.03906246263753,"2016",9.45718766330358
"32",0,0,0,0,0,0,0,0,0,0,0,35,0,0,0,0,4,0,0,0,0,0,0,0,0,0,0,1,0,0,0,0,0,0,0,0,0,0,0,0,0,22,0,0,1,0,0,0,0,0,0,21,3,0,34,0,115,0,0,7,0,0,0,0,0,0,0,0,0,0,0,"32",4.5659304979144,-4.59801450691841,"2016",18.5859361703872
"33",0,0,0,0,0,0,0,0,0,0,0,31,0,0,0,0,9,0,0,1,0,0,0,0,0,0,0,3,0,0,0,0,0,0,0,0,0,0,0,0,0,27,1,0,0,0,0,0,0,0,0,122,0,0,21,0,88,0,0,3,0,0,0,0,0,0,0,0,0,0,0,"33",3.41855570035739,-6.95776973562498,"2016",21.600629031551
"34",0,0,0,0,0,0,0,0,0,0,0,24,0,0,0,0,2,0,0,0,1,0,0,0,0,0,0,0,0,0,0,0,0,0,0,0,0,0,0,0,0,20,0,0,0,0,0,0,0,0,0,19,0,0,22,0,36,0,0,2,0,0,0,0,0,0,1,0,0,0,0,"34",4.53845127411565,-4.82728358277186,"2016",19.8114763005043
"35",0,6,48,0,0,0,0,0,0,0,0,43,0,1,0,0,12,0,0,0,0,0,1,0,0,0,0,0,0,0,0,0,0,0,0,0,0,0,0,0,0,8,0,0,0,0,0,0,0,0,0,39,0,0,2,0,72,0,0,0,0,0,0,0,0,0,2,0,0,0,0,"35",4.07371677356424,-5.96018170262249,"2016",20.7519870542181
"36",0,0,0,0,0,0,0,2,0,0,0,19,0,0,0,0,25,0,0,0,0,0,0,0,0,0,0,3,0,0,0,0,0,0,0,0,0,0,0,0,0,44,0,0,0,0,0,0,0,0,0,79,0,0,8,0,87,0,0,2,0,0,0,0,0,0,0,0,0,0,0,"36",4.15024156397877,-5.44525102653911,"2016",19.4501486668135
"37",0,0,0,0,0,0,0,0,0,0,0,22,0,0,0,0,8,0,0,0,0,0,0,0,0,0,0,3,0,0,0,1,0,0,0,0,0,0,0,0,0,101,1,0,0,0,0,0,0,0,0,17,0,0,2,0,71,0,0,21,0,0,0,0,0,0,1,0,0,0,0,"37",5.42460794126118,-1.10877021698942,"2016",13.7503529222141
"38",0,1,0,0,0,0,0,0,0,0,0,59,0,0,0,0,10,0,0,0,0,0,0,0,1,0,1,1,0,0,0,0,0,0,1,0,0,0,1,0,0,1,0,0,0,0,0,0,0,0,0,84,0,0,5,0,30,0,0,1,0,0,0,0,2,0,0,0,0,0,0,"38",3.70359797289085,-8.36763903825271,"2016",25.3383458503117
"39",0,0,0,0,0,0,0,3,0,0,0,63,0,0,0,0,10,0,0,0,0,0,0,0,0,0,0,1,0,0,0,0,0,1,0,0,0,0,1,0,0,19,0,0,0,0,0,0,0,0,0,43,1,0,9,0,104,0,0,0,0,0,0,0,0,0,1,0,0,0,0,"39",4.38318323832163,-5.82025401878636,"2016",20.6570898001781
"40",0,0,0,0,0,0,0,0,0,0,0,101,0,0,1,0,6,0,0,0,0,0,0,0,0,0,0,1,0,0,0,0,0,0,0,0,0,0,0,0,0,26,0,0,0,0,0,0,0,0,0,23,0,0,17,0,68,0,0,0,0,0,0,0,5,0,0,0,0,0,0,"40",4.89758912975021,-5.50708681936226,"2016",21.7245664389383
"41",0,0,0,0,0,0,0,0,0,0,0,11,0,0,2,0,0,0,0,0,0,0,0,0,0,0,0,1,0,0,0,0,0,1,0,0,0,0,0,0,0,7,0,0,0,0,0,0,0,0,0,12,0,0,16,0,33,0,0,0,0,0,0,0,0,0,1,0,0,0,0,"41",4.22026052833178,-5.31059535018035,"2016",19.7489879984231
"42",0,0,2,0,0,0,0,0,0,0,0,4,0,0,0,0,0,0,0,0,0,0,0,0,0,0,0,0,0,0,0,0,0,1,0,0,0,0,0,2,0,0,3,0,0,0,0,0,0,0,0,2,0,0,12,0,2,0,0,0,0,0,0,0,0,0,0,0,0,0,0,"42",4.32712239966713,-6.10267868978637,"2016",23.2498210983617
"43",0,0,0,0,0,0,0,0,0,0,0,3,0,0,0,0,0,0,0,0,0,0,0,0,0,0,0,1,0,0,0,0,0,2,1,0,0,0,0,0,0,1,0,0,0,0,0,0,0,0,0,1,0,0,6,0,5,0,0,0,0,0,0,0,0,0,0,0,0,0,0,"43",4.40794305134628,-5.18925010144711,"2016",20.448499892354
"44",0,0,0,0,0,0,0,0,0,0,0,2,0,0,0,0,0,0,0,0,0,0,0,0,0,0,0,0,2,0,0,0,0,0,0,0,0,0,0,0,0,3,0,0,0,0,0,0,0,0,0,1,0,0,8,0,33,0,0,0,0,0,0,0,0,0,0,0,0,0,0,"44",4.22841897584218,-4.25704090600567,"2016",16.4029591614418
"45",0,0,0,0,0,0,0,0,0,0,0,4,0,0,0,0,0,0,0,0,0,0,0,0,0,0,0,0,0,0,0,3,0,0,0,0,0,0,0,2,0,0,0,0,0,0,0,0,0,0,0,4,1,0,3,0,2,0,0,0,0,0,0,0,0,0,0,0,0,0,0,"45",4.31498852675305,-4.90697379865144,"2016",20.2718419827913
"46",0,0,1,0,0,0,0,0,0,0,0,4,0,0,1,0,3,0,0,0,0,0,0,0,0,0,0,2,0,0,0,0,0,4,0,0,0,0,0,2,0,0,0,0,0,0,0,0,0,0,0,37,0,0,3,0,15,0,0,0,0,0,0,0,0,0,1,0,0,0,0,"46",2.63416313985833,-8.50530833838737,"2016",23.3785273153488
"47",0,0,0,0,0,0,0,0,0,0,0,3,0,0,0,0,0,0,0,0,2,0,0,0,0,0,0,1,0,0,0,1,0,0,0,0,0,0,0,3,0,0,0,0,0,0,0,0,0,0,0,3,0,0,9,0,7,0,0,1,0,0,0,0,0,0,0,0,0,0,0,"47",4.14690582035785,-5.43258344839017,"2016",20.8167498631279
"48",0,0,0,0,0,0,0,0,0,0,0,3,0,0,0,0,1,0,0,0,0,0,0,0,0,0,0,0,2,0,0,0,0,0,1,0,0,0,0,0,0,0,0,0,0,0,0,0,0,0,0,35,0,0,40,0,40,0,0,9,0,0,0,0,0,0,0,0,0,0,0,"48",3.70320141149428,-6.38141234484963,"2016",21.4252670382697
"49",0,0,0,0,0,0,0,0,0,0,0,13,0,0,1,0,0,0,0,0,0,0,0,0,0,0,0,1,0,0,0,0,0,0,0,0,0,0,0,0,0,0,0,0,0,0,0,0,0,0,0,7,3,0,0,0,15,0,0,0,0,0,0,0,0,0,0,0,0,0,0,"49",4.5940695906614,-5.89956262558699,"2016",21.4492499545217
"50",0,0,0,0,0,4,0,0,0,0,0,1,3,0,5,0,8,0,1,1,0,0,0,0,0,0,0,0,0,0,0,0,0,1,0,0,0,0,0,12,0,0,0,0,0,0,0,0,0,0,0,21,0,0,32,0,11,0,0,0,0,0,0,0,0,0,0,0,0,0,0,"50",4.67967741942603,-5.45570008130372,"2016",21.7247997397929
"51",0,0,0,0,0,0,0,0,0,0,0,5,0,0,0,0,4,0,0,0,0,0,0,0,0,0,0,1,0,0,0,0,0,0,0,0,0,0,0,1,0,0,2,0,0,0,0,0,0,0,0,6,0,0,14,0,48,0,0,0,0,0,0,0,0,0,0,0,0,0,0,"51",4.28991947784092,-5.48339515850868,"2016",19.1864505232116
"52",0,0,0,0,0,0,0,0,0,0,0,3,0,0,0,0,6,0,0,0,0,0,0,0,0,0,0,0,0,0,0,0,0,1,0,0,0,0,0,2,0,0,0,0,0,0,0,0,0,0,0,10,1,0,14,0,16,0,0,0,0,0,0,0,0,0,1,0,0,0,0,"52",4.26574348500297,-6.23810196143609,"2016",21.6912498098833
"53",0,0,0,0,0,0,0,0,0,0,0,11,0,0,0,0,3,0,0,0,0,0,0,0,0,0,0,5,0,0,0,0,0,4,0,0,0,0,0,0,0,0,0,0,0,0,0,0,0,0,0,6,0,0,9,0,41,0,0,0,0,0,0,0,0,0,0,0,1,0,0,"53",4.3359414524426,-5.43518758907914,"2016",19.402312438339
"54",0,0,3,0,0,0,0,0,0,0,0,4,0,0,0,0,0,0,0,0,0,0,0,0,0,0,0,0,0,0,0,0,0,0,0,0,0,0,0,0,0,0,1,0,0,0,0,0,0,0,0,4,0,0,5,0,48,0,0,0,0,0,0,0,0,0,0,0,0,0,0,"54",3.8850863499655,-5.35980777960557,"2016",17.7188461428422
"55",0,0,0,0,0,0,0,0,0,0,0,4,1,0,0,0,5,0,0,0,0,0,0,0,0,0,0,0,0,0,0,0,0,2,1,2,0,0,0,0,1,0,0,0,0,0,0,0,0,0,0,32,1,0,8,0,4,0,0,0,0,0,0,0,0,0,0,0,0,0,0,"55",3.00585588310889,-8.64352472744516,"2016",24.8011474110797
"56",0,0,0,0,0,0,0,0,0,0,0,10,9,0,1,0,8,0,0,0,0,0,0,0,0,0,0,0,0,0,0,0,0,0,1,0,0,0,0,0,0,0,0,0,0,0,0,0,0,0,0,101,0,0,39,0,2,0,0,0,0,0,0,0,1,0,0,0,0,0,0,"56",2.87486041945408,-9.08053795327107,"2016",25.9263370005804
"57",0,0,0,0,0,0,0,0,0,0,0,23,0,0,0,0,0,0,0,0,0,0,0,0,0,0,0,0,0,0,0,0,0,2,1,0,0,0,0,0,0,0,0,0,0,0,0,0,0,0,0,19,0,0,12,0,3,0,0,0,0,0,0,0,0,0,0,0,0,0,0,"57",3.84728059700555,-8.13945850153764,"2016",26.1609581492345
"58",0,0,0,0,0,0,0,0,0,0,0,10,0,0,0,0,0,0,0,0,0,0,0,0,0,0,0,0,0,0,0,0,0,0,0,0,0,0,0,2,0,0,0,0,0,0,0,0,0,0,0,4,1,0,1,0,3,0,0,0,0,0,0,0,0,0,0,0,0,0,0,"58",4.39175664542403,-6.92559538512003,"2016",24.3542855892863
"59",0,0,0,0,0,0,0,0,0,0,0,3,0,0,0,0,0,0,0,0,1,0,0,0,0,0,0,1,0,0,0,0,0,0,0,0,0,0,0,0,0,2,1,0,0,0,0,0,0,0,0,7,1,0,6,0,24,0,0,0,0,0,0,0,0,0,0,0,0,0,0,"59",4.03566336029152,-5.38472836846891,"2016",18.9164130153863
"60",0,0,0,0,0,0,0,0,0,0,0,0,0,0,0,0,1,0,0,0,0,0,0,0,0,0,0,0,0,0,0,0,0,0,0,0,0,0,0,0,0,0,0,0,0,0,0,0,0,0,0,3,0,0,5,0,13,0,0,0,0,0,0,0,0,0,0,0,0,0,0,"60",3.94241129836202,-5.8047728348862,"2016",19.2428408097137
"61",0,0,22,0,0,0,0,0,0,0,0,20,0,0,0,0,19,0,0,0,0,0,0,0,0,0,1,1,0,0,0,0,1,0,0,0,0,0,0,2,0,1,0,0,1,0,0,0,0,0,0,135,0,0,2,0,42,0,0,0,0,0,0,0,0,0,0,0,0,0,0,"61",2.76681618673558,-8.81997988506367,"2016",24.2861942099415
"62",0,0,0,0,0,0,0,0,0,0,0,6,0,0,0,0,1,0,0,1,0,0,0,0,0,0,0,0,0,0,0,0,0,0,0,0,0,0,0,2,0,0,0,0,1,0,0,0,0,0,0,12,1,0,6,0,92,0,0,1,0,0,0,0,0,0,0,0,0,0,0,"62",3.86425223555556,-5.33500008818095,"2016",17.5050610023059
"63",0,0,2,0,0,0,0,0,0,0,0,15,0,0,0,0,3,0,0,0,0,0,0,0,0,0,0,0,0,0,0,0,0,2,0,0,0,0,0,0,0,0,0,0,0,0,0,0,0,0,0,18,0,0,13,0,15,0,0,3,0,0,0,0,0,0,0,0,0,0,0,"63",3.98053887768088,-7.00549308737399,"2016",23.3199998451371
"64",0,0,0,0,0,0,0,0,0,0,0,1,0,0,0,0,0,0,0,0,0,0,0,0,0,0,0,0,0,0,0,0,0,0,0,0,0,0,0,0,0,0,0,0,0,0,0,0,0,0,0,1,0,0,3,0,8,0,0,0,0,0,0,0,0,0,0,0,1,0,0,"64",4.37709778984268,-4.83625010507447,"2016",18.528749943631
"65",0,0,0,0,0,0,0,0,0,0,0,0,0,0,1,0,1,0,0,0,0,0,0,0,0,0,0,1,0,0,0,0,0,0,0,0,0,0,0,0,0,0,0,0,0,0,0,0,0,0,0,4,0,0,4,0,7,0,0,0,0,0,0,0,0,0,0,0,0,0,0,"65",4.079399634157,-6.14333343770769,"2016",20.7666664891773
"66",0,0,0,0,0,0,0,0,0,0,0,7,0,0,0,0,3,0,0,0,0,0,0,0,0,0,0,0,0,0,0,0,0,0,0,0,0,0,0,0,0,0,1,0,0,0,0,0,0,0,0,10,0,0,8,1,28,0,0,5,0,0,0,0,0,0,0,0,0,0,0,"66",4.4417045481127,-5.61146835334717,"2016",20.4001983434435
"67",0,0,0,0,0,0,0,0,0,0,0,2,0,0,0,0,0,0,0,0,1,0,0,0,0,0,0,1,0,0,0,0,0,0,0,0,0,0,0,0,0,0,0,0,0,0,0,0,0,0,0,3,0,0,1,0,8,0,0,1,0,0,0,0,0,0,0,0,0,0,0,"67",3.9844779986371,-5.86926481075147,"2016",20.0179411935456
"68",0,0,0,0,0,0,0,0,0,0,0,2,0,0,0,0,2,0,0,0,0,0,0,0,0,0,0,0,0,0,0,0,0,0,0,0,0,0,0,0,0,0,0,0,0,0,0,0,0,0,0,18,0,0,17,0,52,0,0,0,0,0,0,0,0,0,0,0,0,0,0,"68",3.63860169597607,-6.26607154385074,"2016",19.7207142101539
"69",0,0,2,0,0,0,0,0,0,0,0,1,0,0,0,0,1,0,0,0,0,0,0,0,0,0,0,0,0,0,0,0,0,0,0,0,0,0,0,1,0,0,2,0,0,0,0,0,0,0,0,29,0,0,18,0,7,0,0,0,0,0,0,0,0,0,0,0,0,0,0,"69",2.87925705225926,-8.40200835173247,"2016",24.5081145317828
"70",0,0,0,0,0,0,0,0,0,0,0,1,12,0,0,0,1,0,0,0,0,0,0,0,0,0,1,2,0,0,0,0,0,0,0,0,0,0,2,21,0,0,0,0,0,0,0,0,0,0,0,79,0,0,22,0,43,0,0,3,0,0,0,0,0,0,0,0,0,0,0,"70",2.92174172267225,-7.56558835237103,"2016",22.2220720929736
"71",0,0,0,0,0,0,0,0,0,0,0,0,0,0,0,0,3,0,0,0,0,0,0,0,0,0,0,0,0,0,0,0,0,0,0,0,0,0,0,3,0,0,0,0,0,0,0,0,0,0,0,8,0,0,3,0,26,0,0,0,0,0,0,0,0,0,0,0,0,0,0,"71",3.61725918453719,-6.13145357564438,"2016",18.9518604250841
"72",0,0,0,0,0,0,0,0,0,0,0,1,3,0,0,0,9,0,0,0,0,0,0,0,0,0,0,0,0,0,0,0,0,0,0,0,0,0,0,0,0,0,0,0,0,0,0,0,0,0,0,8,0,0,9,0,6,0,0,0,0,0,0,0,0,0,0,0,0,0,0,"72",5.06621819546838,-6.41479176171124,"2016",23.243055264362
"73",0,0,0,0,0,0,0,0,0,0,0,3,0,0,0,0,3,0,0,0,0,0,0,0,0,0,0,3,0,0,0,0,0,0,1,0,0,0,0,0,0,0,0,0,0,0,0,0,0,0,0,48,1,0,10,0,11,0,0,0,0,0,0,0,0,0,0,0,0,0,0,"73",2.66574556927811,-8.96531265437603,"2016",24.6933123803139
"74",0,0,0,0,0,0,0,0,0,0,0,6,0,0,0,0,34,0,0,0,0,0,0,0,0,0,0,0,0,0,0,0,0,2,0,0,0,0,0,10,0,0,0,0,0,0,0,0,0,0,0,16,2,0,2,0,79,0,0,1,0,0,0,0,0,0,0,0,0,0,0,"74",4.75976553409934,-5.54981913650899,"2016",19.5037992467025
"75",0,0,0,0,0,0,0,0,0,0,0,6,0,0,0,0,0,0,0,0,1,0,0,0,0,0,0,1,0,0,0,0,0,0,0,0,0,0,0,0,0,1,0,0,0,0,0,0,0,0,0,16,2,0,13,0,23,0,0,0,0,0,0,0,0,0,0,0,0,0,0,"75",3.77958174224957,-6.39253981813552,"2016",21.1770237141185
"76",0,0,0,0,0,0,0,0,0,0,0,0,0,0,0,0,1,0,0,0,0,0,0,0,0,0,0,2,0,0,0,0,0,0,0,0,0,0,0,0,0,0,1,0,0,0,0,0,0,0,0,2,0,0,0,0,8,0,0,2,0,0,0,0,0,0,0,0,0,0,0,"76",4.71592018926431,-4.5818750526756,"2016",18.2596874948591
"77",0,0,0,0,0,0,0,0,0,0,0,3,0,0,0,0,3,0,0,0,0,0,0,0,0,0,2,0,0,0,0,0,0,0,0,0,0,0,0,18,0,1,0,0,0,0,0,0,0,0,0,61,0,0,8,0,46,0,0,0,0,0,0,0,0,0,0,0,0,0,0,"77",2.62994178970687,-7.80651420170153,"2016",21.8414964194029
"78",0,0,1,0,0,1,0,0,0,0,0,7,0,0,0,0,18,0,0,0,0,0,0,0,0,0,0,2,0,0,0,0,0,3,0,0,0,0,0,10,0,0,0,0,0,0,0,0,0,0,0,89,0,0,12,0,49,0,0,1,0,0,0,0,0,0,0,0,0,0,0,"78",3.09242974209217,-8.07334208474567,"2016",23.0297796876783
"79",0,0,0,0,0,0,0,0,0,0,0,2,0,0,0,0,1,0,0,0,0,0,0,0,0,0,0,2,0,0,0,0,0,1,2,0,0,0,0,4,0,0,1,0,0,0,0,0,0,0,0,20,0,0,7,0,8,0,0,0,0,0,0,0,0,0,0,0,0,0,0,"79",2.96701102978419,-7.90963553935289,"2016",23.2199998969833
"80",0,0,1,0,0,0,0,0,0,0,0,11,0,0,0,0,1,0,0,0,0,0,0,0,0,0,0,0,0,0,0,0,0,0,1,0,0,0,0,0,0,0,1,0,0,0,0,0,0,0,0,31,0,0,26,0,66,0,0,0,0,0,0,0,0,0,0,0,0,0,0,"80",3.61971141273986,-6.62451099485591,"2016",20.8587861404903
"03d1161c",0,0,0,0,0,0,0,3,0,0,0,0,0,0,0,0,1,0,0,0,0,0,0,0,0,0,0,0,0,0,0,0,0,0,0,0,0,0,0,0,0,20,0,0,0,0,0,0,0,0,0,2,2,0,0,0,1,0,0,0,0,0,0,0,1,0,0,0,0,0,0,"03d1161c",5.99662853979335,1.63783329506715,"2022_2023",9.98950016796589
"0505ed01",0,0,0,0,0,0,0,3,0,0,0,1,0,0,0,0,4,0,0,0,0,0,0,0,0,0,0,1,0,0,0,0,0,0,0,0,0,0,0,0,0,9,0,0,0,0,0,0,0,0,0,7,2,0,0,0,42,0,0,0,0,0,0,0,0,0,0,0,0,0,0,"0505ed01",4.48642415380957,-3.89286238775737,"2022_2023",15.9521015081717
"05244dc3",0,0,0,0,0,0,0,0,0,0,0,3,0,0,0,0,11,0,0,0,0,0,0,0,0,0,1,2,0,0,0,0,0,0,0,0,0,0,0,0,0,0,0,0,0,0,0,0,0,0,0,215,0,0,0,0,34,0,0,0,0,0,0,1,0,0,3,0,0,0,0,"05244dc3",1.77625054812139,-10.3947409017881,"2022_2023",25.7677777087247
"0d2059f3",0,0,0,0,0,0,0,0,0,0,0,4,0,0,1,0,10,0,0,0,0,0,0,0,0,0,0,0,0,0,0,0,0,0,0,0,0,0,0,0,0,0,0,0,0,0,0,0,0,0,0,46,0,0,0,0,3,0,0,0,0,0,0,0,0,1,0,0,0,0,0,"0d2059f3",2.80279303315736,-9.81546168235632,"2022_2023",26.3591536974907
"10ef41b4",0,0,14,0,0,0,0,0,0,0,0,1,0,0,0,0,2,0,0,0,0,0,0,0,0,0,0,0,0,0,0,0,0,0,0,0,0,0,0,0,0,0,0,0,0,0,0,0,0,0,0,0,0,0,0,0,44,0,0,0,0,0,0,0,0,0,0,0,0,0,0,"10ef41b4",3.80504133342892,-4.93401643975836,"2022_2023",16.5751229069272
"1179b291",0,0,0,0,0,0,0,0,0,0,0,3,0,0,5,0,4,0,0,0,0,0,0,0,0,0,0,1,0,0,0,0,0,0,0,0,0,0,0,0,0,0,0,0,0,0,0,0,0,0,0,23,0,0,0,0,47,0,0,0,0,2,0,0,0,0,0,0,0,0,0,"1179b291",3.5476749920025,-6.56144126569524,"2022_2023",19.6744705442821
"121b1ba9",0,0,0,0,0,0,0,0,0,0,0,2,0,0,0,0,4,0,0,0,0,0,0,0,0,0,0,3,0,0,0,0,0,0,0,0,0,0,0,0,0,2,0,0,0,0,0,0,0,0,0,62,4,0,0,0,17,0,0,1,0,0,0,0,0,0,0,0,0,0,0,"121b1ba9",2.59308756304925,-8.68123698632968,"2022_2023",23.624868377353
"124ad590",0,0,0,0,0,0,0,0,0,0,0,9,0,0,1,0,4,0,0,0,0,0,0,0,18,0,0,0,0,0,0,0,0,0,0,0,0,0,0,0,8,0,0,0,0,0,0,0,0,4,0,4,2,0,0,0,3,4,1,0,0,0,0,0,0,0,0,0,0,0,0,"124ad590",8.34120559144917,-3.24181043628989,"2022_2023",21.2753881012571
"1276dccd",0,0,0,0,0,0,0,0,0,0,0,1,0,0,0,0,5,0,0,0,0,0,0,0,0,0,0,2,0,0,0,0,0,0,0,0,6,0,0,0,0,4,0,0,0,0,0,0,3,0,0,0,0,0,0,0,19,0,0,0,0,0,0,0,0,0,0,0,0,0,0,"1276dccd",5.69756530315087,-2.72387503385544,"2022_2023",15.6841873812675
"1ee4bcab",0,1,0,0,0,0,0,0,0,0,0,2,0,0,0,2,8,0,0,0,0,0,0,0,0,0,1,1,0,0,0,0,0,0,0,0,0,0,0,0,0,0,0,0,0,0,0,0,0,1,0,22,1,0,0,0,19,1,0,0,0,0,0,0,0,0,0,0,0,0,0,"1ee4bcab",3.7397944690084,-7.27305093215684,"2022_2023",22.0766524373475
"1f36d182",0,0,0,0,0,0,0,0,0,0,0,6,0,0,0,0,10,0,0,0,1,0,0,0,0,0,0,1,0,0,0,0,0,0,0,0,1,0,0,1,0,0,0,0,0,0,0,0,0,0,0,58,0,0,3,0,98,0,0,0,0,5,0,0,0,0,0,0,0,0,0,"1f36d182",3.20064410919951,-7.06542129950679,"2022_2023",20.1434646546841
"1fb154c1",0,0,0,0,0,0,0,0,0,0,0,0,0,1,0,0,1,0,0,0,0,0,0,0,0,0,0,0,0,0,0,0,0,0,0,0,0,0,0,0,0,4,1,0,0,0,0,0,0,0,0,1,1,0,0,0,22,0,0,0,0,0,0,0,0,0,0,0,0,0,0,"1fb154c1",4.68617318928192,-3.20379038347352,"2022_2023",14.8720162294565
"22dc2bdf",0,0,0,0,0,0,0,0,0,0,0,0,0,0,0,0,1,0,0,0,0,0,0,0,0,0,0,32,0,0,4,1,0,0,0,0,0,0,0,1,0,0,2,0,0,0,0,0,0,0,0,0,0,0,0,0,34,0,0,0,0,0,0,0,0,0,0,0,0,0,0,"22dc2bdf",5.34555513510977,-2.91413335990906,"2022_2023",16.0740665976206
"286cc7fc",0,0,0,0,0,0,0,0,0,0,0,2,0,0,1,0,3,0,0,0,0,0,0,0,0,0,0,0,0,0,0,0,0,0,0,0,0,0,0,0,0,0,0,0,0,0,0,0,0,0,0,14,0,0,0,0,37,0,0,0,0,0,0,0,0,0,0,0,0,0,0,"286cc7fc",3.56131852907613,-6.49394746349569,"2022_2023",19.2925438573486
"2910dc8f",0,0,0,0,0,0,0,0,0,0,0,2,0,0,0,0,3,0,0,0,0,0,0,0,0,0,0,2,0,0,0,0,0,0,0,0,0,0,0,0,0,2,0,0,0,0,0,0,0,0,0,8,1,0,0,0,5,0,0,1,0,0,0,0,0,0,0,0,0,0,0,"2910dc8f",4.5061627485566,-5.70510426101585,"2022_2023",20.8482291036596
"2ce5c7ea",0,0,0,0,0,0,0,2,0,0,0,3,0,0,0,0,4,0,0,0,0,0,0,0,0,0,0,0,0,0,0,0,0,0,0,0,0,0,0,0,0,9,0,0,0,0,0,0,0,0,0,92,3,0,0,0,196,0,0,0,0,3,0,0,0,0,0,0,0,0,0,"2ce5c7ea",3.18358261160037,-6.44789273062578,"2022_2023",18.7162901044656
"2e2b516a",0,0,0,0,0,0,0,0,0,0,0,0,0,0,0,0,13,0,0,0,0,0,0,0,0,0,0,1,1,0,0,0,0,0,0,0,0,0,0,0,0,8,0,0,0,0,0,0,0,0,0,113,8,0,0,0,15,0,0,1,0,0,0,0,0,0,0,0,0,0,0,"2e2b516a",2.63586464998155,-8.75471889509703,"2022_2023",23.9856718139991
"3096ab9a",0,0,1,0,0,0,0,1,0,0,0,1,0,0,1,0,0,0,0,0,0,0,0,0,0,0,0,0,0,0,0,0,0,0,0,0,0,0,0,1,0,0,0,0,0,0,0,0,0,0,0,78,0,0,0,0,51,0,0,0,0,0,0,0,0,0,1,0,0,0,0,"3096ab9a",2.17493015964959,-8.82218532186967,"2022_2023",22.6101481350704
"329c5f18",0,0,0,0,0,0,0,1,0,0,0,4,0,0,0,0,3,0,0,0,0,0,0,0,0,0,0,0,0,0,0,0,0,0,0,0,0,0,0,1,0,11,0,0,0,0,0,0,0,0,0,13,1,0,1,0,21,0,0,0,0,0,0,0,0,0,0,0,0,0,0,"329c5f18",4.22140761390998,-4.57544651978782,"2022_2023",17.8254018022546
"36c3a7a9",0,0,0,0,0,0,0,1,0,0,0,1,0,0,0,0,6,0,0,0,0,0,0,0,0,0,0,0,0,0,0,0,0,0,0,0,1,0,0,0,0,6,0,0,0,0,0,0,0,0,0,35,5,0,0,0,23,0,0,0,0,0,0,0,0,0,0,0,0,0,0,"36c3a7a9",3.53070796022835,-6.60051293594715,"2022_2023",20.6147115237438
"39a22c63",0,1,0,0,0,0,0,0,0,0,3,0,0,0,0,0,0,0,0,0,0,0,0,0,0,0,0,0,0,0,0,0,0,0,0,0,0,0,0,0,0,0,0,0,0,0,0,0,0,0,0,107,0,0,0,0,84,0,0,0,0,0,0,0,0,0,0,0,0,0,0,"39a22c63",2.4087603665787,-8.4168975685193,"2022_2023",22.0117692434482
"3aee966b",0,0,0,0,0,0,0,0,0,0,0,3,0,0,4,0,6,0,0,0,0,0,0,0,0,0,0,0,0,0,0,0,0,0,0,0,2,0,0,0,0,0,0,0,1,0,0,0,0,0,0,0,0,1,0,0,31,0,0,0,0,0,0,0,0,0,0,0,0,0,2,"3aee966b",4.84576577878523,-4.55080003678799,"2022_2023",17.3313499010801
"3dc44fa2",0,0,0,0,0,0,0,0,0,0,0,0,0,0,0,0,0,0,0,0,0,0,0,0,0,0,3,0,0,0,0,0,0,0,0,0,0,0,0,0,0,2,0,0,0,0,0,0,0,0,0,47,0,0,0,0,26,0,0,0,0,0,0,0,0,0,0,0,0,0,0,"3dc44fa2",2.34078247523758,-8.51631424182501,"2022_2023",22.6326602584276
"4055fb57",0,0,24,0,0,0,0,0,0,0,0,0,0,0,0,0,0,0,0,0,0,0,0,0,0,0,0,0,0,0,0,0,1,0,0,0,0,0,0,9,0,0,0,0,0,0,0,0,0,0,0,0,0,0,0,0,1,0,0,0,0,0,0,0,0,0,0,0,0,0,0,"4055fb57",2.62988596369106,-5.3359285565785,"2022_2023",18.6178568438121
"41bfdee8",0,0,0,0,0,0,0,0,0,0,0,0,0,0,0,0,11,0,0,0,0,0,0,0,0,0,0,0,0,0,0,0,0,0,0,0,0,0,0,0,0,0,0,0,0,0,0,0,0,0,0,125,0,0,0,0,54,0,0,0,0,1,0,0,0,0,0,0,0,0,0,"41bfdee8",2.20177640471848,-9.40459438306499,"2022_2023",23.8797119905187
"4217433d",0,0,0,0,0,0,0,0,0,0,0,0,0,0,0,0,0,0,0,0,0,0,0,0,0,0,0,1,0,0,0,0,0,0,0,0,0,0,0,0,0,0,0,0,0,0,0,0,0,0,0,8,0,0,0,0,6,0,0,0,0,0,0,0,0,0,0,0,0,0,0,"4217433d",2.45428603866445,-8.3153334625562,"2022_2023",21.9289999874433
"4cb86d8e",0,0,0,0,0,0,0,1,0,0,0,1,0,0,0,0,6,0,0,1,0,0,0,0,0,0,0,0,0,0,0,0,0,0,0,0,0,0,0,1,0,0,0,0,0,0,1,0,0,0,0,0,0,0,1,0,13,0,0,0,0,0,0,0,0,0,0,0,0,0,0,"4cb86d8e",5.43095693767258,-4.59490004229546,"2022_2023",18.7406999061108
"4ea6871a",0,0,0,0,0,0,0,0,0,0,0,2,0,0,0,0,0,0,0,0,0,0,0,0,0,0,0,0,0,0,0,0,0,0,0,0,3,0,0,1,0,10,0,0,0,0,0,0,0,0,0,6,2,0,0,0,3,0,0,0,0,0,0,0,0,0,0,0,0,0,0,"4ea6871a",4.62654902535386,-2.24666675064299,"2022_2023",14.8535185685864
"4fc39c30",0,0,2,0,0,0,0,0,0,0,0,4,0,0,0,0,2,0,0,0,0,0,0,0,0,0,0,0,0,0,0,0,1,1,0,0,0,0,0,0,0,0,0,0,0,0,0,0,0,0,0,14,0,0,0,0,26,0,0,0,0,0,0,0,0,0,0,0,0,0,0,"4fc39c30",3.41450186538937,-6.81205010104179,"2022_2023",20.3663999898434
"52a8182e",0,0,0,0,0,0,0,0,0,0,0,2,0,0,0,0,7,0,0,0,0,0,0,0,0,0,0,3,0,0,0,0,0,0,0,0,0,0,0,0,0,0,0,0,0,0,0,0,0,0,0,110,2,0,0,0,48,0,0,0,0,1,0,0,0,0,0,0,0,0,0,"52a8182e",2.29784661673358,-9.13167644284364,"2022_2023",23.5922109386135
"5445998d",0,0,0,0,0,0,0,0,0,0,0,1,0,0,0,0,2,0,0,1,0,0,0,0,0,0,0,0,0,0,0,0,0,0,0,0,0,0,0,1,0,0,0,0,0,0,0,0,0,0,0,12,0,0,1,0,22,0,0,0,0,0,0,0,0,0,0,0,0,0,0,"5445998d",3.3220840549922,-6.89443760156631,"2022_2023",20.116687489748
"54b8fc49",0,0,1,0,0,0,0,0,0,0,0,0,0,0,0,0,0,0,0,0,0,0,0,0,0,0,0,0,0,0,0,0,0,0,0,0,0,0,0,2,0,0,0,0,0,0,0,0,0,0,0,0,0,0,0,0,12,0,0,0,0,0,0,0,0,0,3,0,0,0,0,"54b8fc49",3.62942543101401,-4.77652781473266,"2022_2023",16.6958333803548
"5653960b",0,0,0,0,0,0,0,5,0,0,0,0,0,0,0,0,0,0,0,0,0,0,0,0,0,0,0,1,0,0,0,1,0,0,0,0,0,0,0,0,0,10,1,0,0,0,0,0,0,0,0,0,2,0,0,0,0,0,0,0,0,0,0,0,0,0,0,0,0,0,0,"5653960b",6.31078403654665,1.67362497597933,"2022_2023",10.7773751541972
"56dad4fd",0,0,0,0,0,0,0,0,0,0,0,7,0,0,0,0,2,0,0,0,0,0,0,0,0,0,0,0,0,0,0,0,0,1,0,0,0,0,0,0,0,0,0,0,0,0,0,0,0,0,0,0,2,0,0,0,4,0,0,0,0,0,0,0,0,0,0,0,0,0,0,"56dad4fd",5.96023893423797,-4.72906260117888,"2022_2023",21.6704686634243
"5925e1f7",0,2,0,0,0,0,0,0,0,0,0,6,0,0,2,0,7,0,0,0,0,0,0,0,0,0,0,0,0,0,0,0,0,0,1,0,0,0,0,0,0,0,0,0,0,0,0,0,0,1,0,60,2,0,0,0,44,1,0,0,0,0,0,0,0,0,5,0,0,0,0,"5925e1f7",3.1421008678044,-7.73305355055642,"2022_2023",22.2155152284462
"5d20023f",0,0,0,0,0,0,0,3,0,0,0,0,0,0,0,0,8,0,0,0,0,0,0,0,0,0,1,1,0,0,0,0,0,0,0,0,0,0,0,0,0,2,0,0,0,0,0,0,0,0,0,220,8,0,0,0,197,0,0,0,0,1,0,0,0,0,0,0,0,0,0,"5d20023f",2.60923218274718,-8.00992643150613,"2022_2023",21.4301020454252
"5e4ec044",0,0,3,0,0,0,0,0,0,0,0,0,0,0,0,0,0,0,0,0,0,0,0,0,0,0,0,0,0,0,0,0,0,0,0,0,0,0,0,0,0,0,0,0,0,0,0,0,0,0,0,0,0,0,0,0,1,0,0,0,0,0,0,0,0,0,0,0,0,0,0,"5e4ec044",2.9467094279552,-5.39749999940395,"2022_2023",18.0649997204542
"5ee6731e",0,0,0,0,0,0,0,0,0,0,0,0,0,0,0,0,5,0,0,0,0,0,0,0,0,0,0,1,0,0,0,0,0,0,0,0,3,0,0,0,0,6,0,0,0,0,0,0,0,0,0,5,1,0,0,0,43,0,0,0,0,0,0,0,0,0,0,0,0,0,0,"5ee6731e",4.41561790992566,-4.15074225179851,"2022_2023",15.8675390899181
"5ef66f4c",0,0,0,0,0,0,0,2,0,0,0,1,0,2,0,0,1,0,0,0,0,0,0,0,0,0,0,0,0,0,0,0,0,0,0,0,0,0,0,0,0,7,0,0,0,0,0,0,0,0,0,50,1,0,0,0,22,0,0,0,0,0,0,0,0,0,0,0,0,0,0,"5ef66f4c",2.60900792216775,-7.84404083164625,"2022_2023",21.9980814133273
"5f2537fb",0,0,0,0,0,0,0,0,0,0,0,4,0,0,0,0,2,0,0,0,0,0,0,0,0,0,0,0,0,0,0,0,0,0,0,0,0,0,0,0,3,0,0,0,0,0,0,0,0,0,0,7,0,0,1,0,85,0,0,0,0,0,0,1,0,0,0,0,0,0,0,"5f2537fb",3.87226891792967,-5.24228163772416,"2022_2023",16.9249272356913
"615ef5cf",0,0,0,0,0,0,0,1,0,0,0,1,0,0,0,0,2,0,0,0,0,0,0,0,0,0,0,2,0,0,0,0,0,0,0,0,0,0,0,2,0,6,0,0,0,0,0,0,0,0,0,25,0,0,0,0,35,0,0,0,0,0,0,0,0,0,0,0,0,0,0,"615ef5cf",3.27467283490485,-6.33033793818306,"2022_2023",19.2096283942461
"618bb6ab",0,0,0,0,0,0,0,0,0,0,0,0,0,0,2,0,1,0,0,0,0,0,0,0,0,0,0,0,0,0,0,0,0,0,0,0,0,0,0,0,0,0,0,0,0,0,0,0,0,0,1,0,0,0,0,0,0,0,0,0,0,0,0,0,0,8,1,0,0,0,0,"618bb6ab",6.51105808114343,0.959807682954348,"2022_2023",13.3578846757229
"68bb7209",0,2,2,0,0,0,0,0,0,0,0,1,0,0,0,0,7,0,0,0,0,0,0,0,0,0,0,0,0,0,0,0,0,6,0,0,0,0,0,3,0,0,0,0,1,0,0,0,0,0,0,8,2,0,0,0,42,0,0,0,0,0,0,0,0,0,1,0,0,0,0,"68bb7209",4.09993799694395,-5.07640004754066,"2022_2023",17.6507666615645
"6abec928",0,0,0,0,0,0,0,0,0,0,0,3,0,0,0,0,2,0,0,0,0,0,0,0,0,0,0,0,0,0,0,0,0,0,0,0,16,0,0,3,0,0,1,0,0,0,0,0,0,0,0,7,1,0,0,0,22,0,0,0,0,0,0,0,0,0,0,0,0,0,0,"6abec928",3.71783141741775,-5.33804552793503,"2022_2023",17.619272638451
"6b75c051",0,0,0,0,0,0,0,1,0,0,0,0,0,0,0,0,1,0,0,0,0,0,0,0,0,0,0,0,0,0,0,0,0,0,0,0,0,0,0,0,0,18,0,0,0,0,0,0,0,0,0,14,0,0,0,0,6,0,0,0,0,0,0,1,0,0,0,0,0,0,0,"6b75c051",4.18970676567314,-3.04445130490675,"2022_2023",15.5525000800447
"6c2b31b8",0,0,0,0,0,0,0,0,0,0,0,0,0,0,0,0,1,0,0,0,0,0,0,0,0,0,0,1,0,0,0,0,0,0,0,0,0,0,0,0,0,3,0,0,0,0,0,0,0,0,0,10,0,0,0,0,39,0,0,0,0,0,0,0,0,0,0,0,0,0,0,"6c2b31b8",3.62055685372292,-5.42995378949024,"2022_2023",17.1270833896266
"6d4ba637",0,0,0,0,0,0,0,8,0,0,0,0,0,0,0,0,1,0,0,0,0,0,0,0,0,0,0,0,0,0,0,0,0,0,0,0,0,0,0,0,0,8,0,0,0,0,0,0,0,0,0,24,2,0,0,0,12,0,0,0,0,1,0,0,8,0,0,0,0,0,0,"6d4ba637",3.1810192165325,-6.05570321977139,"2022_2023",19.3554297277704
"7268c73c",0,0,0,0,0,0,0,1,0,0,0,1,0,0,0,0,5,0,0,0,0,0,0,0,0,0,0,1,0,0,0,0,0,0,0,0,0,0,0,0,0,1,0,0,0,0,0,0,0,0,0,22,0,0,0,0,10,0,0,0,0,0,0,0,0,0,0,0,0,0,0,"7268c73c",3.10725741883933,-8.3436586570449,"2022_2023",23.3314023568863
"7418128e",0,0,0,0,0,0,0,0,0,0,0,0,0,0,0,0,3,0,0,0,0,0,0,0,0,0,1,3,1,0,0,0,0,0,0,0,1,0,0,0,0,16,0,0,0,0,0,0,0,0,0,5,1,0,0,0,6,0,0,0,0,0,0,0,1,0,0,0,0,0,0,"7418128e",5.43902885868353,-1.04631583694075,"2022_2023",13.5183553096838
"77d490c5",0,0,0,0,0,0,0,0,0,0,0,2,0,0,4,0,7,0,0,0,0,0,0,0,0,0,0,0,0,0,0,0,0,2,0,0,0,0,0,2,0,0,2,0,0,0,0,0,0,0,0,26,0,0,0,0,22,0,0,0,0,0,0,0,0,0,0,0,0,0,0,"77d490c5",3.48413126612714,-7.52873143402498,"2022_2023",22.167686458488
"79464cf2",0,0,0,0,0,0,0,0,0,0,0,5,0,0,0,0,7,0,0,0,0,0,0,0,0,0,0,0,0,0,0,0,0,0,0,0,0,0,0,0,0,0,0,0,0,0,0,0,0,0,0,7,0,0,3,0,43,0,0,0,0,0,0,0,0,0,0,0,0,0,0,"79464cf2",4.33112133299547,-5.71469239308284,"2022_2023",19.0119230340077
"7b9bfc39",0,5,12,0,0,0,0,0,0,0,1,1,0,0,1,1,0,0,0,0,0,0,0,0,0,0,0,0,0,0,0,0,0,2,0,0,0,0,0,2,0,0,0,0,0,0,0,0,0,0,0,9,6,0,0,0,33,0,0,0,0,0,0,0,0,0,1,0,0,0,0,"7b9bfc39",4.17312401380273,-4.31564193351849,"2022_2023",17.1861148360613
"7b9ead19",0,0,2,0,0,0,0,0,0,0,0,0,0,0,0,0,1,0,0,0,0,0,0,0,0,0,0,0,0,0,0,0,0,0,0,0,0,0,0,0,0,0,0,0,0,0,0,0,0,0,0,0,0,0,0,0,11,0,0,0,0,0,0,0,0,0,2,0,0,0,0,"7b9ead19",4.09305130641212,-4.78968753740191,"2022_2023",17.0440624974668
"7cd62228",0,0,0,0,0,0,0,5,0,0,0,2,0,0,1,0,3,0,0,0,0,0,0,0,0,0,0,0,0,0,0,0,0,0,0,0,0,0,0,0,0,2,0,0,0,0,0,0,0,0,0,19,1,0,0,0,21,0,0,0,0,0,0,0,0,0,0,0,0,1,0,"7cd62228",3.51691517426658,-6.68163646210324,"2022_2023",20.6034545403177
"7cffd5ac",0,0,0,0,0,0,0,0,0,0,0,0,0,0,0,0,0,0,0,0,0,0,0,0,0,0,0,2,0,0,0,0,0,0,0,0,0,0,0,0,0,15,0,0,0,0,0,0,0,0,0,7,2,0,0,0,9,0,0,0,0,0,0,0,0,0,0,0,0,0,0,"7cffd5ac",4.87149977471767,-1.44285721438272,"2022_2023",13.2922858279092
"7d23bc66",0,0,0,0,0,0,0,0,0,0,0,0,0,0,0,0,1,0,0,0,0,0,0,0,0,0,0,0,0,0,0,0,0,0,0,0,6,0,0,0,0,5,0,0,0,0,0,0,0,0,0,0,0,0,0,0,20,0,0,0,0,0,0,0,0,0,0,0,0,0,0,"7d23bc66",4.38175392567919,-3.0517969276756,"2022_2023",13.6583594050258
"80e424b0",0,0,0,0,0,0,0,0,0,0,0,2,0,0,0,0,0,0,0,0,0,0,0,0,0,0,0,0,0,0,0,0,0,0,0,0,0,0,0,0,0,0,0,0,0,0,0,0,0,0,0,23,0,0,0,0,34,0,0,0,0,0,0,0,0,0,0,0,0,0,0,"80e424b0",2.78402741992953,-7.54555096787922,"2022_2023",20.4540254451461
"83e078b1",0,0,0,0,0,0,0,1,0,0,0,3,0,0,0,0,0,0,0,0,0,0,0,0,0,0,0,0,0,0,0,0,0,0,0,0,0,0,0,0,0,0,0,0,0,0,0,0,0,0,0,11,0,0,0,0,35,0,0,0,0,0,0,0,0,0,0,0,0,0,0,"83e078b1",3.36145359242866,-6.37350010168552,"2022_2023",18.7575500432253
"8772d256",0,0,0,0,0,0,0,0,0,0,0,1,0,0,0,0,4,0,0,0,0,0,0,0,0,0,0,9,0,0,0,0,0,0,0,0,0,0,0,0,0,7,0,0,0,0,0,0,0,0,0,9,0,0,0,0,17,0,0,0,0,0,0,0,0,0,0,0,0,0,0,"8772d256",4.68068264156136,-4.25595751214535,"2022_2023",17.6447340087688
"8b7f944b",0,0,0,0,0,0,0,2,0,0,0,4,0,0,0,0,12,0,0,0,0,0,0,0,0,0,0,1,0,0,0,0,0,0,0,0,0,0,0,0,0,0,0,0,0,0,0,0,0,0,0,47,1,0,0,0,78,0,0,0,0,1,0,0,0,0,0,0,0,0,0,"8b7f944b",3.44526269977348,-6.995393936928,"2022_2023",20.3589383362907
"8b96e187",0,0,0,0,0,0,0,0,0,0,0,1,0,0,0,0,2,0,0,1,0,0,0,0,0,0,0,0,0,0,0,0,0,0,0,0,4,0,0,0,0,3,0,0,0,1,0,0,0,0,0,3,0,0,0,0,47,0,0,0,0,0,0,0,0,0,0,0,0,0,0,"8b96e187",4.20057430381953,-4.39068555005135,"2022_2023",15.851935532593
"8ffb0cbc",0,0,0,0,0,0,0,0,0,0,0,1,0,0,1,0,4,0,0,0,0,0,0,0,0,0,0,0,0,0,0,0,0,0,0,0,0,0,0,0,0,0,0,0,0,0,0,0,0,0,0,23,0,1,0,0,17,0,0,0,0,1,0,0,0,0,1,0,0,0,0,"8ffb0cbc",3.03020475349795,-7.85576542129322,"2022_2023",21.9709693251824
"90927007",0,0,0,0,0,0,0,0,0,0,0,1,0,0,4,0,0,0,0,0,0,0,0,0,0,0,0,0,0,0,0,0,0,0,0,0,0,0,0,0,0,0,0,0,0,0,0,0,0,0,0,0,0,1,1,0,5,0,0,0,0,0,0,0,0,1,0,0,0,0,0,"90927007",5.83600647939829,-2.48038466526912,"2022_2023",16.7009613330548
"91daed95",0,2,0,0,0,0,0,0,0,0,0,3,0,0,0,0,9,0,0,0,0,0,0,0,0,0,0,0,0,0,0,0,0,1,0,0,0,0,0,0,0,0,0,0,1,0,0,0,0,0,0,35,0,0,0,0,17,0,0,0,0,0,0,0,0,0,0,0,0,0,0,"91daed95",3.30037788909655,-8.20286776029012,"2022_2023",23.3555881341591
"9293ae26",0,0,0,0,0,0,0,0,0,0,0,2,0,0,1,0,2,0,0,0,0,0,0,0,0,0,0,0,0,0,0,0,0,0,0,0,0,0,0,0,0,0,0,0,0,0,0,0,0,0,0,0,0,0,1,0,10,0,0,0,0,0,0,0,0,0,2,0,0,0,0,"9293ae26",4.98683343300624,-4.88847227891286,"2022_2023",19.2244443602032
"9595edb4",0,0,0,0,0,0,0,0,0,0,0,0,0,0,0,0,3,0,0,0,0,0,0,0,0,0,0,1,0,0,0,0,0,0,0,0,5,0,0,0,0,0,1,0,0,0,0,0,0,0,0,0,1,0,3,0,5,0,0,2,0,0,0,0,0,0,0,0,0,0,0,"9595edb4",5.49187378355874,-3.49416671679133,"2022_2023",17.7971426756609
"9820d7df",0,0,0,0,0,0,0,0,0,0,0,0,0,0,0,0,0,0,0,0,0,0,0,0,0,0,0,0,0,0,0,0,0,0,0,0,0,0,0,2,0,0,1,0,0,0,0,0,0,0,0,0,0,0,0,0,6,0,0,0,0,0,0,0,0,0,0,0,0,0,0,"9820d7df",3.70426188140659,-4.92888893286387,"2022_2023",16.8622222132153
"983b722b",0,0,0,0,0,0,0,0,0,0,0,5,0,0,0,0,3,0,0,0,0,0,0,0,0,0,0,1,0,0,0,0,0,0,0,0,0,0,0,0,0,0,0,0,0,0,0,0,0,0,0,55,0,0,0,0,85,0,0,3,0,0,0,0,0,0,0,0,0,0,0,"983b722b",3.04926295270668,-7.22101984935764,"2022_2023",20.3129112000724
"9a6cf86a",0,0,0,0,0,0,0,2,0,0,0,4,0,0,0,0,4,0,0,0,0,0,0,0,0,0,0,0,0,0,0,0,0,0,0,0,6,0,0,1,0,7,0,0,0,0,0,0,0,0,0,19,2,0,0,0,42,0,0,0,0,0,0,0,0,0,0,0,0,0,0,"9a6cf86a",3.86709841207875,-5.33063227308208,"2022_2023",18.0560344876914
"9ce7cf99",0,0,0,0,0,0,0,1,0,0,0,0,0,0,0,0,1,0,0,0,0,0,0,0,0,0,0,1,1,0,0,0,0,0,0,0,0,0,0,2,0,7,0,0,0,0,0,0,0,0,0,20,1,0,0,0,22,0,0,0,0,0,0,0,0,0,0,0,0,0,0,"9ce7cf99",3.31559706674584,-5.79642867075745,"2022_2023",18.5221875287825
"9db4ff53",0,0,0,0,0,0,0,0,0,0,0,5,0,0,0,0,8,0,0,0,0,0,0,0,0,0,0,0,0,0,0,0,0,0,0,0,0,0,0,2,0,0,0,0,0,0,0,0,0,0,0,45,0,0,0,0,20,0,0,0,0,1,0,0,0,0,0,0,0,0,0,"9db4ff53",2.76062182193306,-8.90595692042951,"2022_2023",23.94040114703
"9eedaafa",0,0,0,0,0,0,0,1,0,0,0,2,0,0,0,0,2,0,0,0,0,0,0,0,0,0,0,1,0,0,0,0,0,0,0,0,0,0,0,0,0,11,0,0,0,0,0,0,0,0,0,21,5,0,0,0,7,0,0,0,0,0,0,0,0,0,0,0,0,0,0,"9eedaafa",4.11395718904371,-4.73295011222362,"2022_2023",18.7492500299215
"BBF-2006-064",0,0,0,1,0,0,0,0,0,0,0,0,0,0,0,0,1,0,0,0,0,0,0,0,0,0,0,0,0,0,0,0,0,1,0,0,0,0,0,0,0,0,0,0,0,0,0,0,0,0,0,0,0,0,0,0,0,0,0,0,0,0,0,0,0,0,0,0,0,0,0,"BBF-2006-064",5.94462046737818,-5.08333326180776,"2006",21.4583332300186
"BBF-2006-067",0,0,0,0,0,0,0,0,0,0,0,1,0,0,0,0,1,0,0,0,0,0,0,0,0,0,0,0,0,0,0,0,0,0,0,0,0,2,0,0,0,0,0,0,0,0,0,0,0,0,0,3,0,0,9,0,14,0,0,0,0,0,0,0,1,0,0,0,0,0,0,"BBF-2006-067",4.02660380780625,-5.8018549373073,"2006",20.1210482551205
"BBF-2006-070",0,0,0,1,0,0,0,0,0,0,0,2,0,0,0,0,2,0,0,0,0,0,0,0,0,0,0,0,0,0,0,0,0,0,0,0,0,0,0,0,0,1,0,0,0,0,0,0,0,0,0,4,0,0,2,0,32,0,0,0,0,0,0,0,1,0,0,0,0,0,0,"BBF-2006-070",4.09245777600016,-5.27788896931542,"2006",17.6897777891159
"BBF-2006-071",0,0,0,0,0,0,0,0,0,0,0,2,0,0,1,0,1,0,0,0,0,0,0,0,0,0,0,0,0,0,0,0,0,0,0,0,0,0,0,0,0,2,0,0,0,0,0,0,0,0,0,3,1,0,0,0,53,0,0,0,0,0,0,0,0,0,0,0,0,0,0,"BBF-2006-071",4.12215683917407,-4.5908334071674,"2006",15.9818651435867
"BBF-2006-073",0,0,0,0,0,0,0,0,0,0,0,2,0,0,0,0,11,0,0,0,0,0,0,0,0,0,0,0,0,0,0,0,0,0,0,0,0,0,0,0,0,0,0,0,0,0,0,0,0,0,0,2,1,0,0,0,65,0,0,0,0,0,0,0,1,0,0,0,0,0,0,"BBF-2006-073",4.61794559967293,-4.85948176849179,"2006",17.0936280494783
"BBF-2006-074",0,0,0,0,0,0,0,0,0,0,0,1,0,0,0,0,1,0,0,0,0,0,0,0,0,0,0,0,2,0,0,0,0,1,0,0,0,0,0,0,0,1,0,0,0,0,0,0,0,0,0,1,0,0,0,0,2,0,0,0,0,0,0,0,1,0,0,0,0,0,0,"BBF-2006-074",4.14388297555055,-4.17075004246086,"2006",16.5404999652132
"BBF-2006-076",0,0,0,0,0,0,0,0,0,0,0,1,0,0,1,0,10,0,0,0,0,0,0,0,0,0,0,0,0,0,0,0,0,0,0,0,0,0,0,2,0,1,0,0,0,0,0,0,0,0,0,4,0,0,0,0,0,0,0,0,0,0,0,0,1,0,0,0,0,0,0,"BBF-2006-076",6.04374785622671,-6.0997500282526,"2006",23.6358746653795
"BBF-2006-078",0,1,0,0,0,0,0,0,0,0,0,2,0,0,0,0,2,0,0,0,0,0,0,0,0,0,0,0,0,0,0,0,0,0,0,0,0,0,0,0,0,1,0,0,0,0,0,0,0,0,0,2,0,0,0,0,3,0,0,0,0,0,0,0,1,0,0,0,0,0,0,"BBF-2006-078",5.16566103227063,-4.97937506635984,"2006",20.2489582280318
"BBF-2006-080",0,0,0,0,0,0,0,1,0,0,0,1,0,0,1,0,10,0,0,0,0,0,0,0,0,0,0,0,0,0,0,0,0,0,0,0,0,0,0,0,0,1,0,0,0,0,0,0,0,0,0,3,0,0,0,0,0,0,0,0,0,0,0,0,0,0,0,0,0,0,0,"BBF-2006-080",6.97813205970311,-5.67897061074481,"2006",24.1379408110591
"BBF-2006-083",0,0,0,0,0,0,0,0,0,0,0,2,0,0,0,0,0,0,0,0,2,0,0,0,0,0,0,1,0,2,0,2,0,0,0,0,0,0,0,0,0,0,0,0,0,0,0,0,0,0,0,2,0,0,0,0,1,0,0,0,0,0,0,0,1,0,0,0,0,0,0,"BBF-2006-083",4.55429664570648,-3.45134625159777,"2006",17.3236539079593
"KATBF-2005-01",0,0,0,0,0,0,0,0,0,4,0,1,0,0,0,0,16,0,0,0,0,0,0,0,0,0,0,0,0,0,0,0,0,0,0,0,0,0,0,0,0,1,0,0,0,0,0,0,0,0,0,3,0,0,8,0,5,0,0,0,0,0,0,1,1,0,1,1,0,0,0,"KATBF-2005-01",6.07059926036024,-5.25750004649162,"2006",22.2053568456854
"KATBF-2005-02",0,0,0,0,0,0,0,0,0,0,0,2,0,0,0,0,2,0,0,0,0,0,0,0,0,0,0,0,0,0,0,0,0,0,0,0,0,0,0,0,0,1,0,0,0,0,0,0,0,0,0,1,0,0,0,0,0,0,0,0,0,0,1,0,1,0,0,0,0,0,0,"KATBF-2005-02",4.59304176690399,-6.20906261503696,"2006",22.4596874177456
"KATBF-2005-03",0,0,0,0,0,0,0,0,0,0,0,1,0,0,0,0,3,0,0,0,0,0,0,0,0,0,0,0,0,0,0,0,0,1,0,0,0,0,0,0,0,1,0,0,0,0,0,0,0,0,0,2,0,0,0,0,2,0,0,0,0,0,0,0,0,0,0,0,0,0,0,"KATBF-2005-03",5.05849885659985,-5.74675005197525,"2006",21.2144998669624
"KATBF-2005-04",0,0,0,0,0,0,0,0,0,0,0,1,0,0,0,0,8,0,0,0,0,0,0,0,0,0,0,0,0,0,0,0,0,0,0,0,0,0,0,0,0,0,0,0,0,0,0,0,0,0,0,0,0,0,0,0,0,0,0,0,0,0,0,0,1,0,0,0,0,0,0,"KATBF-2005-04",8.14211477809605,-5.54474999427795,"2006",25.00649954319
"KATBF-2005-10",0,0,0,0,0,0,0,0,0,0,0,1,0,0,0,0,0,0,0,0,0,0,0,0,0,0,0,0,0,0,0,0,0,0,0,0,0,0,0,0,0,0,0,0,0,0,0,0,0,0,0,2,0,0,0,0,0,0,0,0,0,0,0,0,1,0,0,0,0,0,0,"KATBF-2005-10",2.51419007202806,-9.37312514781952,"2006",25.4849999189377
"KATBF-2005-11",0,0,0,0,0,0,0,0,0,0,0,2,0,0,0,0,0,0,0,0,0,0,0,0,0,0,0,0,0,0,0,0,0,0,0,0,0,0,0,0,0,1,0,0,0,0,0,0,0,0,0,2,0,0,0,0,2,0,0,0,0,0,0,0,1,0,0,0,0,0,0,"KATBF-2005-11",3.7807779593935,-6.1931251168251,"2006",20.798124986887
"KATBF-2005-12",0,0,0,0,0,0,0,0,0,0,0,2,0,0,0,0,2,0,0,0,0,0,0,0,0,0,0,0,0,0,0,0,0,0,0,0,0,0,0,0,0,1,0,0,0,0,0,0,0,0,0,2,0,0,4,0,5,0,0,0,0,0,0,0,0,0,0,0,0,0,0,"KATBF-2005-12",4.8335904184383,-5.54265636205673,"2006",21.2157810568809
"KATBF-2005-13",0,0,0,0,0,0,0,0,0,0,0,2,0,0,0,0,12,0,0,0,0,0,0,0,0,0,0,0,0,0,0,0,0,2,0,0,0,0,0,0,0,1,0,0,0,0,0,0,0,0,0,3,0,0,0,0,9,0,0,0,0,0,0,0,0,0,0,0,0,0,0,"KATBF-2005-13",5.79548801351264,-5.58810348181889,"2006",21.3524135992445
"KATBF-2005-15",0,0,0,0,0,0,0,0,0,0,0,2,0,0,0,0,2,0,0,0,0,0,0,0,0,0,0,0,0,0,0,0,0,0,0,0,0,0,0,0,0,1,0,0,0,0,0,0,0,0,0,1,0,0,0,0,0,0,0,0,0,0,0,0,0,0,0,0,0,0,0,"KATBF-2005-15",6.24819621978334,-5.39166675209999,"2006",23.5674997746944
"KATBF-2005-16",0,0,0,0,0,0,0,0,0,0,0,1,0,0,0,0,7,0,0,0,0,0,0,0,0,0,0,0,0,0,0,0,0,1,0,0,0,0,0,0,0,1,0,0,0,0,0,0,0,0,0,3,0,0,4,0,0,0,0,0,0,0,0,1,0,0,0,0,0,0,0,"KATBF-2005-16",5.84138114693603,-5.85333340167999,"2006",23.4579163326157
"KATBF-2005-19",0,0,0,0,0,0,0,0,0,0,0,2,0,0,0,0,8,0,0,0,0,0,0,0,0,0,0,0,0,0,0,0,0,1,0,0,0,0,0,0,0,1,0,0,0,0,0,0,0,0,0,2,0,0,2,0,1,0,0,0,0,0,0,0,0,0,0,0,0,0,0,"KATBF-2005-19",6.35756797690487,-5.69455887289608,"2006",23.5460290908813
"KATBF-2005-20",0,0,0,0,0,0,0,1,0,0,0,1,0,0,0,0,2,0,0,0,0,0,0,0,0,0,0,0,0,0,0,0,0,0,0,0,0,0,0,0,0,1,0,0,0,0,0,0,0,0,0,1,0,0,0,0,0,0,0,0,0,0,0,0,1,0,0,0,0,0,0,"KATBF-2005-20",5.50625727838961,-5.06142862439156,"2006",21.3746427186898
"KATBF-2005-21",0,0,0,0,0,0,0,0,0,0,0,2,0,0,1,0,12,0,0,0,0,0,0,0,0,0,0,0,0,0,0,0,0,0,0,0,0,0,0,0,0,2,0,0,0,0,0,0,0,0,0,2,0,0,3,0,0,0,0,0,0,0,0,1,1,0,0,0,0,0,0,"KATBF-2005-21",6.92710378934963,-4.98312503943841,"2006",23.086770457526
"KATBF-2005-22",0,0,0,0,0,0,0,0,0,0,0,2,0,0,0,0,3,0,0,0,0,0,0,0,0,0,0,0,0,0,0,0,0,0,0,0,0,0,0,1,0,1,0,0,0,0,0,0,0,0,0,2,1,0,0,0,5,0,0,0,0,0,0,2,0,0,0,0,0,0,0,"KATBF-2005-22",5.2306405914088,-4.66544124799616,"2006",19.3722057945588
"KATBF-2005-23",0,0,0,0,0,0,0,0,0,0,0,1,0,0,0,0,4,0,0,0,0,0,0,0,0,0,0,0,0,0,0,0,0,0,0,0,0,0,0,0,0,1,0,0,0,0,0,0,0,0,0,1,0,0,0,0,2,0,0,0,0,0,0,0,1,0,0,0,0,0,0,"KATBF-2005-23",6.00159540700123,-5.12275004267693,"2006",21.1754997980595
"KATBF-2005-24",0,0,0,0,0,0,0,0,0,0,0,2,0,0,0,0,10,0,0,0,0,0,0,0,0,0,0,0,0,0,0,0,0,0,0,0,0,0,0,0,0,1,0,0,0,0,0,0,0,0,0,3,0,0,0,0,1,0,0,0,0,0,0,0,0,0,0,0,0,0,0,"KATBF-2005-24",6.83906714420249,-6.02323533506954,"2006",24.4229408362332
"KATBF-2005-26",0,0,0,0,0,0,0,0,0,0,0,2,0,0,0,0,7,0,0,0,0,0,0,0,0,0,0,0,0,0,0,0,0,3,0,0,0,0,1,0,0,1,0,0,0,0,0,0,0,0,0,3,0,0,2,0,0,0,0,0,0,0,0,0,0,0,0,0,0,0,0,"KATBF-2005-26",5.88785353935589,-6.08328951973664,"2006",23.5144734363807
"KATBF-2005-27",0,0,0,0,0,0,0,0,0,0,0,2,0,0,0,0,2,0,0,0,0,0,0,0,0,0,0,0,0,0,0,0,0,0,0,0,0,0,0,0,0,1,0,0,0,0,0,0,0,0,0,1,0,0,0,0,0,0,0,0,0,0,0,0,0,0,0,0,0,0,0,"KATBF-2005-27",6.24819621978334,-5.39166675209999,"2006",23.5674997746944
"KATBF-2005-28",0,0,0,0,0,0,0,0,0,0,0,1,0,0,0,0,2,0,1,0,0,0,0,0,0,0,0,0,0,0,0,0,0,2,0,0,0,0,0,0,0,0,0,0,0,0,0,0,0,0,0,0,1,0,0,0,0,0,0,0,0,0,0,0,1,0,1,0,0,0,0,"KATBF-2005-28",5.56908202159,-3.5063888947169,"2006",18.7036110825009
"KATBF-2005-29",0,0,0,0,0,0,0,0,0,0,0,2,0,0,0,0,1,0,0,0,0,0,0,0,0,0,0,0,0,0,0,0,0,0,0,0,0,0,0,0,0,1,0,0,0,0,0,0,0,0,0,1,0,0,1,0,0,0,0,0,0,0,0,0,0,0,0,0,0,0,0,"KATBF-2005-29",5.53848943842029,-5.40958345532417,"2006",23.2824997762839
"KATBF-2005-31",0,0,0,0,0,0,0,0,0,0,0,0,0,0,0,0,0,0,0,0,0,0,0,0,0,0,0,0,0,0,0,0,0,0,0,0,0,0,0,0,0,1,0,0,0,0,0,0,0,0,0,0,0,0,0,0,0,0,0,0,0,0,0,0,0,0,0,0,0,0,0,"KATBF-2005-31",6.50200000762939,4.52249997854233,"2006",5.53250023126602
"KATBF-2005-32",0,0,0,0,0,0,0,0,0,0,0,1,0,0,0,0,0,0,0,0,0,0,0,0,0,0,0,0,0,0,0,0,0,0,0,0,0,0,0,0,0,0,0,0,1,0,0,0,0,0,0,2,0,0,1,0,14,0,0,0,0,0,0,0,0,0,0,0,0,0,0,"KATBF-2005-32",3.90165799332526,-5.2576316686053,"2006",17.4148684253818
"KATBF-2005-63",0,0,0,0,0,0,0,0,0,0,0,2,0,0,0,0,2,0,0,0,0,0,0,0,0,0,0,0,0,0,0,0,0,1,0,0,0,0,0,0,0,1,0,0,0,0,0,0,0,0,0,2,0,0,3,0,9,0,0,0,0,0,0,0,1,0,0,0,0,0,0,"KATBF-2005-63",4.36187952502438,-5.45035722880136,"2006",19.5380951478368
"a0a0a7d8",0,0,0,0,0,0,0,1,0,0,0,0,0,0,0,0,0,0,0,0,0,0,0,0,0,0,0,0,0,0,0,0,0,0,0,0,0,0,0,0,0,5,0,0,0,0,0,0,0,0,0,0,2,0,0,0,8,0,0,0,0,0,0,0,3,0,0,0,0,0,0,"a0a0a7d8",4.9618914562738,-1.44144742018298,"2022_2023",12.6230264578995
"a0e38e4c",0,0,0,0,0,0,0,5,0,0,0,3,0,0,0,0,3,0,0,0,0,0,0,0,0,0,3,0,0,0,0,0,0,0,0,0,0,0,0,0,0,11,0,0,0,0,0,0,0,0,0,2,1,0,0,0,15,0,0,0,0,0,0,0,0,0,0,0,0,0,0,"a0e38e4c",5.49418236300721,-2.10523261289264,"2022_2023",15.61633728202
"a45372ac",0,0,0,0,0,0,0,0,0,0,0,2,0,0,0,0,5,0,0,0,0,0,0,0,0,0,0,1,0,0,0,0,0,0,0,0,0,0,0,0,0,0,0,0,0,0,0,0,0,0,0,39,0,0,0,0,33,0,0,0,0,0,0,0,0,0,0,0,0,0,0,"a45372ac",2.83261581423667,-8.22984387397766,"2022_2023",22.2272187134623
"a479a49f",0,0,0,0,0,0,0,0,0,0,0,1,0,0,0,0,1,0,0,0,0,0,0,0,0,0,0,0,0,0,0,0,0,0,1,0,0,0,0,0,0,0,0,0,0,0,0,0,0,0,0,18,0,0,0,0,59,0,0,0,0,2,0,0,0,0,1,0,0,0,0,"a479a49f",3.25070797665292,-6.27551213919398,"2022_2023",18.1737349926707
"a7b5df75",0,0,0,0,0,0,0,0,0,0,0,2,0,0,0,0,1,0,0,0,0,0,0,0,0,0,0,0,0,0,0,0,0,0,0,0,0,0,0,0,0,0,0,0,0,0,0,0,0,0,0,7,0,0,0,0,40,0,0,0,0,0,0,0,0,0,0,0,0,0,0,"a7b5df75",3.65262104162457,-5.76875008869171,"2022_2023",17.6134500489235
"a8c75edf",0,0,0,0,0,0,0,5,0,0,0,0,0,0,0,0,0,0,0,0,0,0,0,0,0,0,0,0,0,0,0,0,0,0,0,0,0,0,0,0,0,4,0,0,0,0,0,0,0,0,0,0,1,0,0,0,17,0,0,0,0,0,0,0,1,0,0,0,0,0,0,"a8c75edf",4.53094883308406,-2.91267862426383,"2022_2023",14.3171429866127
"a92f11bc",0,0,0,0,0,0,0,0,0,0,0,2,0,0,2,0,1,0,0,0,0,0,0,0,0,0,0,0,0,0,0,0,0,0,0,0,0,0,0,0,0,2,0,0,0,0,0,0,0,0,0,62,0,0,1,0,21,0,0,0,0,1,0,0,0,0,0,0,0,0,0,"a92f11bc",2.06768296329684,-9.33633167005104,"2022_2023",23.9042119031367
"aa0d5a97",0,0,0,0,0,0,0,0,0,0,0,0,0,0,0,0,0,0,0,0,0,0,0,0,0,0,0,0,0,0,0,0,0,3,0,0,0,0,0,0,0,10,0,0,0,0,0,0,0,0,0,0,0,0,0,0,88,0,0,0,0,0,0,0,4,0,0,0,0,0,0,"aa0d5a97",4.00272695106838,-3.87776196275439,"2022_2023",14.3366191593806
"ab165e76",0,0,0,0,0,0,0,0,0,0,0,1,0,0,0,0,0,0,0,0,0,0,0,0,0,0,0,0,0,0,0,0,0,0,0,0,0,0,0,0,0,0,0,0,0,0,0,0,0,0,0,0,0,0,0,0,4,0,0,0,0,0,0,0,0,0,0,0,0,0,0,"ab165e76",4.29249268145057,-5.17100009202957,"2022_2023",17.8265000367165
"ac62b9c3",0,0,0,0,0,0,0,0,0,0,0,1,0,0,0,0,0,0,0,0,0,0,0,0,0,0,0,0,0,0,0,0,0,0,0,0,0,0,0,1,0,0,0,0,0,0,0,0,0,0,0,3,0,0,2,0,14,0,0,0,0,0,0,0,0,0,1,0,0,0,0,"ac62b9c3",3.57673658548749,-5.84227282025597,"2022_2023",18.6322727203369
"af8bc475",0,0,5,0,0,0,0,0,0,0,0,0,0,0,0,0,1,0,0,0,0,0,0,0,0,0,0,0,0,0,0,0,0,0,0,0,0,0,0,0,0,0,0,0,0,0,0,0,0,0,0,25,0,0,0,0,37,0,0,0,0,0,0,0,0,0,0,0,0,0,0,"af8bc475",2.76710342622112,-7.37797804667669,"2022_2023",20.157095577261
"b11be902",0,0,1,0,0,0,0,0,0,0,0,0,0,0,0,0,1,0,0,0,0,0,0,0,0,0,0,0,0,0,0,0,1,0,0,0,0,0,0,0,0,0,1,0,0,0,0,0,0,0,0,9,0,0,1,0,9,0,0,0,0,0,0,0,0,0,0,0,0,0,0,"b11be902",3.25767913316151,-7.26641315377277,"2022_2023",21.6079347309859
"b5a61449",0,3,0,0,0,0,0,0,0,0,0,3,0,0,0,0,1,0,0,0,0,0,0,0,0,0,0,0,0,0,0,0,2,2,0,0,0,0,0,0,0,0,0,0,0,0,0,0,0,0,0,17,0,0,0,0,61,0,0,0,0,0,0,0,0,0,0,0,0,0,0,"b5a61449",3.68483616274305,-5.65410120768493,"2022_2023",18.0292978030912
"b7d69942",0,0,4,0,0,0,0,0,0,0,0,3,0,0,2,0,4,0,0,0,0,0,0,0,0,0,0,0,0,0,0,0,0,0,0,0,0,0,0,0,0,0,0,0,0,0,0,0,0,0,0,5,0,0,0,0,6,0,0,0,0,0,0,0,0,0,0,0,0,0,0,"b7d69942",4.48838025955875,-6.53489589740833,"2022_2023",22.2027081007759
"b985696c",0,0,0,0,0,0,0,6,0,0,0,1,0,0,0,0,5,0,0,0,0,0,0,0,0,0,0,4,0,0,0,0,0,0,0,0,0,0,0,1,0,7,0,0,0,0,0,0,0,0,0,70,1,0,0,0,52,0,0,0,0,2,0,0,0,0,0,0,0,0,0,"b985696c",2.85505336132183,-7.49125850480675,"2022_2023",21.112281870602
"bac32223",0,0,0,0,0,0,0,0,0,0,0,1,0,0,0,0,1,0,0,0,0,0,0,0,0,0,0,0,0,0,0,0,0,0,1,0,0,0,0,5,0,0,0,0,0,0,0,0,0,0,0,5,0,0,0,0,26,0,0,0,0,0,0,0,0,0,0,0,0,0,0,"bac32223",3.45872735466021,-5.77826930437333,"2022_2023",17.8672436280128
"c52a6a0a",0,0,0,0,0,0,0,2,0,0,0,0,0,0,4,0,0,0,0,0,0,0,0,0,0,0,0,0,0,0,0,0,0,0,0,0,0,0,0,0,0,2,0,0,0,0,0,0,0,0,0,2,3,0,0,0,20,0,0,0,0,0,0,0,0,0,0,0,0,0,0,"c52a6a0a",4.86070150130504,-3.28318187504104,"2022_2023",15.5804545644558
"c5ec5e0f",0,0,0,0,0,0,0,0,0,0,0,3,0,0,0,0,4,0,0,0,0,0,0,0,0,0,0,1,0,0,0,0,0,0,0,0,6,0,0,4,0,0,1,0,0,0,0,0,0,0,0,16,1,0,0,0,23,0,0,0,0,0,0,0,0,0,2,0,0,0,0,"c5ec5e0f",3.54804217507385,-6.47377057837658,"2022_2023",20.0893851809814
"d0ca5be3",0,0,0,0,0,0,0,0,0,0,0,6,0,0,2,0,2,0,0,0,0,0,0,0,0,0,0,0,0,0,0,0,0,0,0,0,0,0,0,1,0,0,0,0,0,0,0,0,0,0,0,8,1,0,1,0,49,0,0,0,0,0,0,0,0,0,0,0,0,0,0,"d0ca5be3",4.03689022376774,-5.52025008695466,"2022_2023",18.2188571441174
"d2584dd2",0,0,0,0,0,0,0,2,0,0,0,0,0,0,0,0,1,0,0,0,0,0,0,0,0,0,0,0,0,0,0,0,0,0,0,0,0,0,0,0,0,1,0,0,0,0,0,0,0,0,0,9,3,0,0,0,34,0,0,0,0,0,0,0,0,0,0,0,7,0,0,"d2584dd2",4.4646276236419,-3.95960533911722,"2022_2023",16.4263597496769
"d46f5314",0,0,0,0,0,0,0,2,0,0,0,1,0,0,0,0,4,0,0,0,0,0,0,0,0,0,0,1,0,0,0,1,0,0,0,0,1,0,0,0,0,6,0,0,0,0,0,0,0,0,0,2,3,0,0,0,2,0,0,0,0,0,0,0,0,0,0,0,0,0,0,"d46f5314",6.30246580299096,-1.1756522204565,"2022_2023",15.2148912932562
"d5d14392",0,0,0,1,0,0,0,0,0,0,0,1,0,0,1,0,2,0,0,0,0,0,0,0,0,0,0,0,0,0,0,0,0,0,0,0,0,0,0,0,0,0,0,0,0,0,0,0,0,0,0,18,0,0,0,0,52,0,0,0,0,0,0,0,0,0,0,0,0,0,0,"d5d14392",3.43011846536648,-6.38240009323756,"2022_2023",18.740766690731
"d5f490e0",0,0,0,0,0,0,0,0,0,0,0,2,0,0,0,0,1,0,0,0,0,0,0,0,0,0,0,2,0,0,0,0,0,0,0,0,7,0,0,0,0,8,0,0,0,0,0,0,0,0,0,3,0,0,0,0,3,0,0,0,0,0,0,0,0,0,0,0,0,0,0,"d5f490e0",4.78682172433569,-2.42605775182064,"2022_2023",14.8104807188878
"d6f84526",0,0,0,0,0,0,0,0,0,0,0,0,0,0,0,0,0,0,0,0,0,0,0,0,0,0,0,0,0,0,0,0,0,0,0,0,1,0,0,0,0,1,0,0,0,0,0,0,0,0,0,0,0,0,7,0,42,0,0,0,0,0,0,0,1,0,0,0,0,0,0,"d6f84526",4.03474019696274,-4.57235585176028,"2022_2023",16.1107692370048
"d99d953e",0,0,0,0,0,0,0,0,0,0,0,1,0,0,0,0,1,0,0,0,0,0,0,0,0,0,0,2,0,0,0,0,0,0,0,0,2,0,0,0,0,3,0,0,0,0,0,0,0,0,0,17,0,0,1,0,43,0,0,0,0,0,0,0,0,0,0,0,0,0,0,"d99d953e",3.44860023446057,-5.95482152410916,"2022_2023",18.2229643063886
"da248fc9",0,0,0,0,0,0,0,0,1,0,0,5,0,0,0,0,18,0,0,0,0,0,0,0,0,0,0,0,0,0,0,0,0,0,0,0,0,0,0,0,0,1,0,0,0,0,0,0,0,0,0,46,0,0,0,0,28,0,0,0,0,1,0,0,0,0,0,0,0,1,0,"da248fc9",3.5816716987261,-8.02435654354568,"2022_2023",23.269356320164
"deef00a6",0,0,0,0,0,0,0,2,0,0,0,0,0,0,0,0,3,0,0,0,0,0,0,0,0,0,0,5,0,0,0,0,0,0,0,0,0,0,0,0,0,5,0,0,0,0,0,0,0,0,0,28,5,0,0,0,25,0,0,0,0,0,0,0,0,0,0,0,0,0,0,"deef00a6",3.70546486453492,-5.92907544750057,"2022_2023",19.525856172222
"e45d7b11",0,2,0,0,0,0,0,0,0,0,0,0,0,0,1,0,1,0,0,0,0,0,0,0,1,0,2,2,0,0,0,0,0,0,0,0,0,0,0,0,0,2,0,0,0,0,0,0,0,0,0,24,3,0,0,0,64,0,0,0,0,0,0,0,0,0,0,0,0,0,0,"e45d7b11",3.86156788014825,-5.43740204952511,"2022_2023",17.9727451467631
"e482fac6",0,0,0,0,0,0,0,1,0,0,0,7,0,0,0,0,6,1,0,0,0,0,0,0,0,0,0,0,0,0,0,0,0,0,0,0,0,0,0,2,0,0,0,0,0,0,0,0,0,0,0,38,1,0,1,0,21,0,0,0,0,0,0,0,0,0,0,0,0,0,0,"e482fac6",3.07732989153189,-8.30910269182462,"2022_2023",23.4577563390518
"e49684aa",0,0,0,0,0,0,0,1,0,0,0,1,0,0,0,0,4,0,0,0,0,0,0,0,0,0,0,0,0,0,0,0,0,0,0,0,0,0,0,0,0,0,0,0,0,0,0,0,0,0,0,62,0,0,0,0,44,0,0,0,0,0,0,0,0,0,0,0,0,0,0,"e49684aa",2.43497716899702,-8.67564745476203,"2022_2023",22.5687053358448
"e5aa2c1a",0,0,0,0,0,0,0,0,0,0,0,0,0,0,0,0,3,0,0,0,0,0,0,0,0,0,0,0,0,0,0,0,0,0,0,0,12,0,0,0,0,3,0,0,0,0,0,0,0,0,0,24,0,0,0,0,12,0,0,0,0,0,0,0,0,0,0,0,0,0,0,"e5aa2c1a",2.89532317188453,-7.16597233017286,"2022_2023",20.3898610240883
"f20ca0b1",0,0,0,0,0,0,0,7,0,0,0,1,0,0,0,0,0,0,0,0,0,0,0,0,0,0,1,0,0,0,0,0,0,0,0,0,0,0,0,0,0,14,0,0,0,0,0,0,0,0,0,27,2,0,0,0,59,0,0,0,0,0,0,0,0,0,0,0,0,0,0,"f20ca0b1",3.69497889562406,-4.98454964026674,"2022_2023",17.2583108884257
"f25e59ca",0,0,0,0,0,0,0,0,0,0,0,0,0,0,0,0,1,0,0,0,0,0,0,0,0,0,0,2,0,0,0,0,0,0,0,0,1,0,0,0,0,6,0,0,0,0,0,0,0,0,0,20,4,0,0,0,6,0,0,0,0,0,0,0,0,0,0,0,0,0,0,"f25e59ca",3.58288239547495,-5.74937512040138,"2022_2023",19.6722500097752
"f2991b14",0,0,0,0,0,0,0,1,0,0,0,2,0,1,5,0,3,0,0,0,0,0,0,0,0,0,1,0,0,0,0,0,0,0,0,0,0,0,0,0,0,0,0,0,0,0,0,0,0,0,0,68,0,0,0,0,49,0,0,0,0,4,0,0,0,0,0,0,0,0,0,"f2991b14",2.60320608499765,-8.1922948963829,"2022_2023",22.0518469780461
"f3f8f037",0,0,0,0,0,0,0,0,0,0,0,3,0,0,0,0,5,0,0,0,0,0,0,0,0,0,1,0,0,0,0,0,0,0,0,0,0,0,0,0,0,0,0,0,0,0,0,0,0,0,0,12,0,0,0,0,10,0,0,0,0,0,0,0,0,0,0,0,0,0,0,"f3f8f037",3.93292315524217,-7.58274204461805,"2022_2023",23.1216934492511
"f4ee8590",0,0,0,0,0,0,0,0,0,0,0,2,0,0,0,0,5,0,0,0,0,0,0,0,0,0,0,0,0,0,0,0,0,0,0,0,0,0,0,0,0,3,0,0,0,0,0,0,0,0,0,10,0,0,0,0,6,0,0,0,0,0,0,0,0,0,0,0,0,0,0,"f4ee8590",4.19874315396616,-6.67451933026314,"2022_2023",21.8516345157073
"f51955eb",0,0,0,0,0,0,0,0,0,0,0,1,0,0,0,0,3,0,0,0,0,0,0,0,0,0,0,0,0,0,0,0,0,0,0,0,0,0,0,0,0,0,0,0,0,0,0,0,0,0,0,17,0,0,0,0,106,0,0,0,0,0,0,0,0,0,0,0,0,0,0,"f51955eb",3.62506112334638,-5.64116150121989,"2022_2023",17.1375197424663
"f753ab42",0,0,0,0,0,0,0,0,0,0,0,1,0,0,3,0,2,0,0,0,0,0,0,0,0,0,0,0,0,0,0,0,0,0,0,0,3,0,0,0,0,10,0,0,0,0,0,0,0,0,0,12,0,0,0,0,24,0,0,0,0,1,0,0,0,0,0,0,0,0,0,"f753ab42",4.0392871981923,-4.45473221646888,"2022_2023",16.8005357056856
"f7bb8461",0,0,0,0,0,0,0,0,0,0,0,0,0,0,0,0,2,0,0,0,0,0,0,0,0,0,0,8,11,0,0,1,0,0,0,0,0,0,0,0,0,0,1,0,0,0,0,0,0,0,0,17,0,0,0,0,8,0,0,0,0,0,0,0,0,0,0,0,0,0,0,"f7bb8461",3.55792824926275,-5.54348966012476,"2022_2023",18.4302082370229
"f9419a4f",0,0,0,0,0,0,0,0,0,0,0,0,0,0,0,0,0,0,0,0,0,0,0,0,0,0,0,8,0,0,0,0,0,0,0,0,0,0,0,0,0,0,0,0,0,0,0,0,0,0,0,0,0,0,0,0,37,0,0,0,0,0,0,0,0,0,0,0,0,0,0,"f9419a4f",4.34183552157883,-4.16888894531462,"2022_2023",15.477111155457
