"","Achirus lineatus","Alpheus heterochaelis","Anchoa mitchilli","Archosargus probatocephalus","Ariopsis felis","Armases americanum","Armases cinereum","Bagre marinus","Bairdiella chrysoura","Bathygobius soporator","Callinectes sapidus","Callinectes similis","Citharichthys spilopterus","Clibanarius vittatus","Crassostrea virginica","Ctenogobius boleosoma","Ctenogobius shufeldti","Cynoscion arenarius","Cynoscion nebulosus","Cyprinodon variegatus","Dormitator maculatus","Eleotris amblyopsis","Eucinostomus argenteus","Eucinostomus melanopterus","Eurytium limosum","Evorthodus lyricus","Fundulus grandis","Fundulus jenkinsi","Fundulus pulvereus","Fundulus similis","Fundulus xenicus","Gobionellus oceanicus","Gobiosoma bosc","Lagodon rhomboides","Leiostomus xanthurus","Littoraria irrorata","Lucania parva","Lutjanus griseus","Macrobrachium ohione","Menidia beryllina","Micropogonias undulatus","Minuca spp.","Mugil cephalus","Mugil curema","Myrophis punctatus","Negaprion brevirostris","Neverita delessertiana","Opsanus beta","Pachygrapsus gracilis","Pagurus armatus","Pagurus longicarpus","Palaemon spp.","Panopeus herbstii","Panopeus obesus","Panopeus simpsoni","Paralichthys lethostigma","Penaeus aztecus","Penaeus duorarum","Penaeus setiferus","Petrolisthes armatus","Phrontis vibex","Poecilia latipinna","Pogonias cromis","Probopyrus pandalicola","Sciaenops ocellatus","Sesarma reticulatum","Solenosteira cancellaria","Symphurus plagiusa","Syngnathus louisianae","Syngnathus scovelli","Trinectes maculatus","SampleID","mean_sti","Year"
"1",0,0,0,0,0,0,0,0,0,0,0,0,0,0,0,0,0,0,0,0,0,0,0,0,0,0,0,0,0,0,0,0,0,0,0,0,0,0,0,0,0,4,0,2,0,0,0,0,0,0,0,6,0,0,0,0,5,0,2,0,0,0,0,0,0,0,0,0,0,0,0,"1",14.5915722251135,"2016"
"2",0,0,0,0,0,0,0,0,0,0,7,0,0,0,0,1,0,0,0,0,0,0,0,0,0,0,2,0,0,0,1,0,0,0,0,0,0,0,0,4,0,7,0,0,0,0,0,0,0,0,0,19,0,0,0,0,5,0,6,0,0,0,0,0,0,0,0,0,0,0,0,"2",13.2664869384777,"2016"
"3",0,0,0,0,0,0,0,0,0,0,9,0,0,0,0,0,0,0,0,0,0,0,0,0,0,0,1,0,0,0,0,0,0,0,0,0,0,0,0,0,0,47,0,0,0,0,0,0,0,0,0,4,0,0,0,0,2,0,10,0,0,0,1,0,0,0,0,0,0,0,0,"3",15.0333515132729,"2016"
"4",0,0,0,0,0,0,0,0,0,0,17,0,0,0,0,7,0,0,0,0,0,0,0,0,0,0,1,0,0,0,0,0,2,0,0,0,0,0,0,0,0,44,0,1,0,0,0,0,0,0,0,57,0,0,0,0,10,0,170,0,0,0,0,0,0,1,0,0,0,0,0,"4",15.3429849460203,"2016"
"5",0,0,0,0,0,0,0,0,0,0,31,0,0,0,0,0,0,0,0,0,0,1,0,0,0,7,2,0,0,0,0,0,0,0,0,0,0,0,0,2,0,37,0,0,1,0,0,0,0,0,0,222,1,0,0,0,8,0,130,0,0,4,0,0,0,0,0,0,0,0,0,"5",13.8244747473466,"2016"
"6",0,0,0,0,0,0,0,0,0,0,16,0,0,0,0,6,0,0,0,0,0,0,0,0,1,1,2,0,0,0,2,0,0,0,0,0,0,0,0,0,0,9,0,0,0,0,0,1,0,0,0,207,6,0,0,0,8,0,25,0,0,0,0,0,0,3,0,0,0,0,0,"6",12.6259930623944,"2016"
"7",0,0,0,0,0,0,0,0,0,0,40,0,0,0,0,1,0,0,2,0,0,0,0,0,0,0,0,0,0,0,0,0,0,0,0,0,0,0,0,0,0,0,0,3,0,0,0,0,0,0,0,59,0,0,0,0,13,0,95,0,0,0,0,0,0,0,0,0,0,0,0,"7",14.0612035210594,"2016"
"8",0,0,0,0,0,0,0,0,0,0,71,0,0,0,0,19,0,0,0,0,0,0,0,0,0,0,0,0,0,0,0,0,0,0,0,0,0,0,0,0,0,17,0,0,0,0,0,0,0,0,0,102,0,0,0,0,57,0,286,0,0,0,0,0,0,1,0,1,0,0,0,"8",14.8232196340743,"2016"
"9",0,0,0,0,0,0,0,0,0,0,26,0,0,0,0,6,0,0,0,0,0,0,0,0,0,0,1,0,0,0,1,0,0,0,0,0,0,0,0,0,0,60,2,0,0,0,0,0,0,0,0,104,1,0,0,0,15,0,167,0,0,1,0,0,0,3,0,0,0,0,0,"9",14.7938170672597,"2016"
"10",0,0,0,0,0,0,0,0,0,0,16,0,0,0,0,0,0,0,0,0,0,0,0,0,0,0,0,0,0,0,0,0,0,0,0,0,0,0,0,0,0,9,0,0,0,0,0,0,0,0,0,92,4,0,0,0,6,0,25,0,0,0,0,0,0,1,0,0,0,0,0,"10",12.7847590709974,"2016"
"11",0,0,0,0,0,0,0,0,0,0,13,0,0,0,0,0,0,0,0,0,0,0,0,0,0,0,1,0,0,0,0,0,0,0,0,0,0,0,0,3,0,2,0,0,0,0,0,0,0,0,0,46,1,0,0,0,8,0,39,0,0,0,0,0,0,0,0,0,0,0,0,"11",13.6467010483157,"2016"
"12",0,0,1,0,0,0,0,0,0,0,6,0,0,0,0,2,0,0,0,0,0,0,1,0,0,0,0,0,0,0,0,0,0,0,0,0,0,0,0,11,0,0,0,0,0,0,0,0,0,0,0,2,0,0,0,0,3,0,2,0,0,0,0,0,0,0,0,0,0,0,0,"12",12.4199351144416,"2016"
"13",1,0,0,0,0,0,0,0,0,0,2,5,0,0,0,3,0,0,0,0,0,0,1,0,0,0,0,0,0,0,0,0,0,0,0,0,0,0,0,0,0,0,0,0,0,0,0,0,0,0,0,23,0,0,0,0,3,0,3,0,0,0,0,0,0,0,0,0,0,0,0,"13",13.7249020763321,"2016"
"14",0,0,4,0,0,0,0,0,0,0,10,1,1,0,0,6,0,0,1,0,0,0,0,0,0,0,1,0,0,0,0,0,0,0,0,0,0,0,0,0,0,2,0,0,0,0,0,0,0,0,0,30,0,0,0,0,11,0,45,0,0,0,0,0,0,0,0,4,0,0,0,"14",14.6828267091343,"2016"
"15",0,0,7,0,0,0,3,0,0,0,93,0,0,1,0,6,0,0,0,0,0,0,0,0,0,0,0,0,0,0,0,0,0,0,0,0,0,0,0,0,0,12,0,0,0,0,0,0,0,0,0,112,0,0,0,0,33,0,96,0,0,0,0,0,0,0,0,0,0,0,0,"15",13.195738636461,"2016"
"16",0,0,0,0,0,0,3,0,0,0,46,0,0,0,0,2,0,0,0,0,0,0,0,0,0,0,0,0,0,0,0,1,0,0,0,0,0,0,0,0,0,38,0,0,0,0,0,0,0,0,0,17,0,0,0,0,23,0,55,0,0,0,0,0,0,0,0,0,0,0,0,"16",14.0989070234867,"2016"
"17",0,0,0,0,0,0,1,0,0,0,102,0,2,1,0,3,0,0,0,0,0,0,0,0,0,0,1,0,0,0,0,0,1,1,0,0,0,0,0,0,0,13,0,0,0,0,0,0,0,0,0,175,0,0,0,0,28,0,153,0,0,0,0,0,0,0,0,0,0,0,0,"17",13.376510421459,"2016"
"18",0,0,0,0,0,0,2,0,0,0,170,0,0,0,0,0,0,0,0,0,0,1,0,0,0,0,0,0,0,0,0,0,0,0,0,0,0,0,0,0,0,42,0,0,0,0,0,0,0,0,0,70,0,0,0,0,11,0,53,0,0,0,0,0,0,0,0,0,0,0,0,"18",12.1593937822697,"2016"
"19",0,0,3,0,0,0,0,0,0,0,23,0,1,0,0,13,0,0,5,0,1,0,0,0,0,1,0,0,0,0,0,0,0,0,0,0,0,2,0,0,0,3,0,0,0,0,0,0,0,0,0,311,0,0,0,0,21,0,937,0,0,0,0,0,0,0,0,0,0,0,0,"19",15.6440702659988,"2016"
"20",0,0,0,0,0,0,0,0,0,0,3,2,0,0,0,9,0,0,0,0,0,0,0,0,0,0,0,0,0,0,0,0,2,0,0,0,0,1,0,0,0,5,0,0,0,0,0,0,0,1,0,67,3,0,0,0,2,0,20,0,0,0,0,0,0,1,0,0,0,0,0,"20",13.3459682127006,"2016"
"21",0,0,1,0,0,0,1,0,0,0,15,0,0,0,0,4,0,0,0,0,0,0,0,0,0,0,0,0,0,0,0,0,0,1,0,0,0,0,0,0,0,1,0,0,0,0,0,0,0,0,0,53,2,0,0,0,10,0,61,0,0,0,0,0,0,0,0,0,0,0,0,"21",14.161252522306,"2016"
"22",1,0,0,0,0,0,1,0,0,0,34,0,0,0,0,6,0,0,0,0,0,0,0,0,0,0,0,0,0,0,0,0,0,0,0,0,0,0,0,0,0,10,1,0,0,0,0,0,0,0,0,43,0,0,0,0,13,0,70,0,0,0,0,0,0,1,0,0,0,0,0,"22",14.0961796328721,"2016"
"23",0,0,0,0,0,0,3,0,0,0,38,0,0,0,0,10,0,0,1,0,0,0,1,0,0,0,2,0,0,0,2,0,0,0,0,0,0,0,0,0,0,11,0,0,0,0,0,0,0,0,0,94,1,0,0,0,8,0,26,0,0,0,0,0,0,0,0,0,0,0,0,"23",12.9567915432277,"2016"
"24",1,0,0,0,0,0,0,0,0,0,23,0,0,0,0,15,0,0,0,0,0,0,0,0,0,2,2,0,0,0,0,0,0,0,0,0,0,0,0,0,0,16,0,0,0,0,0,0,0,0,0,70,3,0,0,0,12,0,54,0,0,0,0,0,0,0,0,0,0,0,0,"24",14.0842343419869,"2016"
"25",0,0,0,0,1,0,0,0,0,0,30,0,0,0,0,4,0,0,1,0,0,0,0,0,0,0,2,0,0,0,0,0,0,0,0,0,0,0,0,0,0,19,0,0,0,0,0,0,0,0,0,14,0,0,0,0,20,0,44,0,0,0,0,0,0,0,0,0,0,0,0,"25",14.3115495926765,"2016"
"26",0,0,0,0,0,0,0,0,0,0,21,0,1,0,0,6,0,0,0,0,0,0,0,0,0,0,0,0,0,0,0,0,0,0,0,0,0,0,0,0,0,11,0,0,0,0,0,0,0,0,0,39,2,0,0,0,14,1,48,0,0,0,0,0,0,0,0,0,0,0,0,"26",14.1740945054842,"2016"
"27",0,0,0,0,0,0,8,0,0,0,50,0,0,0,0,12,0,0,0,0,0,0,0,0,0,1,2,0,0,0,0,0,0,0,0,0,0,0,0,0,0,52,0,0,0,0,0,0,0,0,0,98,1,0,0,0,56,0,12,0,0,0,0,0,0,0,0,0,0,0,0,"27",13.2289888887828,"2016"
"28",0,0,0,0,0,0,4,0,0,0,39,0,0,1,0,6,0,0,0,0,0,0,0,0,0,0,1,0,0,0,0,0,1,0,0,0,0,1,0,0,0,27,0,0,0,0,0,0,0,0,0,67,0,0,0,0,13,0,109,0,0,0,0,0,0,0,0,0,0,0,0,"28",14.3569286874114,"2016"
"29",0,0,0,0,0,0,0,0,0,0,7,0,0,0,0,5,0,0,0,0,0,0,0,0,0,0,0,0,0,0,0,1,0,0,0,0,0,0,0,4,0,5,2,0,0,0,0,0,0,0,0,106,1,0,0,0,7,0,127,0,0,0,0,0,0,0,0,0,0,0,0,"29",14.5680506907834,"2016"
"30",0,0,0,0,0,0,0,0,0,0,9,0,0,0,0,2,0,0,0,0,0,0,0,0,0,0,0,0,0,0,0,0,0,0,0,0,0,0,0,0,0,68,0,0,0,0,0,0,0,0,0,102,0,0,0,0,11,0,130,0,0,9,0,0,0,0,0,0,0,0,0,"30",14.9555091223953,"2016"
"31",0,0,0,0,0,0,0,0,0,0,5,0,0,1,0,2,0,0,0,0,0,0,0,0,0,0,1,0,0,0,2,0,0,0,0,0,0,0,0,0,0,99,0,0,0,0,0,0,0,0,0,8,1,0,0,0,1,0,9,0,0,7,0,0,0,0,0,0,0,0,0,"31",15.6382024662496,"2016"
"32",0,0,0,0,0,0,0,0,0,0,35,0,0,0,0,4,0,0,0,0,0,0,0,0,0,0,1,0,0,0,0,0,0,0,0,0,0,0,0,0,0,22,0,0,1,0,0,0,0,0,0,21,3,0,0,0,34,0,115,0,0,7,0,0,0,0,0,0,0,0,0,"32",15.0013179671678,"2016"
"33",0,0,0,0,0,0,0,0,0,0,31,0,0,0,0,9,0,0,1,0,0,0,0,0,0,0,3,0,0,0,0,0,0,0,0,0,0,0,0,0,0,27,1,0,0,0,0,0,0,0,0,122,0,0,0,0,21,0,88,0,0,3,0,0,0,0,0,0,0,0,0,"33",13.9711623754797,"2016"
"34",0,0,0,0,0,0,0,0,0,0,24,0,0,0,0,2,0,0,0,1,0,0,0,0,0,0,0,0,0,0,0,0,0,0,0,0,0,0,0,0,0,20,0,0,0,0,0,0,0,0,0,19,0,0,0,0,22,0,36,0,0,2,0,0,0,0,0,1,0,0,0,"34",14.1926046504276,"2016"
"35",0,6,48,0,0,0,0,0,0,0,43,0,1,0,0,12,0,0,0,0,0,1,0,0,0,0,0,0,0,0,0,0,0,0,0,0,0,0,0,0,0,8,0,0,0,0,0,0,0,0,0,39,0,0,0,0,2,0,72,0,0,0,0,0,0,0,0,2,0,0,0,"35",14.4363025894361,"2016"
"36",0,0,0,0,0,0,2,0,0,0,19,0,0,0,0,25,0,0,0,0,0,0,0,0,0,0,3,0,0,0,0,0,0,0,0,0,0,0,0,0,0,44,0,0,0,0,0,0,0,0,0,79,0,0,0,0,8,0,87,0,0,2,0,0,0,0,0,0,0,0,0,"36",14.7702743573306,"2016"
"37",0,0,0,0,0,0,0,0,0,0,22,0,0,0,0,8,0,0,0,0,0,0,0,0,0,0,3,0,0,0,1,0,0,0,0,0,0,0,0,0,0,101,1,0,0,0,0,0,0,0,0,17,0,0,0,0,2,0,71,0,0,21,0,0,0,0,0,1,0,0,0,"37",15.6408625876985,"2016"
"38",0,1,0,0,0,0,0,0,0,0,59,0,0,0,0,10,0,0,0,0,0,0,0,1,0,1,1,0,0,0,0,0,0,1,0,0,0,1,0,0,0,1,0,0,0,0,0,0,0,0,0,84,0,0,0,0,5,0,30,0,0,1,0,0,0,2,0,0,0,0,0,"38",12.6190537328702,"2016"
"39",0,0,0,0,0,0,3,0,0,0,63,0,0,0,0,10,0,0,0,0,0,0,0,0,0,0,1,0,0,0,0,0,1,0,0,0,0,1,0,0,0,19,0,0,0,0,0,0,0,0,0,43,1,0,0,0,9,0,104,0,0,0,0,0,0,0,0,1,0,0,0,"39",14.0849327098403,"2016"
"40",0,0,0,0,0,0,0,0,0,0,101,0,0,1,0,6,0,0,0,0,0,0,0,0,0,0,1,0,0,0,0,0,0,0,0,0,0,0,0,0,0,26,0,0,0,0,0,0,0,0,0,23,0,0,0,0,17,0,68,0,0,0,0,0,0,5,0,0,0,0,0,"40",13.0798433293165,"2016"
"41",0,0,0,0,0,0,0,0,0,0,11,0,0,2,0,0,0,0,0,0,0,0,0,0,0,0,1,0,0,0,0,0,1,0,0,0,0,0,0,0,0,7,0,0,0,0,0,0,0,0,0,12,0,0,0,0,16,0,33,0,0,0,0,0,0,0,0,1,0,0,0,"41",14.5514230402552,"2016"
"42",0,0,2,0,0,0,0,0,0,0,4,0,0,0,0,0,0,0,0,0,0,0,0,0,0,0,0,0,0,0,0,0,1,0,0,0,0,0,0,2,0,0,3,0,0,0,0,0,0,0,0,2,0,0,0,0,12,0,2,0,0,0,0,0,0,0,0,0,0,0,0,"42",13.2496261307002,"2016"
"43",0,0,0,0,0,0,0,0,0,0,3,0,0,0,0,0,0,0,0,0,0,0,0,0,0,0,1,0,0,0,0,0,2,1,0,0,0,0,0,0,0,1,0,0,0,0,0,0,0,0,0,1,0,0,0,0,6,0,5,0,0,0,0,0,0,0,0,0,0,0,0,"43",13.7085486483711,"2016"
"44",0,0,0,0,0,0,0,0,0,0,2,0,0,0,0,0,0,0,0,0,0,0,0,0,0,0,0,2,0,0,0,0,0,0,0,0,0,0,0,0,0,3,0,0,0,0,0,0,0,0,0,1,0,0,0,0,8,0,33,0,0,0,0,0,0,0,0,0,0,0,0,"44",16.0730346080785,"2016"
"45",0,0,0,0,0,0,0,0,0,0,4,0,0,0,0,0,0,0,0,0,0,0,0,0,0,0,0,0,0,0,3,0,0,0,0,0,0,0,0,2,0,0,0,0,0,0,0,0,0,0,0,4,1,0,0,0,3,0,2,0,0,0,0,0,0,0,0,0,0,0,0,"45",13.0334700611488,"2016"
"46",0,0,1,0,0,0,0,0,0,0,4,0,0,1,0,3,0,0,0,0,0,0,0,0,0,0,2,0,0,0,0,0,4,0,0,0,0,0,0,2,0,0,0,0,0,0,0,0,0,0,0,37,0,0,0,0,3,0,15,0,0,0,0,0,0,0,0,1,0,0,0,"46",13.0863234759421,"2016"
"47",0,0,0,0,0,0,0,0,0,0,3,0,0,0,0,0,0,0,0,2,0,0,0,0,0,0,1,0,0,0,1,0,0,0,0,0,0,0,0,3,0,0,0,0,0,0,0,0,0,0,0,3,0,0,0,0,9,0,7,0,0,1,0,0,0,0,0,0,0,0,0,"47",13.9914013085927,"2016"
"48",0,0,0,0,0,0,0,0,0,0,3,0,0,0,0,1,0,0,0,0,0,0,0,0,0,0,0,2,0,0,0,0,0,1,0,0,0,0,0,0,0,0,0,0,0,0,0,0,0,0,0,35,0,0,0,0,40,0,40,0,0,9,0,0,0,0,0,0,0,0,0,"48",14.7479853795884,"2016"
"49",0,0,0,0,0,0,0,0,0,0,13,0,0,1,0,0,0,0,0,0,0,0,0,0,0,0,1,0,0,0,0,0,0,0,0,0,0,0,0,0,0,0,0,0,0,0,0,0,0,0,0,7,3,0,0,0,0,0,15,0,0,0,0,0,0,0,0,0,0,0,0,"49",13.2311864254844,"2016"
"50",0,0,0,0,0,4,0,0,0,0,1,3,0,5,0,8,0,1,1,0,0,0,0,0,0,0,0,0,0,0,0,0,1,0,0,0,0,0,0,12,0,0,0,0,0,0,0,0,0,0,0,21,0,0,0,0,32,0,11,0,0,0,0,0,0,0,0,0,0,0,0,"50",14.5244244823931,"2016"
"51",0,0,0,0,0,0,0,0,0,0,5,0,0,0,0,4,0,0,0,0,0,0,0,0,0,0,1,0,0,0,0,0,0,0,0,0,0,0,0,1,0,0,2,0,0,0,0,0,0,0,0,6,0,0,0,0,14,0,48,0,0,0,0,0,0,0,0,0,0,0,0,"51",15.6296216268397,"2016"
"52",0,0,0,0,0,0,0,0,0,0,3,0,0,0,0,6,0,0,0,0,0,0,0,0,0,0,0,0,0,0,0,0,1,0,0,0,0,0,0,2,0,0,0,0,0,0,0,0,0,0,0,10,1,0,0,0,14,0,16,0,0,0,0,0,0,0,0,1,0,0,0,"52",14.4597788549128,"2016"
"53",0,0,0,0,0,0,0,0,0,0,11,0,0,0,0,3,0,0,0,0,0,0,0,0,0,0,5,0,0,0,0,0,4,0,0,0,0,0,0,0,0,0,0,0,0,0,0,0,0,0,0,6,0,0,0,0,9,0,41,0,0,0,0,0,0,0,0,0,0,1,0,"53",14.8049363277621,"2016"
"54",0,0,3,0,0,0,0,0,0,0,4,0,0,0,0,0,0,0,0,0,0,0,0,0,0,0,0,0,0,0,0,0,0,0,0,0,0,0,0,0,0,0,1,0,0,0,0,0,0,0,0,4,0,0,0,0,5,0,48,0,0,0,0,0,0,0,0,0,0,0,0,"54",15.9012202470258,"2016"
"55",0,0,0,0,0,0,0,0,0,0,4,1,0,0,0,5,0,0,0,0,0,0,0,0,0,0,0,0,0,0,0,0,2,1,2,0,0,0,0,0,1,0,0,0,0,0,0,0,0,0,0,32,1,0,0,0,8,0,4,0,0,0,0,0,0,0,0,0,0,0,0,"55",12.6794091285196,"2016"
"56",0,0,0,0,0,0,0,0,0,0,10,9,0,1,0,8,0,0,0,0,0,0,0,0,0,0,0,0,0,0,0,0,0,1,0,0,0,0,0,0,0,0,0,0,0,0,0,0,0,0,0,101,0,0,0,0,39,0,2,0,0,0,0,0,0,1,0,0,0,0,0,"56",12.9197814922891,"2016"
"57",0,0,0,0,0,0,0,0,0,0,23,0,0,0,0,0,0,0,0,0,0,0,0,0,0,0,0,0,0,0,0,0,2,1,0,0,0,0,0,0,0,0,0,0,0,0,0,0,0,0,0,19,0,0,0,0,12,0,3,0,0,0,0,0,0,0,0,0,0,0,0,"57",11.6734171303239,"2016"
"58",0,0,0,0,0,0,0,0,0,0,10,0,0,0,0,0,0,0,0,0,0,0,0,0,0,0,0,0,0,0,0,0,0,0,0,0,0,0,0,2,0,0,0,0,0,0,0,0,0,0,0,4,1,0,0,0,1,0,3,0,0,0,0,0,0,0,0,0,0,0,0,"58",11.479525428521,"2016"
"59",0,0,0,0,0,0,0,0,0,0,3,0,0,0,0,0,0,0,0,1,0,0,0,0,0,0,1,0,0,0,0,0,0,0,0,0,0,0,0,0,0,2,1,0,0,0,0,0,0,0,0,7,1,0,0,0,6,0,24,0,0,0,0,0,0,0,0,0,0,0,0,"59",15.0617505987725,"2016"
"60",0,0,0,0,0,0,0,0,0,0,0,0,0,0,0,1,0,0,0,0,0,0,0,0,0,0,0,0,0,0,0,0,0,0,0,0,0,0,0,0,0,0,0,0,0,0,0,0,0,0,0,3,0,0,0,0,5,0,13,0,0,0,0,0,0,0,0,0,0,0,0,"60",15.7431879028023,"2016"
"61",0,0,22,0,0,0,0,0,0,0,20,0,0,0,0,19,0,0,0,0,0,0,0,0,0,1,1,0,0,0,0,1,0,0,0,0,0,0,0,2,0,1,0,0,1,0,0,0,0,0,0,135,0,0,0,0,2,0,42,0,0,0,0,0,0,0,0,0,0,0,0,"61",13.403392319807,"2016"
"62",0,0,0,0,0,0,0,0,0,0,6,0,0,0,0,1,0,0,1,0,0,0,0,0,0,0,0,0,0,0,0,0,0,0,0,0,0,0,0,2,0,0,0,0,1,0,0,0,0,0,0,12,1,0,0,0,6,0,92,0,0,1,0,0,0,0,0,0,0,0,0,"62",15.8739375910607,"2016"
"63",0,0,2,0,0,0,0,0,0,0,15,0,0,0,0,3,0,0,0,0,0,0,0,0,0,0,0,0,0,0,0,0,2,0,0,0,0,0,0,0,0,0,0,0,0,0,0,0,0,0,0,18,0,0,0,0,13,0,15,0,0,3,0,0,0,0,0,0,0,0,0,"63",13.3689502308331,"2016"
"64",0,0,0,0,0,0,0,0,0,0,1,0,0,0,0,0,0,0,0,0,0,0,0,0,0,0,0,0,0,0,0,0,0,0,0,0,0,0,0,0,0,0,0,0,0,0,0,0,0,0,0,1,0,0,0,0,3,0,8,0,0,0,0,0,0,0,0,0,0,1,0,"64",15.7218811882373,"2016"
"65",0,0,0,0,0,0,0,0,0,0,0,0,0,1,0,1,0,0,0,0,0,0,0,0,0,0,1,0,0,0,0,0,0,0,0,0,0,0,0,0,0,0,0,0,0,0,0,0,0,0,0,4,0,0,0,0,4,0,7,0,0,0,0,0,0,0,0,0,0,0,0,"65",15.2825801367049,"2016"
"66",0,0,0,0,0,0,0,0,0,0,7,0,0,0,0,3,0,0,0,0,0,0,0,0,0,0,0,0,0,0,0,0,0,0,0,0,0,0,0,0,0,0,1,0,0,0,0,0,0,0,0,10,0,0,0,0,8,1,28,0,0,5,0,0,0,0,0,0,0,0,0,"66",15.2317216347423,"2016"
"67",0,0,0,0,0,0,0,0,0,0,2,0,0,0,0,0,0,0,0,1,0,0,0,0,0,0,1,0,0,0,0,0,0,0,0,0,0,0,0,0,0,0,0,0,0,0,0,0,0,0,0,3,0,0,0,0,1,0,8,0,0,1,0,0,0,0,0,0,0,0,0,"67",14.8129129445532,"2016"
"68",0,0,0,0,0,0,0,0,0,0,2,0,0,0,0,2,0,0,0,0,0,0,0,0,0,0,0,0,0,0,0,0,0,0,0,0,0,0,0,0,0,0,0,0,0,0,0,0,0,0,0,18,0,0,0,0,17,0,52,0,0,0,0,0,0,0,0,0,0,0,0,"68",15.3580118105786,"2016"
"69",0,0,2,0,0,0,0,0,0,0,1,0,0,0,0,1,0,0,0,0,0,0,0,0,0,0,0,0,0,0,0,0,0,0,0,0,0,0,0,1,0,0,2,0,0,0,0,0,0,0,0,29,0,0,0,0,18,0,7,0,0,0,0,0,0,0,0,0,0,0,0,"69",13.4567024757884,"2016"
"70",0,0,0,0,0,0,0,0,0,0,1,12,0,0,0,1,0,0,0,0,0,0,0,0,0,1,2,0,0,0,0,0,0,0,0,0,0,2,0,21,0,0,0,0,0,0,0,0,0,0,0,79,0,0,0,0,22,0,43,0,0,3,0,0,0,0,0,0,0,0,0,"70",13.7985199058123,"2016"
"71",0,0,0,0,0,0,0,0,0,0,0,0,0,0,0,3,0,0,0,0,0,0,0,0,0,0,0,0,0,0,0,0,0,0,0,0,0,0,0,3,0,0,0,0,0,0,0,0,0,0,0,8,0,0,0,0,3,0,26,0,0,0,0,0,0,0,0,0,0,0,0,"71",15.4678514860084,"2016"
"72",0,0,0,0,0,0,0,0,0,0,1,3,0,0,0,9,0,0,0,0,0,0,0,0,0,0,0,0,0,0,0,0,0,0,0,0,0,0,0,0,0,0,0,0,0,0,0,0,0,0,0,8,0,0,0,0,9,0,6,0,0,0,0,0,0,0,0,0,0,0,0,"72",15.1042722227852,"2016"
"73",0,0,0,0,0,0,0,0,0,0,3,0,0,0,0,3,0,0,0,0,0,0,0,0,0,0,3,0,0,0,0,0,0,1,0,0,0,0,0,0,0,0,0,0,0,0,0,0,0,0,0,48,1,0,0,0,10,0,11,0,0,0,0,0,0,0,0,0,0,0,0,"73",13.2939243334055,"2016"
"74",0,0,0,0,0,0,0,0,0,0,6,0,0,0,0,34,0,0,0,0,0,0,0,0,0,0,0,0,0,0,0,0,2,0,0,0,0,0,0,10,0,0,0,0,0,0,0,0,0,0,0,16,2,0,0,0,2,0,79,0,0,1,0,0,0,0,0,0,0,0,0,"74",15.6507198867094,"2016"
"75",0,0,0,0,0,0,0,0,0,0,6,0,0,0,0,0,0,0,0,1,0,0,0,0,0,0,1,0,0,0,0,0,0,0,0,0,0,0,0,0,0,1,0,0,0,0,0,0,0,0,0,16,2,0,0,0,13,0,23,0,0,0,0,0,0,0,0,0,0,0,0,"75",14.1587042182732,"2016"
"76",0,0,0,0,0,0,0,0,0,0,0,0,0,0,0,1,0,0,0,0,0,0,0,0,0,0,2,0,0,0,0,0,0,0,0,0,0,0,0,0,0,0,1,0,0,0,0,0,0,0,0,2,0,0,0,0,0,0,8,0,0,2,0,0,0,0,0,0,0,0,0,"76",16.4435819674331,"2016"
"77",0,0,0,0,0,0,0,0,0,0,3,0,0,0,0,3,0,0,0,0,0,0,0,0,0,2,0,0,0,0,0,0,0,0,0,0,0,0,0,18,0,1,0,0,0,0,0,0,0,0,0,61,0,0,0,0,8,0,46,0,0,0,0,0,0,0,0,0,0,0,0,"77",13.7221191742552,"2016"
"78",0,0,1,0,0,1,0,0,0,0,7,0,0,0,0,18,0,0,0,0,0,0,0,0,0,0,2,0,0,0,0,0,3,0,0,0,0,0,0,10,0,0,0,0,0,0,0,0,0,0,0,89,0,0,0,0,12,0,49,0,0,1,0,0,0,0,0,0,0,0,0,"78",13.8239873474301,"2016"
"79",0,0,0,0,0,0,0,0,0,0,2,0,0,0,0,1,0,0,0,0,0,0,0,0,0,0,2,0,0,0,0,0,1,2,0,0,0,0,0,4,0,0,1,0,0,0,0,0,0,0,0,20,0,0,0,0,7,0,8,0,0,0,0,0,0,0,0,0,0,0,0,"79",13.4172232401878,"2016"
"80",0,0,1,0,0,0,0,0,0,0,11,0,0,0,0,1,0,0,0,0,0,0,0,0,0,0,0,0,0,0,0,0,0,1,0,0,0,0,0,0,0,0,1,0,0,0,0,0,0,0,0,31,0,0,0,0,26,0,66,0,0,0,0,0,0,0,0,0,0,0,0,"80",14.7562303321244,"2016"
"03d1161c",0,0,0,0,0,0,3,0,0,0,0,0,0,0,0,1,0,0,0,0,0,0,0,0,0,0,0,0,0,0,0,0,0,0,0,0,0,0,0,0,0,20,0,0,0,0,0,0,0,0,0,2,0,2,0,0,0,0,1,0,0,0,0,0,0,1,0,0,0,0,0,"03d1161c",15.3905026344878,"2022_2023"
"0505ed01",0,0,0,0,0,0,3,0,0,0,1,0,0,0,0,4,0,0,0,0,0,0,0,0,0,0,1,0,0,0,0,0,0,0,0,0,0,0,0,0,0,9,0,0,0,0,0,0,0,0,0,7,0,2,0,0,0,0,42,0,0,0,0,0,0,0,0,0,0,0,0,"0505ed01",16.1509322402572,"2022_2023"
"05244dc3",0,0,0,0,0,0,0,0,0,0,3,0,0,0,0,11,0,0,0,0,0,0,0,0,0,1,2,0,0,0,0,0,0,0,0,0,0,0,0,0,0,0,0,0,0,0,0,0,0,0,0,215,0,0,0,0,0,0,34,0,0,0,0,0,1,0,0,3,0,0,0,"05244dc3",12.8803324280268,"2022_2023"
"0d2059f3",0,0,0,0,0,0,0,0,0,0,4,0,0,1,0,10,0,0,0,0,0,0,0,0,0,0,0,0,0,0,0,0,0,0,0,0,0,0,0,0,0,0,0,0,0,0,0,0,0,0,0,46,0,0,0,0,0,0,3,0,0,0,0,0,0,0,1,0,0,0,0,"0d2059f3",13.0353310936845,"2022_2023"
"10ef41b4",0,0,14,0,0,0,0,0,0,0,1,0,0,0,0,2,0,0,0,0,0,0,0,0,0,0,0,0,0,0,0,0,0,0,0,0,0,0,0,0,0,0,0,0,0,0,0,0,0,0,0,0,0,0,0,0,0,0,44,0,0,0,0,0,0,0,0,0,0,0,0,"10ef41b4",16.3668030533977,"2022_2023"
"1179b291",0,0,0,0,0,0,0,0,0,0,3,0,0,5,0,4,0,0,0,0,0,0,0,0,0,0,1,0,0,0,0,0,0,0,0,0,0,0,0,0,0,0,0,0,0,0,0,0,0,0,0,23,0,0,0,0,0,0,47,0,0,0,0,2,0,0,0,0,0,0,0,"1179b291",15.1879631294339,"2022_2023"
"121b1ba9",0,0,0,0,0,0,0,0,0,0,2,0,0,0,0,4,0,0,0,0,0,0,0,0,0,0,3,0,0,0,0,0,0,0,0,0,0,0,0,0,0,2,0,0,0,0,0,0,0,0,0,62,0,4,0,0,0,0,17,0,0,1,0,0,0,0,0,0,0,0,0,"121b1ba9",13.618239516671,"2022_2023"
"124ad590",0,0,0,0,0,0,0,0,0,0,9,0,0,1,0,4,0,0,0,0,0,0,0,18,0,0,0,0,0,0,0,0,0,0,0,0,0,0,0,0,8,0,0,0,0,0,0,0,0,4,0,4,0,0,2,0,0,0,3,4,1,0,0,0,0,0,0,0,0,0,0,"124ad590",15.5181032128586,"2022_2023"
"1276dccd",0,0,0,0,0,0,0,0,0,0,1,0,0,0,0,5,0,0,0,0,0,0,0,0,0,0,2,0,0,0,0,0,0,0,0,6,0,0,0,0,0,4,0,0,0,0,0,0,3,0,0,0,0,0,0,0,0,0,19,0,0,0,0,0,0,0,0,0,0,0,0,"1276dccd",16.2157743217685,"2022_2023"
"1ee4bcab",0,1,0,0,0,0,0,0,0,0,2,0,0,0,2,8,0,0,0,0,0,0,0,0,0,1,1,0,0,0,0,0,0,0,0,0,0,0,0,0,0,0,0,0,0,0,0,0,0,1,0,22,0,1,0,0,0,0,19,1,0,0,0,0,0,0,0,0,0,0,0,"1ee4bcab",14.6423043899869,"2022_2023"
"1f36d182",0,0,0,0,0,0,0,0,0,0,6,0,0,0,0,10,0,0,0,1,0,0,0,0,0,0,1,0,0,0,0,0,0,0,0,1,0,0,0,1,0,0,0,0,0,0,0,0,0,0,0,58,0,0,0,0,3,0,98,0,0,0,0,5,0,0,0,0,0,0,0,"1f36d182",14.8579822598593,"2022_2023"
"1fb154c1",0,0,0,0,0,0,0,0,0,0,0,0,1,0,0,1,0,0,0,0,0,0,0,0,0,0,0,0,0,0,0,0,0,0,0,0,0,0,0,0,0,4,1,0,0,0,0,0,0,0,0,1,0,1,0,0,0,0,22,0,0,0,0,0,0,0,0,0,0,0,0,"1fb154c1",16.7421989906398,"2022_2023"
"22dc2bdf",0,0,0,0,0,0,0,0,0,0,0,0,0,0,0,1,0,0,0,0,0,0,0,0,0,0,32,0,0,4,1,0,0,0,0,0,0,0,0,1,0,0,2,0,0,0,0,0,0,0,0,0,0,0,0,0,0,0,34,0,0,0,0,0,0,0,0,0,0,0,0,"22dc2bdf",16.8603844358849,"2022_2023"
"286cc7fc",0,0,0,0,0,0,0,0,0,0,2,0,0,1,0,3,0,0,0,0,0,0,0,0,0,0,0,0,0,0,0,0,0,0,0,0,0,0,0,0,0,0,0,0,0,0,0,0,0,0,0,14,0,0,0,0,0,0,37,0,0,0,0,0,0,0,0,0,0,0,0,"286cc7fc",15.5196086268706,"2022_2023"
"2910dc8f",0,0,0,0,0,0,0,0,0,0,2,0,0,0,0,3,0,0,0,0,0,0,0,0,0,0,2,0,0,0,0,0,0,0,0,0,0,0,0,0,0,2,0,0,0,0,0,0,0,0,0,8,0,1,0,0,0,0,5,0,0,1,0,0,0,0,0,0,0,0,0,"2910dc8f",14.8063767830624,"2022_2023"
"2ce5c7ea",0,0,0,0,0,0,2,0,0,0,3,0,0,0,0,4,0,0,0,0,0,0,0,0,0,0,0,0,0,0,0,0,0,0,0,0,0,0,0,0,0,9,0,0,0,0,0,0,0,0,0,92,0,3,0,0,0,0,196,0,0,0,0,3,0,0,0,0,0,0,0,"2ce5c7ea",15.3310616616298,"2022_2023"
"2e2b516a",0,0,0,0,0,0,0,0,0,0,0,0,0,0,0,13,0,0,0,0,0,0,0,0,0,0,1,1,0,0,0,0,0,0,0,0,0,0,0,0,0,8,0,0,0,0,0,0,0,0,0,113,0,8,0,0,0,0,15,0,0,1,0,0,0,0,0,0,0,0,0,"2e2b516a",13.503413184996,"2022_2023"
"3096ab9a",0,0,1,0,0,0,1,0,0,0,1,0,0,1,0,0,0,0,0,0,0,0,0,0,0,0,0,0,0,0,0,0,0,0,0,0,0,0,0,1,0,0,0,0,0,0,0,0,0,0,0,78,0,0,0,0,0,0,51,0,0,0,0,0,0,0,0,1,0,0,0,"3096ab9a",13.8945888888994,"2022_2023"
"329c5f18",0,0,0,0,0,0,1,0,0,0,4,0,0,0,0,3,0,0,0,0,0,0,0,0,0,0,0,0,0,0,0,0,0,0,0,0,0,0,0,1,0,11,0,0,0,0,0,0,0,0,0,13,0,1,0,0,1,0,21,0,0,0,0,0,0,0,0,0,0,0,0,"329c5f18",14.9119874108483,"2022_2023"
"36c3a7a9",0,0,0,0,0,0,1,0,0,0,1,0,0,0,0,6,0,0,0,0,0,0,0,0,0,0,0,0,0,0,0,0,0,0,0,1,0,0,0,0,0,6,0,0,0,0,0,0,0,0,0,35,0,5,0,0,0,0,23,0,0,0,0,0,0,0,0,0,0,0,0,"36c3a7a9",14.5819987220879,"2022_2023"
"39a22c63",0,1,0,0,0,0,0,0,0,3,0,0,0,0,0,0,0,0,0,0,0,0,0,0,0,0,0,0,0,0,0,0,0,0,0,0,0,0,0,0,0,0,0,0,0,0,0,0,0,0,0,107,0,0,0,0,0,0,84,0,0,0,0,0,0,0,0,0,0,0,0,"39a22c63",14.2849105588171,"2022_2023"
"3aee966b",0,0,0,0,0,0,0,0,0,0,3,0,0,4,0,6,0,0,0,0,0,0,0,0,0,0,0,0,0,0,0,0,0,0,0,2,0,0,0,0,0,0,0,0,1,0,0,0,0,0,0,0,0,0,0,1,0,0,31,0,0,0,0,0,0,0,0,0,0,0,0,"3aee966b",16.2816615095962,"2022_2023"
"3dc44fa2",0,0,0,0,0,0,0,0,0,0,0,0,0,0,0,0,0,0,0,0,0,0,0,0,0,3,0,0,0,0,0,0,0,0,0,0,0,0,0,0,0,2,0,0,0,0,0,0,0,0,0,47,0,0,0,0,0,0,26,0,0,0,0,0,0,0,0,0,0,0,0,"3dc44fa2",13.9862127082911,"2022_2023"
"4055fb57",0,0,24,0,0,0,0,0,0,0,0,0,0,0,0,0,0,0,0,0,0,0,0,0,0,0,0,0,0,0,0,0,0,0,0,0,0,0,0,9,0,0,0,0,0,0,0,0,0,0,0,0,0,0,0,0,0,0,1,0,0,0,0,0,0,0,0,0,0,0,0,"4055fb57",13.6170836717544,"2022_2023"
"41bfdee8",0,0,0,0,0,0,0,0,0,0,0,0,0,0,0,11,0,0,0,0,0,0,0,0,0,0,0,0,0,0,0,0,0,0,0,0,0,0,0,0,0,0,0,0,0,0,0,0,0,0,0,125,0,0,0,0,0,0,54,0,0,0,0,1,0,0,0,0,0,0,0,"41bfdee8",13.6720589662463,"2022_2023"
"4217433d",0,0,0,0,0,0,0,0,0,0,0,0,0,0,0,0,0,0,0,0,0,0,0,0,0,0,1,0,0,0,0,0,0,0,0,0,0,0,0,0,0,0,0,0,0,0,0,0,0,0,0,8,0,0,0,0,0,0,6,0,0,0,0,0,0,0,0,0,0,0,0,"4217433d",14.2809266460976,"2022_2023"
"4cb86d8e",0,0,0,0,0,0,1,0,0,0,1,0,0,0,0,6,0,0,1,0,0,0,0,0,0,0,0,0,0,0,0,0,0,0,0,0,0,0,0,1,0,0,0,0,0,0,1,0,0,0,0,0,0,0,0,0,1,0,13,0,0,0,0,0,0,0,0,0,0,0,0,"4cb86d8e",16.3166584368094,"2022_2023"
"4ea6871a",0,0,0,0,0,0,0,0,0,0,2,0,0,0,0,0,0,0,0,0,0,0,0,0,0,0,0,0,0,0,0,0,0,0,0,3,0,0,0,1,0,10,0,0,0,0,0,0,0,0,0,6,0,2,0,0,0,0,3,0,0,0,0,0,0,0,0,0,0,0,0,"4ea6871a",14.1387816815213,"2022_2023"
"4fc39c30",0,0,2,0,0,0,0,0,0,0,4,0,0,0,0,2,0,0,0,0,0,0,0,0,0,0,0,0,0,0,0,0,1,0,0,0,0,0,0,0,0,0,0,0,0,0,0,0,0,0,0,14,0,0,0,0,0,0,26,0,0,0,0,0,0,0,0,0,0,0,0,"4fc39c30",14.6514464542464,"2022_2023"
"52a8182e",0,0,0,0,0,0,0,0,0,0,2,0,0,0,0,7,0,0,0,0,0,0,0,0,0,0,3,0,0,0,0,0,0,0,0,0,0,0,0,0,0,0,0,0,0,0,0,0,0,0,0,110,0,2,0,0,0,0,48,0,0,0,0,1,0,0,0,0,0,0,0,"52a8182e",13.6859390451737,"2022_2023"
"5445998d",0,0,0,0,0,0,0,0,0,0,1,0,0,0,0,2,0,0,1,0,0,0,0,0,0,0,0,0,0,0,0,0,0,0,0,0,0,0,0,1,0,0,0,0,0,0,0,0,0,0,0,12,0,0,0,0,1,0,22,0,0,0,0,0,0,0,0,0,0,0,0,"5445998d",15.0842032095243,"2022_2023"
"54b8fc49",0,0,1,0,0,0,0,0,0,0,0,0,0,0,0,0,0,0,0,0,0,0,0,0,0,0,0,0,0,0,0,0,0,0,0,0,0,0,0,2,0,0,0,0,0,0,0,0,0,0,0,0,0,0,0,0,0,0,12,0,0,0,0,0,0,0,0,3,0,0,0,"54b8fc49",15.9399995645937,"2022_2023"
"5653960b",0,0,0,0,0,0,5,0,0,0,0,0,0,0,0,0,0,0,0,0,0,0,0,0,0,0,1,0,0,0,1,0,0,0,0,0,0,0,0,0,0,10,1,0,0,0,0,0,0,0,0,0,0,1,1,0,0,0,0,0,0,0,0,0,0,0,0,0,0,0,0,"5653960b",15.5342127805301,"2022_2023"
"56dad4fd",0,0,0,0,0,0,0,0,0,0,7,0,0,0,0,2,0,0,0,0,0,0,0,0,0,0,0,0,0,0,0,0,1,0,0,0,0,0,0,0,0,0,0,0,0,0,0,0,0,0,0,0,0,2,0,0,0,0,4,0,0,0,0,0,0,0,0,0,0,0,0,"56dad4fd",13.4027407197044,"2022_2023"
"5925e1f7",0,2,0,0,0,0,0,0,0,0,6,0,0,2,0,7,0,0,0,0,0,0,0,0,0,0,0,0,0,0,0,0,0,1,0,0,0,0,0,0,0,0,0,0,0,0,0,0,0,1,0,60,0,1,1,0,0,0,44,1,0,0,0,0,0,0,0,5,0,0,0,"5925e1f7",14.3461093589167,"2022_2023"
"5d20023f",0,0,0,0,0,0,3,0,0,0,0,0,0,0,0,8,0,0,0,0,0,0,0,0,0,1,1,0,0,0,0,0,0,0,0,0,0,0,0,0,0,2,0,0,0,0,0,0,0,0,0,220,0,8,0,0,0,0,197,0,0,0,0,1,0,0,0,0,0,0,0,"5d20023f",14.4644223216696,"2022_2023"
"5e4ec044",0,0,3,0,0,0,0,0,0,0,0,0,0,0,0,0,0,0,0,0,0,0,0,0,0,0,0,0,0,0,0,0,0,0,0,0,0,0,0,0,0,0,0,0,0,0,0,0,0,0,0,0,0,0,0,0,0,0,1,0,0,0,0,0,0,0,0,0,0,0,0,"5e4ec044",15.2374759197818,"2022_2023"
"5ee6731e",0,0,0,0,0,0,0,0,0,0,0,0,0,0,0,5,0,0,0,0,0,0,0,0,0,0,1,0,0,0,0,0,0,0,0,3,0,0,0,0,0,6,0,0,0,0,0,0,0,0,0,5,0,1,0,0,0,0,43,0,0,0,0,0,0,0,0,0,0,0,0,"5ee6731e",16.301362576044,"2022_2023"
"5ef66f4c",0,0,0,0,0,0,2,0,0,0,1,0,2,0,0,1,0,0,0,0,0,0,0,0,0,0,0,0,0,0,0,0,0,0,0,0,0,0,0,0,0,7,0,0,0,0,0,0,0,0,0,50,0,1,0,0,0,0,22,0,0,0,0,0,0,0,0,0,0,0,0,"5ef66f4c",13.8084558231287,"2022_2023"
"5f2537fb",0,0,0,0,0,0,0,0,0,0,4,0,0,0,0,2,0,0,0,0,0,0,0,0,0,0,0,0,0,0,0,0,0,0,0,0,0,0,0,0,3,0,0,0,0,0,0,0,0,0,0,7,0,0,0,0,1,0,85,0,0,0,0,0,1,0,0,0,0,0,0,"5f2537fb",16.1967595240091,"2022_2023"
"615ef5cf",0,0,0,0,0,0,1,0,0,0,1,0,0,0,0,2,0,0,0,0,0,0,0,0,0,0,2,0,0,0,0,0,0,0,0,0,0,0,0,2,0,6,0,0,0,0,0,0,0,0,0,25,0,0,0,0,0,0,35,0,0,0,0,0,0,0,0,0,0,0,0,"615ef5cf",14.8786091532953,"2022_2023"
"618bb6ab",0,0,0,0,0,0,0,0,0,0,0,0,0,2,0,1,0,0,0,0,0,0,0,0,0,0,0,0,0,0,0,0,0,0,0,0,0,0,0,0,0,0,0,0,0,0,0,0,0,0,1,0,0,0,0,0,0,0,0,0,0,0,0,0,0,0,8,1,0,0,0,"618bb6ab",15.6868586997947,"2022_2023"
"68bb7209",0,2,2,0,0,0,0,0,0,0,1,0,0,0,0,7,0,0,0,0,0,0,0,0,0,0,0,0,0,0,0,0,6,0,0,0,0,0,0,3,0,0,0,0,1,0,0,0,0,0,0,8,0,1,1,0,0,0,42,0,0,0,0,0,0,0,0,1,0,0,0,"68bb7209",15.3865540431056,"2022_2023"
"6abec928",0,0,0,0,0,0,0,0,0,0,3,0,0,0,0,2,0,0,0,0,0,0,0,0,0,0,0,0,0,0,0,0,0,0,0,16,0,0,0,3,0,0,1,0,0,0,0,0,0,0,0,7,0,1,0,0,0,0,22,0,0,0,0,0,0,0,0,0,0,0,0,"6abec928",13.8564190043991,"2022_2023"
"6b75c051",0,0,0,0,0,0,1,0,0,0,0,0,0,0,0,1,0,0,0,0,0,0,0,0,0,0,0,0,0,0,0,0,0,0,0,0,0,0,0,0,0,18,0,0,0,0,0,0,0,0,0,14,0,0,0,0,0,0,6,0,0,0,0,0,1,0,0,0,0,0,0,"6b75c051",14.660350121269,"2022_2023"
"6c2b31b8",0,0,0,0,0,0,0,0,0,0,0,0,0,0,0,1,0,0,0,0,0,0,0,0,0,0,1,0,0,0,0,0,0,0,0,0,0,0,0,0,0,3,0,0,0,0,0,0,0,0,0,10,0,0,0,0,0,0,39,0,0,0,0,0,0,0,0,0,0,0,0,"6c2b31b8",16.0118727563207,"2022_2023"
"6d4ba637",0,0,0,0,0,0,8,0,0,0,0,0,0,0,0,1,0,0,0,0,0,0,0,0,0,0,0,0,0,0,0,0,0,0,0,0,0,0,0,0,0,8,0,0,0,0,0,0,0,0,0,24,0,2,0,0,0,0,12,0,0,0,0,1,0,8,0,0,0,0,0,"6d4ba637",13.3704680995919,"2022_2023"
"7268c73c",0,0,0,0,0,0,1,0,0,0,1,0,0,0,0,5,0,0,0,0,0,0,0,0,0,0,1,0,0,0,0,0,0,0,0,0,0,0,0,0,0,1,0,0,0,0,0,0,0,0,0,22,0,0,0,0,0,0,10,0,0,0,0,0,0,0,0,0,0,0,0,"7268c73c",14.0451949242453,"2022_2023"
"7418128e",0,0,0,0,0,0,0,0,0,0,0,0,0,0,0,3,0,0,0,0,0,0,0,0,0,1,3,1,0,0,0,0,0,0,0,1,0,0,0,0,0,16,0,0,0,0,0,0,0,0,0,5,0,1,0,0,0,0,6,0,0,0,0,0,0,1,0,0,0,0,0,"7418128e",15.6287184070994,"2022_2023"
"77d490c5",0,0,0,0,0,0,0,0,0,0,2,0,0,4,0,7,0,0,0,0,0,0,0,0,0,0,0,0,0,0,0,0,2,0,0,0,0,0,0,2,0,0,2,0,0,0,0,0,0,0,0,26,0,0,0,0,0,0,22,0,0,0,0,0,0,0,0,0,0,0,0,"77d490c5",14.2628539053281,"2022_2023"
"79464cf2",0,0,0,0,0,0,0,0,0,0,5,0,0,0,0,7,0,0,0,0,0,0,0,0,0,0,0,0,0,0,0,0,0,0,0,0,0,0,0,0,0,0,0,0,0,0,0,0,0,0,0,7,0,0,0,0,3,0,43,0,0,0,0,0,0,0,0,0,0,0,0,"79464cf2",15.8429810954097,"2022_2023"
"7b9bfc39",0,5,12,0,0,0,0,0,0,1,1,0,0,1,1,0,0,0,0,0,0,0,0,0,0,0,0,0,0,0,0,0,2,0,0,0,0,0,0,2,0,0,0,0,0,0,0,0,0,0,0,9,0,0,6,0,0,0,33,0,0,0,0,0,0,0,0,1,0,0,0,"7b9bfc39",15.829487171515,"2022_2023"
"7b9ead19",0,0,2,0,0,0,0,0,0,0,0,0,0,0,0,1,0,0,0,0,0,0,0,0,0,0,0,0,0,0,0,0,0,0,0,0,0,0,0,0,0,0,0,0,0,0,0,0,0,0,0,0,0,0,0,0,0,0,11,0,0,0,0,0,0,0,0,2,0,0,0,"7b9ead19",16.5966714373953,"2022_2023"
"7cd62228",0,0,0,0,0,0,5,0,0,0,2,0,0,1,0,3,0,0,0,0,0,0,0,0,0,0,0,0,0,0,0,0,0,0,0,0,0,0,0,0,0,2,0,0,0,0,0,0,0,0,0,19,0,1,0,0,0,0,21,0,0,0,0,0,0,0,0,0,0,0,1,"7cd62228",14.4829285524154,"2022_2023"
"7cffd5ac",0,0,0,0,0,0,0,0,0,0,0,0,0,0,0,0,0,0,0,0,0,0,0,0,0,0,2,0,0,0,0,0,0,0,0,0,0,0,0,0,0,15,0,0,0,0,0,0,0,0,0,7,0,2,0,0,0,0,9,0,0,0,0,0,0,0,0,0,0,0,0,"7cffd5ac",15.6159168095163,"2022_2023"
"7d23bc66",0,0,0,0,0,0,0,0,0,0,0,0,0,0,0,1,0,0,0,0,0,0,0,0,0,0,0,0,0,0,0,0,0,0,0,6,0,0,0,0,0,5,0,0,0,0,0,0,0,0,0,0,0,0,0,0,0,0,20,0,0,0,0,0,0,0,0,0,0,0,0,"7d23bc66",15.7128145451332,"2022_2023"
"80e424b0",0,0,0,0,0,0,0,0,0,0,2,0,0,0,0,0,0,0,0,0,0,0,0,0,0,0,0,0,0,0,0,0,0,0,0,0,0,0,0,0,0,0,0,0,0,0,0,0,0,0,0,23,0,0,0,0,0,0,34,0,0,0,0,0,0,0,0,0,0,0,0,"80e424b0",14.7683338272216,"2022_2023"
"83e078b1",0,0,0,0,0,0,1,0,0,0,3,0,0,0,0,0,0,0,0,0,0,0,0,0,0,0,0,0,0,0,0,0,0,0,0,0,0,0,0,0,0,0,0,0,0,0,0,0,0,0,0,11,0,0,0,0,0,0,35,0,0,0,0,0,0,0,0,0,0,0,0,"83e078b1",15.3583471848444,"2022_2023"
"8772d256",0,0,0,0,0,0,0,0,0,0,1,0,0,0,0,4,0,0,0,0,0,0,0,0,0,0,9,0,0,0,0,0,0,0,0,0,0,0,0,0,0,7,0,0,0,0,0,0,0,0,0,9,0,0,0,0,0,0,17,0,0,0,0,0,0,0,0,0,0,0,0,"8772d256",15.7508623799272,"2022_2023"
"8b7f944b",0,0,0,0,0,0,2,0,0,0,4,0,0,0,0,12,0,0,0,0,0,0,0,0,0,0,1,0,0,0,0,0,0,0,0,0,0,0,0,0,0,0,0,0,0,0,0,0,0,0,0,47,0,1,0,0,0,0,78,0,0,0,0,1,0,0,0,0,0,0,0,"8b7f944b",15.1261552538626,"2022_2023"
"8b96e187",0,0,0,0,0,0,0,0,0,0,1,0,0,0,0,2,0,0,1,0,0,0,0,0,0,0,0,0,0,0,0,0,0,0,0,4,0,0,0,0,0,3,0,0,0,1,0,0,0,0,0,3,0,0,0,0,0,0,47,0,0,0,0,0,0,0,0,0,0,0,0,"8b96e187",16.3055957318882,"2022_2023"
"8ffb0cbc",0,0,0,0,0,0,0,0,0,0,1,0,0,1,0,4,0,0,0,0,0,0,0,0,0,0,0,0,0,0,0,0,0,0,0,0,0,0,0,0,0,0,0,0,0,0,0,0,0,0,0,23,0,0,0,1,0,0,17,0,0,0,0,1,0,0,0,1,0,0,0,"8ffb0cbc",14.2947542074855,"2022_2023"
"90927007",0,0,0,0,0,0,0,0,0,0,1,0,0,4,0,0,0,0,0,0,0,0,0,0,0,0,0,0,0,0,0,0,0,0,0,0,0,0,0,0,0,0,0,0,0,0,0,0,0,0,0,0,0,0,0,1,1,0,5,0,0,0,0,0,0,0,1,0,0,0,0,"90927007",15.8521180610993,"2022_2023"
"91daed95",0,2,0,0,0,0,0,0,0,0,3,0,0,0,0,9,0,0,0,0,0,0,0,0,0,0,0,0,0,0,0,0,1,0,0,0,0,0,0,0,0,0,0,0,1,0,0,0,0,0,0,35,0,0,0,0,0,0,17,0,0,0,0,0,0,0,0,0,0,0,0,"91daed95",14.1421377771485,"2022_2023"
"9293ae26",0,0,0,0,0,0,0,0,0,0,2,0,0,1,0,2,0,0,0,0,0,0,0,0,0,0,0,0,0,0,0,0,0,0,0,0,0,0,0,0,0,0,0,0,0,0,0,0,0,0,0,0,0,0,0,0,1,0,10,0,0,0,0,0,0,0,0,2,0,0,0,"9293ae26",15.9382331762528,"2022_2023"
"9595edb4",0,0,0,0,0,0,0,0,0,0,0,0,0,0,0,3,0,0,0,0,0,0,0,0,0,0,1,0,0,0,0,0,0,0,0,5,0,0,0,0,0,0,1,0,0,0,0,0,0,0,0,0,0,1,0,0,3,0,5,0,0,2,0,0,0,0,0,0,0,0,0,"9595edb4",15.3960082193355,"2022_2023"
"9820d7df",0,0,0,0,0,0,0,0,0,0,0,0,0,0,0,0,0,0,0,0,0,0,0,0,0,0,0,0,0,0,0,0,0,0,0,0,0,0,0,2,0,0,1,0,0,0,0,0,0,0,0,0,0,0,0,0,0,0,6,0,0,0,0,0,0,0,0,0,0,0,0,"9820d7df",15.376685127775,"2022_2023"
"983b722b",0,0,0,0,0,0,0,0,0,0,5,0,0,0,0,3,0,0,0,0,0,0,0,0,0,0,1,0,0,0,0,0,0,0,0,0,0,0,0,0,0,0,0,0,0,0,0,0,0,0,0,55,0,0,0,0,0,0,85,0,0,3,0,0,0,0,0,0,0,0,0,"983b722b",14.9544821015296,"2022_2023"
"9a6cf86a",0,0,0,0,0,0,2,0,0,0,4,0,0,0,0,4,0,0,0,0,0,0,0,0,0,0,0,0,0,0,0,0,0,0,0,6,0,0,0,1,0,7,0,0,0,0,0,0,0,0,0,19,0,2,0,0,0,0,42,0,0,0,0,0,0,0,0,0,0,0,0,"9a6cf86a",14.9491891935355,"2022_2023"
"9ce7cf99",0,0,0,0,0,0,1,0,0,0,0,0,0,0,0,1,0,0,0,0,0,0,0,0,0,0,1,1,0,0,0,0,0,0,0,0,0,0,0,2,0,7,0,0,0,0,0,0,0,0,0,20,0,1,0,0,0,0,22,0,0,0,0,0,0,0,0,0,0,0,0,"9ce7cf99",14.7719184191659,"2022_2023"
"9db4ff53",0,0,0,0,0,0,0,0,0,0,5,0,0,0,0,8,0,0,0,0,0,0,0,0,0,0,0,0,0,0,0,0,0,0,0,0,0,0,0,2,0,0,0,0,0,0,0,0,0,0,0,45,0,0,0,0,0,0,20,0,0,0,0,1,0,0,0,0,0,0,0,"9db4ff53",13.5375139499837,"2022_2023"
"9eedaafa",0,0,0,0,0,0,1,0,0,0,2,0,0,0,0,2,0,0,0,0,0,0,0,0,0,0,1,0,0,0,0,0,0,0,0,0,0,0,0,0,0,11,0,0,0,0,0,0,0,0,0,21,0,5,0,0,0,0,7,0,0,0,0,0,0,0,0,0,0,0,0,"9eedaafa",14.458159099175,"2022_2023"
"BBF-2006-064",0,0,0,1,0,0,0,0,0,0,0,0,0,0,0,1,0,0,0,0,0,0,0,0,0,0,0,0,0,0,0,0,1,0,0,0,0,0,0,0,0,0,0,0,0,0,0,0,0,0,0,0,0,0,0,0,0,0,0,0,0,0,0,0,0,0,0,0,0,0,0,"BBF-2006-064",15.2855530350041,"2006"
"BBF-2006-067",0,0,0,0,0,0,0,0,0,0,1,0,0,0,0,1,0,0,0,0,0,0,0,0,0,0,0,0,0,0,0,0,0,0,0,0,2,0,0,0,0,0,0,0,0,0,0,0,0,0,0,3,0,0,0,0,9,0,14,0,0,0,0,0,0,1,0,0,0,0,0,"BBF-2006-067",15.4316036754554,"2006"
"BBF-2006-070",0,0,0,1,0,0,0,0,0,0,2,0,0,0,0,2,0,0,0,0,0,0,0,0,0,0,0,0,0,0,0,0,0,0,0,0,0,0,0,0,0,1,0,0,0,0,0,0,0,0,0,4,0,0,0,0,2,0,32,0,0,0,0,0,0,1,0,0,0,0,0,"BBF-2006-070",16.0500893525839,"2006"
"BBF-2006-071",0,0,0,0,0,0,0,0,0,0,2,0,0,1,0,1,0,0,0,0,0,0,0,0,0,0,0,0,0,0,0,0,0,0,0,0,0,0,0,0,0,2,0,0,0,0,0,0,0,0,0,3,1,0,0,0,0,0,53,0,0,0,0,0,0,0,0,0,0,0,0,"BBF-2006-071",16.3957507797738,"2006"
"BBF-2006-073",0,0,0,0,0,0,0,0,0,0,2,0,0,0,0,11,0,0,0,0,0,0,0,0,0,0,0,0,0,0,0,0,0,0,0,0,0,0,0,0,0,0,0,0,0,0,0,0,0,0,0,2,1,0,0,0,0,0,65,0,0,0,0,0,0,1,0,0,0,0,0,"BBF-2006-073",16.6203093313679,"2006"
"BBF-2006-074",0,0,0,0,0,0,0,0,0,0,1,0,0,0,0,1,0,0,0,0,0,0,0,0,0,0,0,2,0,0,0,0,1,0,0,0,0,0,0,0,0,1,0,0,0,0,0,0,0,0,0,1,0,0,0,0,0,0,2,0,0,0,0,0,0,1,0,0,0,0,0,"BBF-2006-074",13.6387871813117,"2006"
"BBF-2006-076",0,0,0,0,0,0,0,0,0,0,1,0,0,1,0,10,0,0,0,0,0,0,0,0,0,0,0,0,0,0,0,0,0,0,0,0,0,0,0,2,0,1,0,0,0,0,0,0,0,0,0,4,0,0,0,0,0,0,0,0,0,0,0,0,0,1,0,0,0,0,0,"BBF-2006-076",14.8174113736133,"2006"
"BBF-2006-078",0,1,0,0,0,0,0,0,0,0,2,0,0,0,0,2,0,0,0,0,0,0,0,0,0,0,0,0,0,0,0,0,0,0,0,0,0,0,0,0,0,1,0,0,0,0,0,0,0,0,0,2,0,0,0,0,0,0,3,0,0,0,0,0,0,1,0,0,0,0,0,"BBF-2006-078",14.7158522204784,"2006"
"BBF-2006-080",0,0,0,0,0,0,1,0,0,0,1,0,0,1,0,10,0,0,0,0,0,0,0,0,0,0,0,0,0,0,0,0,0,0,0,0,0,0,0,0,0,1,0,0,0,0,0,0,0,0,0,3,0,0,0,0,0,0,0,0,0,0,0,0,0,0,0,0,0,0,0,"BBF-2006-080",15.7341998038877,"2006"
"BBF-2006-083",0,0,0,0,0,0,0,0,0,0,2,0,0,0,0,0,0,0,0,2,0,0,0,0,0,0,1,0,2,0,0,0,0,0,0,0,0,0,0,0,0,0,0,0,0,0,0,0,0,0,0,2,0,0,0,0,0,0,1,0,0,0,0,0,0,1,0,0,0,0,0,"BBF-2006-083",12.7950487447598,"2006"
"KATBF-2005-01",0,0,0,0,0,0,0,0,4,0,1,0,0,0,0,16,0,0,0,0,0,0,0,0,0,0,0,0,0,0,0,0,0,0,0,0,0,0,0,0,0,1,0,0,0,0,0,0,0,0,0,3,0,0,0,0,8,0,5,0,0,0,0,0,1,1,0,1,1,0,0,"KATBF-2005-01",15.5674732602545,"2006"
"KATBF-2005-02",0,0,0,0,0,0,0,0,0,0,2,0,0,0,0,2,0,0,0,0,0,0,0,0,0,0,0,0,0,0,0,0,0,0,0,0,0,0,0,0,0,1,0,0,0,0,0,0,0,0,0,1,0,0,0,0,0,0,0,0,0,0,0,0,0,1,0,0,0,0,0,"KATBF-2005-02",13.0424477945134,"2006"
"KATBF-2005-03",0,0,0,0,0,0,0,0,0,0,1,0,0,0,0,3,0,0,0,0,0,0,0,0,0,0,0,0,0,0,0,0,1,0,0,0,0,0,0,0,0,1,0,0,0,0,0,0,0,0,0,2,0,0,0,0,0,0,2,0,0,0,0,0,0,0,0,0,0,0,0,"KATBF-2005-03",14.2320798846567,"2006"
"KATBF-2005-04",0,0,0,0,0,0,0,0,0,0,1,0,0,0,0,8,0,0,0,0,0,0,0,0,0,0,0,0,0,0,0,0,0,0,0,0,0,0,0,0,0,0,0,0,0,0,0,0,0,0,0,0,0,0,0,0,0,0,0,0,0,0,0,0,0,1,0,0,0,0,0,"KATBF-2005-04",16.0102134281153,"2006"
"KATBF-2005-10",0,0,0,0,0,0,0,0,0,0,1,0,0,0,0,0,0,0,0,0,0,0,0,0,0,0,0,0,0,0,0,0,0,0,0,0,0,0,0,0,0,0,0,0,0,0,0,0,0,0,0,2,0,0,0,0,0,0,0,0,0,0,0,0,0,1,0,0,0,0,0,"KATBF-2005-10",10.5657441794253,"2006"
"KATBF-2005-11",0,0,0,0,0,0,0,0,0,0,2,0,0,0,0,0,0,0,0,0,0,0,0,0,0,0,0,0,0,0,0,0,0,0,0,0,0,0,0,0,0,1,0,0,0,0,0,0,0,0,0,2,0,0,0,0,0,0,2,0,0,0,0,0,0,1,0,0,0,0,0,"KATBF-2005-11",12.7253965200874,"2006"
"KATBF-2005-12",0,0,0,0,0,0,0,0,0,0,2,0,0,0,0,2,0,0,0,0,0,0,0,0,0,0,0,0,0,0,0,0,0,0,0,0,0,0,0,0,0,1,0,0,0,0,0,0,0,0,0,2,0,0,0,0,4,0,5,0,0,0,0,0,0,0,0,0,0,0,0,"KATBF-2005-12",14.8054272080605,"2006"
"KATBF-2005-13",0,0,0,0,0,0,0,0,0,0,2,0,0,0,0,12,0,0,0,0,0,0,0,0,0,0,0,0,0,0,0,0,2,0,0,0,0,0,0,0,0,1,0,0,0,0,0,0,0,0,0,3,0,0,0,0,0,0,9,0,0,0,0,0,0,0,0,0,0,0,0,"KATBF-2005-13",15.451807605828,"2006"
"KATBF-2005-15",0,0,0,0,0,0,0,0,0,0,2,0,0,0,0,2,0,0,0,0,0,0,0,0,0,0,0,0,0,0,0,0,0,0,0,0,0,0,0,0,0,1,0,0,0,0,0,0,0,0,0,1,0,0,0,0,0,0,0,0,0,0,0,0,0,0,0,0,0,0,0,"KATBF-2005-15",13.7458817468124,"2006"
"KATBF-2005-16",0,0,0,0,0,0,0,0,0,0,1,0,0,0,0,7,0,0,0,0,0,0,0,0,0,0,0,0,0,0,0,0,1,0,0,0,0,0,0,0,0,1,0,0,0,0,0,0,0,0,0,3,0,0,0,0,4,0,0,0,0,0,0,0,1,0,0,0,0,0,0,"KATBF-2005-16",14.6696430450005,"2006"
"KATBF-2005-19",0,0,0,0,0,0,0,0,0,0,2,0,0,0,0,8,0,0,0,0,0,0,0,0,0,0,0,0,0,0,0,0,1,0,0,0,0,0,0,0,0,1,0,0,0,0,0,0,0,0,0,2,0,0,0,0,2,0,1,0,0,0,0,0,0,0,0,0,0,0,0,"KATBF-2005-19",14.8359770431975,"2006"
"KATBF-2005-20",0,0,0,0,0,0,1,0,0,0,1,0,0,0,0,2,0,0,0,0,0,0,0,0,0,0,0,0,0,0,0,0,0,0,0,0,0,0,0,0,0,1,0,0,0,0,0,0,0,0,0,1,0,0,0,0,0,0,0,0,0,0,0,0,0,1,0,0,0,0,0,"KATBF-2005-20",13.5024291438165,"2006"
"KATBF-2005-21",0,0,0,0,0,0,0,0,0,0,2,0,0,1,0,12,0,0,0,0,0,0,0,0,0,0,0,0,0,0,0,0,0,0,0,0,0,0,0,0,0,2,0,0,0,0,0,0,0,0,0,2,0,0,0,0,3,0,0,0,0,0,0,0,1,1,0,0,0,0,0,"KATBF-2005-21",15.4638800295859,"2006"
"KATBF-2005-22",0,0,0,0,0,0,0,0,0,0,2,0,0,0,0,3,0,0,0,0,0,0,0,0,0,0,0,0,0,0,0,0,0,0,0,0,0,0,0,1,0,1,0,0,0,0,0,0,0,0,0,2,1,0,0,0,0,0,5,0,0,0,0,0,2,0,0,0,0,0,0,"KATBF-2005-22",14.676172967807,"2006"
"KATBF-2005-23",0,0,0,0,0,0,0,0,0,0,1,0,0,0,0,4,0,0,0,0,0,0,0,0,0,0,0,0,0,0,0,0,0,0,0,0,0,0,0,0,0,1,0,0,0,0,0,0,0,0,0,1,0,0,0,0,0,0,2,0,0,0,0,0,0,1,0,0,0,0,0,"KATBF-2005-23",15.1096927201187,"2006"
"KATBF-2005-24",0,0,0,0,0,0,0,0,0,0,2,0,0,0,0,10,0,0,0,0,0,0,0,0,0,0,0,0,0,0,0,0,0,0,0,0,0,0,0,0,0,1,0,0,0,0,0,0,0,0,0,3,0,0,0,0,0,0,1,0,0,0,0,0,0,0,0,0,0,0,0,"KATBF-2005-24",15.58535680699,"2006"
"KATBF-2005-26",0,0,0,0,0,0,0,0,0,0,2,0,0,0,0,7,0,0,0,0,0,0,0,0,0,0,0,0,0,0,0,0,3,0,0,0,0,1,0,0,0,1,0,0,0,0,0,0,0,0,0,3,0,0,0,0,2,0,0,0,0,0,0,0,0,0,0,0,0,0,0,"KATBF-2005-26",13.8621181355218,"2006"
"KATBF-2005-27",0,0,0,0,0,0,0,0,0,0,2,0,0,0,0,2,0,0,0,0,0,0,0,0,0,0,0,0,0,0,0,0,0,0,0,0,0,0,0,0,0,1,0,0,0,0,0,0,0,0,0,1,0,0,0,0,0,0,0,0,0,0,0,0,0,0,0,0,0,0,0,"KATBF-2005-27",13.7458817468124,"2006"
"KATBF-2005-28",0,0,0,0,0,0,0,0,0,0,1,0,0,0,0,2,0,1,0,0,0,0,0,0,0,0,0,0,0,0,0,0,2,0,0,0,0,0,0,0,0,0,0,0,0,0,0,0,0,0,0,0,1,0,0,0,0,0,0,0,0,0,0,0,0,1,0,1,0,0,0,"KATBF-2005-28",12.1194295127068,"2006"
"KATBF-2005-29",0,0,0,0,0,0,0,0,0,0,2,0,0,0,0,1,0,0,0,0,0,0,0,0,0,0,0,0,0,0,0,0,0,0,0,0,0,0,0,0,0,1,0,0,0,0,0,0,0,0,0,1,0,0,0,0,1,0,0,0,0,0,0,0,0,0,0,0,0,0,0,"KATBF-2005-29",13.1894924866268,"2006"
"KATBF-2005-31",0,0,0,0,0,0,0,0,0,0,0,0,0,0,0,0,0,0,0,0,0,0,0,0,0,0,0,0,0,0,0,0,0,0,0,0,0,0,0,0,0,1,0,0,0,0,0,0,0,0,0,0,0,0,0,0,0,0,0,0,0,0,0,0,0,0,0,0,0,0,0,"KATBF-2005-31",15.9023719357281,"2006"
"KATBF-2005-32",0,0,0,0,0,0,0,0,0,0,1,0,0,0,0,0,0,0,0,0,0,0,0,0,0,0,0,0,0,0,0,0,0,0,0,0,0,0,0,0,0,0,0,0,1,0,0,0,0,0,0,2,0,0,0,0,1,0,14,0,0,0,0,0,0,0,0,0,0,0,0,"KATBF-2005-32",15.9405567028637,"2006"
"KATBF-2005-63",0,0,0,0,0,0,0,0,0,0,2,0,0,0,0,2,0,0,0,0,0,0,0,0,0,0,0,0,0,0,0,0,1,0,0,0,0,0,1,0,0,1,0,0,0,0,0,0,0,0,0,2,0,0,0,0,3,0,9,0,0,0,0,0,0,1,0,0,0,0,0,"KATBF-2005-63",14.4923443402479,"2006"
"a0a0a7d8",0,0,0,0,0,0,1,0,0,0,0,0,0,0,0,0,0,0,0,0,0,0,0,0,0,0,0,0,0,0,0,0,0,0,0,0,0,0,0,0,0,5,0,0,0,0,0,0,0,0,0,0,0,2,0,0,0,0,8,0,0,0,0,0,0,3,0,0,0,0,0,"a0a0a7d8",15.402720198179,"2022_2023"
"a0e38e4c",0,0,0,0,0,0,5,0,0,0,3,0,0,0,0,3,0,0,0,0,0,0,0,0,0,3,0,0,0,0,0,0,0,0,0,0,0,0,0,0,0,11,0,0,0,0,0,0,0,0,0,2,0,1,0,0,0,0,15,0,0,0,0,0,0,0,0,0,0,0,0,"a0e38e4c",15.7267942250142,"2022_2023"
"a45372ac",0,0,0,0,0,0,0,0,0,0,2,0,0,0,0,5,0,0,0,0,0,0,0,0,0,0,1,0,0,0,0,0,0,0,0,0,0,0,0,0,0,0,0,0,0,0,0,0,0,0,0,39,0,0,0,0,0,0,33,0,0,0,0,0,0,0,0,0,0,0,0,"a45372ac",14.378735917955,"2022_2023"
"a479a49f",0,0,0,0,0,0,0,0,0,0,1,0,0,0,0,1,0,0,0,0,0,0,0,0,0,0,0,0,0,0,0,0,0,1,0,0,0,0,0,0,0,0,0,0,0,0,0,0,0,0,0,18,0,0,0,0,0,0,59,0,0,0,0,2,0,0,0,1,0,0,0,"a479a49f",15.6387323344624,"2022_2023"
"a7b5df75",0,0,0,0,0,0,0,0,0,0,2,0,0,0,0,1,0,0,0,0,0,0,0,0,0,0,0,0,0,0,0,0,0,0,0,0,0,0,0,0,0,0,0,0,0,0,0,0,0,0,0,7,0,0,0,0,0,0,40,0,0,0,0,0,0,0,0,0,0,0,0,"a7b5df75",16.0110406449123,"2022_2023"
"a8c75edf",0,0,0,0,0,0,5,0,0,0,0,0,0,0,0,0,0,0,0,0,0,0,0,0,0,0,0,0,0,0,0,0,0,0,0,0,0,0,0,0,0,4,0,0,0,0,0,0,0,0,0,0,0,1,0,0,0,0,17,0,0,0,0,0,0,1,0,0,0,0,0,"a8c75edf",15.8804319844199,"2022_2023"
"a92f11bc",0,0,0,0,0,0,0,0,0,0,2,0,0,2,0,1,0,0,0,0,0,0,0,0,0,0,0,0,0,0,0,0,0,0,0,0,0,0,0,0,0,2,0,0,0,0,0,0,0,0,0,62,0,0,0,0,1,0,21,0,0,0,0,1,0,0,0,0,0,0,0,"a92f11bc",13.2714428260231,"2022_2023"
"aa0d5a97",0,0,0,0,0,0,0,0,0,0,0,0,0,0,0,0,0,0,0,0,0,0,0,0,0,0,0,0,0,0,0,0,3,0,0,0,0,0,0,0,0,10,0,0,0,0,0,0,0,0,0,0,0,0,0,0,0,0,88,0,0,0,0,0,0,4,0,0,0,0,0,"aa0d5a97",16.2702256584995,"2022_2023"
"ab165e76",0,0,0,0,0,0,0,0,0,0,1,0,0,0,0,0,0,0,0,0,0,0,0,0,0,0,0,0,0,0,0,0,0,0,0,0,0,0,0,0,0,0,0,0,0,0,0,0,0,0,0,0,0,0,0,0,0,0,4,0,0,0,0,0,0,0,0,0,0,0,0,"ab165e76",15.5299646546603,"2022_2023"
"ac62b9c3",0,0,0,0,0,0,0,0,0,0,1,0,0,0,0,0,0,0,0,0,0,0,0,0,0,0,0,0,0,0,0,0,0,0,0,0,0,0,0,1,0,0,0,0,0,0,0,0,0,0,0,3,0,0,0,0,2,0,14,0,0,0,0,0,0,0,0,1,0,0,0,"ac62b9c3",15.3818292603844,"2022_2023"
"af8bc475",0,0,5,0,0,0,0,0,0,0,0,0,0,0,0,1,0,0,0,0,0,0,0,0,0,0,0,0,0,0,0,0,0,0,0,0,0,0,0,0,0,0,0,0,0,0,0,0,0,0,0,25,0,0,0,0,0,0,37,0,0,0,0,0,0,0,0,0,0,0,0,"af8bc475",14.968529482882,"2022_2023"
"b11be902",0,0,1,0,0,0,0,0,0,0,0,0,0,0,0,1,0,0,0,0,0,0,0,0,0,0,0,0,0,0,0,0,0,0,0,0,0,0,0,0,0,0,1,0,0,0,0,0,0,0,0,9,0,0,0,0,1,0,9,0,0,0,0,0,0,0,0,0,0,0,0,"b11be902",14.650785425075,"2022_2023"
"b5a61449",0,3,0,0,0,0,0,0,0,0,3,0,0,0,0,1,0,0,0,0,0,0,0,0,0,0,0,0,0,0,0,0,2,0,0,0,0,0,0,0,0,0,0,0,0,0,0,0,0,0,0,17,0,0,0,0,0,0,61,0,0,0,0,0,0,0,0,0,0,0,0,"b5a61449",15.6916373694465,"2022_2023"
"b7d69942",0,0,4,0,0,0,0,0,0,0,3,0,0,2,0,4,0,0,0,0,0,0,0,0,0,0,0,0,0,0,0,0,0,0,0,0,0,0,0,0,0,0,0,0,0,0,0,0,0,0,0,5,0,0,0,0,0,0,6,0,0,0,0,0,0,0,0,0,0,0,0,"b7d69942",14.6876571037177,"2022_2023"
"b985696c",0,0,0,0,0,0,6,0,0,0,1,0,0,0,0,5,0,0,0,0,0,0,0,0,0,0,4,0,0,0,0,0,0,0,0,0,0,0,0,1,0,7,0,0,0,0,0,0,0,0,0,70,0,1,0,0,0,0,52,0,0,0,0,2,0,0,0,0,0,0,0,"b985696c",14.2353157583527,"2022_2023"
"bac32223",0,0,0,0,0,0,0,0,0,0,1,0,0,0,0,1,0,0,0,0,0,0,0,0,0,0,0,0,0,0,0,0,0,1,0,0,0,0,0,5,0,0,0,0,0,0,0,0,0,0,0,5,0,0,0,0,0,0,26,0,0,0,0,0,0,0,0,0,0,0,0,"bac32223",15.3620692408189,"2022_2023"
"c52a6a0a",0,0,0,0,0,0,2,0,0,0,0,0,0,4,0,0,0,0,0,0,0,0,0,0,0,0,0,0,0,0,0,0,0,0,0,0,0,0,0,0,0,2,0,0,0,0,0,0,0,0,0,2,0,3,0,0,0,0,20,0,0,0,0,0,0,0,0,0,0,0,0,"c52a6a0a",16.4657024767282,"2022_2023"
"c5ec5e0f",0,0,0,0,0,0,0,0,0,0,3,0,0,0,0,4,0,0,0,0,0,0,0,0,0,0,1,0,0,0,0,0,0,0,0,6,0,0,0,4,0,0,1,0,0,0,0,0,0,0,0,16,0,0,1,0,0,0,23,0,0,0,0,0,0,0,0,2,0,0,0,"c5ec5e0f",14.2834824528794,"2022_2023"
"d0ca5be3",0,0,0,0,0,0,0,0,0,0,6,0,0,2,0,2,0,0,0,0,0,0,0,0,0,0,0,0,0,0,0,0,0,0,0,0,0,0,0,1,0,0,0,0,0,0,0,0,0,0,0,8,0,1,0,0,1,0,49,0,0,0,0,0,0,0,0,0,0,0,0,"d0ca5be3",15.6872428136944,"2022_2023"
"d2584dd2",0,0,0,0,0,0,2,0,0,0,0,0,0,0,0,1,0,0,0,0,0,0,0,0,0,0,0,0,0,0,0,0,0,0,0,0,0,0,0,0,0,1,0,0,0,0,0,0,0,0,0,9,0,3,0,0,0,0,34,0,0,0,0,0,0,0,0,0,0,7,0,"d2584dd2",16.4435164923334,"2022_2023"
"d46f5314",0,0,0,0,0,0,2,0,0,0,1,0,0,0,0,4,0,0,0,0,0,0,0,0,0,0,1,0,0,0,1,0,0,0,0,1,0,0,0,0,0,6,0,0,0,0,0,0,0,0,0,2,0,3,0,0,0,0,2,0,0,0,0,0,0,0,0,0,0,0,0,"d46f5314",15.7137135849783,"2022_2023"
"d5d14392",0,0,0,1,0,0,0,0,0,0,1,0,0,1,0,2,0,0,0,0,0,0,0,0,0,0,0,0,0,0,0,0,0,0,0,0,0,0,0,0,0,0,0,0,0,0,0,0,0,0,0,18,0,0,0,0,0,0,52,0,0,0,0,0,0,0,0,0,0,0,0,"d5d14392",15.7641420924227,"2022_2023"
"d5f490e0",0,0,0,0,0,0,0,0,0,0,2,0,0,0,0,1,0,0,0,0,0,0,0,0,0,0,2,0,0,0,0,0,0,0,0,7,0,0,0,0,0,8,0,0,0,0,0,0,0,0,0,3,0,0,0,0,0,0,3,0,0,0,0,0,0,0,0,0,0,0,0,"d5f490e0",13.8898086020526,"2022_2023"
"d6f84526",0,0,0,0,0,0,0,0,0,0,0,0,0,0,0,0,0,0,0,0,0,0,0,0,0,0,0,0,0,0,0,0,0,0,0,1,0,0,0,0,0,1,0,0,0,0,0,0,0,0,0,0,0,0,0,0,7,0,42,0,0,0,0,0,0,1,0,0,0,0,0,"d6f84526",16.3551426979506,"2022_2023"
"d99d953e",0,0,0,0,0,0,0,0,0,0,1,0,0,0,0,1,0,0,0,0,0,0,0,0,0,0,2,0,0,0,0,0,0,0,0,2,0,0,0,0,0,3,0,0,0,0,0,0,0,0,0,17,0,0,0,0,1,0,43,0,0,0,0,0,0,0,0,0,0,0,0,"d99d953e",15.4107638677005,"2022_2023"
"da248fc9",0,0,0,0,0,0,0,1,0,0,5,0,0,0,0,18,0,0,0,0,0,0,0,0,0,0,0,0,0,0,0,0,0,0,0,0,0,0,0,0,0,1,0,0,0,0,0,0,0,0,0,46,0,0,0,0,0,0,28,0,0,0,0,1,0,0,0,0,0,0,1,"da248fc9",14.2911796243083,"2022_2023"
"deef00a6",0,0,0,0,0,0,2,0,0,0,0,0,0,0,0,3,0,0,0,0,0,0,0,0,0,0,5,0,0,0,0,0,0,0,0,0,0,0,0,0,0,5,0,0,0,0,0,0,0,0,0,28,0,5,0,0,0,0,25,0,0,0,0,0,0,0,0,0,0,0,0,"deef00a6",15.0126413099537,"2022_2023"
"e45d7b11",0,2,0,0,0,0,0,0,0,0,0,0,0,1,0,1,0,0,0,0,0,0,0,1,0,2,2,0,0,0,0,0,0,0,0,0,0,0,0,0,0,2,0,0,0,0,0,0,0,0,0,24,0,3,0,0,0,0,64,0,0,0,0,0,0,0,0,0,0,0,0,"e45d7b11",16.0268626780949,"2022_2023"
"e482fac6",0,0,0,0,0,0,1,0,0,0,7,0,0,0,0,6,1,0,0,0,0,0,0,0,0,0,0,0,0,0,0,0,0,0,0,0,0,0,0,2,0,0,0,0,0,0,0,0,0,0,0,38,0,1,0,0,1,0,21,0,0,0,0,0,0,0,0,0,0,0,0,"e482fac6",13.6499880098925,"2022_2023"
"e49684aa",0,0,0,0,0,0,1,0,0,0,1,0,0,0,0,4,0,0,0,0,0,0,0,0,0,0,0,0,0,0,0,0,0,0,0,0,0,0,0,0,0,0,0,0,0,0,0,0,0,0,0,62,0,0,0,0,0,0,44,0,0,0,0,0,0,0,0,0,0,0,0,"e49684aa",14.1056903640889,"2022_2023"
"e5aa2c1a",0,0,0,0,0,0,0,0,0,0,0,0,0,0,0,3,0,0,0,0,0,0,0,0,0,0,0,0,0,0,0,0,0,0,0,12,0,0,0,0,0,3,0,0,0,0,0,0,0,0,0,24,0,0,0,0,0,0,12,0,0,0,0,0,0,0,0,0,0,0,0,"e5aa2c1a",13.3634452901909,"2022_2023"
"f20ca0b1",0,0,0,0,0,0,7,0,0,0,1,0,0,0,0,0,0,0,0,0,0,0,0,0,0,1,0,0,0,0,0,0,0,0,0,0,0,0,0,0,0,14,0,0,0,0,0,0,0,0,0,27,0,2,0,0,0,0,59,0,0,0,0,0,0,0,0,0,0,0,0,"f20ca0b1",15.3506442317072,"2022_2023"
"f25e59ca",0,0,0,0,0,0,0,0,0,0,0,0,0,0,0,1,0,0,0,0,0,0,0,0,0,0,2,0,0,0,0,0,0,0,0,1,0,0,0,0,0,6,0,0,0,0,0,0,0,0,0,20,0,4,0,0,0,0,6,0,0,0,0,0,0,0,0,0,0,0,0,"f25e59ca",14.3404139238159,"2022_2023"
"f2991b14",0,0,0,0,0,0,1,0,0,0,2,0,1,5,0,3,0,0,0,0,0,0,0,0,0,1,0,0,0,0,0,0,0,0,0,0,0,0,0,0,0,0,0,0,0,0,0,0,0,0,0,68,0,0,0,0,0,0,49,0,0,0,0,4,0,0,0,0,0,0,0,"f2991b14",14.0711716317039,"2022_2023"
"f3f8f037",0,0,0,0,0,0,0,0,0,0,3,0,0,0,0,5,0,0,0,0,0,0,0,0,0,1,0,0,0,0,0,0,0,0,0,0,0,0,0,0,0,0,0,0,0,0,0,0,0,0,0,12,0,0,0,0,0,0,10,0,0,0,0,0,0,0,0,0,0,0,0,"f3f8f037",14.4988622178802,"2022_2023"
"f4ee8590",0,0,0,0,0,0,0,0,0,0,2,0,0,0,0,5,0,0,0,0,0,0,0,0,0,0,0,0,0,0,0,0,0,0,0,0,0,0,0,0,0,3,0,0,0,0,0,0,0,0,0,10,0,0,0,0,0,0,6,0,0,0,0,0,0,0,0,0,0,0,0,"f4ee8590",14.4848211001336,"2022_2023"
"f51955eb",0,0,0,0,0,0,0,0,0,0,1,0,0,0,0,3,0,0,0,0,0,0,0,0,0,0,0,0,0,0,0,0,0,0,0,0,0,0,0,0,0,0,0,0,0,0,0,0,0,0,0,17,0,0,0,0,0,0,106,0,0,0,0,0,0,0,0,0,0,0,0,"f51955eb",16.2819871013933,"2022_2023"
"f753ab42",0,0,0,0,0,0,0,0,0,0,1,0,0,3,0,2,0,0,0,0,0,0,0,0,0,0,0,0,0,0,0,0,0,0,0,3,0,0,0,0,0,10,0,0,0,0,0,0,0,0,0,12,0,0,0,0,0,0,24,0,0,0,0,1,0,0,0,0,0,0,0,"f753ab42",15.1177083185603,"2022_2023"
"f7bb8461",0,0,0,0,0,0,0,0,0,0,0,0,0,0,0,2,0,0,0,0,0,0,0,0,0,0,8,11,0,0,1,0,0,0,0,0,0,0,0,0,0,0,1,0,0,0,0,0,0,0,0,17,0,0,0,0,0,0,8,0,0,0,0,0,0,0,0,0,0,0,0,"f7bb8461",15.0258732405729,"2022_2023"
"f9419a4f",0,0,0,0,0,0,0,0,0,0,0,0,0,0,0,0,0,0,0,0,0,0,0,0,0,0,8,0,0,0,0,0,0,0,0,0,0,0,0,0,0,0,0,0,0,0,0,0,0,0,0,0,0,0,0,0,0,0,37,0,0,0,0,0,0,0,0,0,0,0,0,"f9419a4f",16.9901180923272,"2022_2023"
