gbifID	datasetKey	occurrenceID	kingdom	phylum	class	order	family	genus	species	infraspecificEpithet	taxonRank	scientificName	verbatimScientificName	verbatimScientificNameAuthorship	countryCode	locality	stateProvince	occurrenceStatus	individualCount	publishingOrgKey	decimalLatitude	decimalLongitude	coordinateUncertaintyInMeters	coordinatePrecision	elevation	elevationAccuracy	depth	depthAccuracy	eventDate	day	month	year	taxonKey	speciesKey	basisOfRecord	institutionCode	collectionCode	catalogNumber	recordNumber	identifiedBy	dateIdentified	license	rightsHolder	recordedBy	typeStatus	establishmentMeans	lastInterpreted	mediaType	issue
5140120110	50c9509d-22c7-4a22-a47d-8c48425ef4a7	https://www.inaturalist.org/observations/272471983	Animalia	Arthropoda	Malacostraca	Decapoda	Panopeidae	Panopeus	Panopeus herbstii		SPECIES	Panopeus herbstii H.Milne Edwards, 1834	Panopeus herbstii		US		South Carolina	PRESENT		28eb1a3f-1c15-4a95-931a-4af90ecb574d	33.349967	-79.194725	14.0						2025-04-08T14:50:40	8	4	2025	2227711	2227711	HUMAN_OBSERVATION	iNaturalist	Observations	272471983		mrswartz	2025-04-23T16:33:06	CC_BY_NC_4_0	mrswartz	mrswartz			2025-05-31T00:25:52.323Z	StillImage	COORDINATE_ROUNDED;CONTINENT_DERIVED_FROM_COORDINATES;TAXON_MATCH_TAXON_ID_IGNORED
5140003754	50c9509d-22c7-4a22-a47d-8c48425ef4a7	https://www.inaturalist.org/observations/269048242	Animalia	Arthropoda	Malacostraca	Decapoda	Panopeidae	Panopeus	Panopeus herbstii		SPECIES	Panopeus herbstii H.Milne Edwards, 1834	Panopeus herbstii		US		South Carolina	PRESENT		28eb1a3f-1c15-4a95-931a-4af90ecb574d	33.349582	-79.188567	53.0						2025-04-06T11:29:50	6	4	2025	2227711	2227711	HUMAN_OBSERVATION	iNaturalist	Observations	269048242				CC_BY_NC_4_0	warmcclellan	warmcclellan			2025-05-30T23:52:58.736Z	StillImage	COORDINATE_ROUNDED;CONTINENT_DERIVED_FROM_COORDINATES;TAXON_MATCH_TAXON_ID_IGNORED
5134766336	50c9509d-22c7-4a22-a47d-8c48425ef4a7	https://www.inaturalist.org/observations/269278602	Animalia	Arthropoda	Malacostraca	Decapoda	Panopeidae	Panopeus	Panopeus herbstii		SPECIES	Panopeus herbstii H.Milne Edwards, 1834	Panopeus herbstii		US		South Carolina	PRESENT		28eb1a3f-1c15-4a95-931a-4af90ecb574d	33.350138	-79.194628	4.0						2025-04-07T15:32:25	7	4	2025	2227711	2227711	HUMAN_OBSERVATION	iNaturalist	Observations	269278602		Adrienne Walsh	2025-04-08T12:53:23	CC_BY_NC_4_0	Adrienne Walsh	Adrienne Walsh			2025-05-31T01:12:53.523Z	StillImage	COORDINATE_ROUNDED;CONTINENT_DERIVED_FROM_COORDINATES;TAXON_MATCH_TAXON_ID_IGNORED
5134527562	50c9509d-22c7-4a22-a47d-8c48425ef4a7	https://www.inaturalist.org/observations/269178920	Animalia	Arthropoda	Malacostraca	Decapoda	Panopeidae	Panopeus	Panopeus herbstii		SPECIES	Panopeus herbstii H.Milne Edwards, 1834	Panopeus herbstii		US		South Carolina	PRESENT		28eb1a3f-1c15-4a95-931a-4af90ecb574d	33.351012	-79.191113	383.0						2025-04-07T13:12:04	7	4	2025	2227711	2227711	HUMAN_OBSERVATION	iNaturalist	Observations	269178920		pjbenkert	2025-04-07T20:23:38	CC_BY_NC_4_0	pjbenkert	pjbenkert			2025-05-30T23:21:30.190Z	StillImage	COORDINATE_ROUNDED;CONTINENT_DERIVED_FROM_COORDINATES;TAXON_MATCH_TAXON_ID_IGNORED
5133195939	50c9509d-22c7-4a22-a47d-8c48425ef4a7	https://www.inaturalist.org/observations/269888283	Animalia	Arthropoda	Malacostraca	Decapoda	Panopeidae	Panopeus	Panopeus herbstii		SPECIES	Panopeus herbstii H.Milne Edwards, 1834	Panopeus herbstii		US		South Carolina	PRESENT		28eb1a3f-1c15-4a95-931a-4af90ecb574d	33.330926	-79.164921	226.0						2025-04-06T11:27:29	6	4	2025	2227711	2227711	HUMAN_OBSERVATION	iNaturalist	Observations	269888283		fleabane41	2025-04-12T01:56:33	CC_BY_NC_4_0	fleabane41	fleabane41			2025-05-31T01:17:23.461Z	StillImage	COORDINATE_ROUNDED;CONTINENT_DERIVED_FROM_COORDINATES;TAXON_MATCH_TAXON_ID_IGNORED
5108323211	50c9509d-22c7-4a22-a47d-8c48425ef4a7	https://www.inaturalist.org/observations/267409442	Animalia	Arthropoda	Malacostraca	Decapoda	Panopeidae	Panopeus	Panopeus herbstii		SPECIES	Panopeus herbstii H.Milne Edwards, 1834	Panopeus herbstii		US		North Carolina	PRESENT		28eb1a3f-1c15-4a95-931a-4af90ecb574d	35.768228	-75.526095	4.0						2025-03-28T15:16:30	28	3	2025	2227711	2227711	HUMAN_OBSERVATION	iNaturalist	Observations	267409442		Larry Chen	2025-03-28T21:29:57	CC_BY_NC_4_0	Larry Chen	Larry Chen			2025-05-31T00:04:18.483Z	StillImage	COORDINATE_ROUNDED;CONTINENT_DERIVED_FROM_COORDINATES;TAXON_MATCH_TAXON_ID_IGNORED
5108193982	50c9509d-22c7-4a22-a47d-8c48425ef4a7	https://www.inaturalist.org/observations/267357655	Animalia	Arthropoda	Malacostraca	Decapoda	Panopeidae	Panopeus	Panopeus herbstii		SPECIES	Panopeus herbstii H.Milne Edwards, 1834	Panopeus herbstii		US		Florida	PRESENT		28eb1a3f-1c15-4a95-931a-4af90ecb574d	29.912742	-81.359	22.0						2025-03-28T11:37:14	28	3	2025	2227711	2227711	HUMAN_OBSERVATION	iNaturalist	Observations	267357655		beatrixfaliseh	2025-03-28T15:37:58	CC_BY_NC_4_0	beatrixfaliseh	beatrixfaliseh			2025-05-31T00:04:49.262Z	StillImage	COORDINATE_ROUNDED;CONTINENT_DERIVED_FROM_COORDINATES;TAXON_MATCH_TAXON_ID_IGNORED
5087844927	50c9509d-22c7-4a22-a47d-8c48425ef4a7	https://www.inaturalist.org/observations/264726036	Animalia	Arthropoda	Malacostraca	Decapoda	Panopeidae	Panopeus	Panopeus herbstii		SPECIES	Panopeus herbstii H.Milne Edwards, 1834	Panopeus herbstii		US		Connecticut	PRESENT		28eb1a3f-1c15-4a95-931a-4af90ecb574d	41.251533	-72.54593	186.0						2025-03-09T13:03:23	9	3	2025	2227711	2227711	HUMAN_OBSERVATION	iNaturalist	Observations	264726036		Eric Vitols	2025-03-09T22:15:08	CC_BY_NC_4_0	Eric Vitols	Eric Vitols			2025-05-30T23:01:00.513Z	StillImage	COORDINATE_ROUNDED;CONTINENT_DERIVED_FROM_COORDINATES;TAXON_MATCH_TAXON_ID_IGNORED
5076957502	50c9509d-22c7-4a22-a47d-8c48425ef4a7	https://www.inaturalist.org/observations/262405344	Animalia	Arthropoda	Malacostraca	Decapoda	Panopeidae	Panopeus	Panopeus herbstii		SPECIES	Panopeus herbstii H.Milne Edwards, 1834	Panopeus herbstii		US		North Carolina	PRESENT		28eb1a3f-1c15-4a95-931a-4af90ecb574d	34.69363	-76.863062	5.0						2025-02-20T10:58:21	20	2	2025	2227711	2227711	HUMAN_OBSERVATION	iNaturalist	Observations	262405344		erinenfield	2025-02-20T17:39:25	CC_BY_NC_4_0	erinenfield	erinenfield			2025-05-30T22:44:36.519Z	StillImage	COORDINATE_ROUNDED;CONTINENT_DERIVED_FROM_COORDINATES;TAXON_MATCH_TAXON_ID_IGNORED
5069775062	50c9509d-22c7-4a22-a47d-8c48425ef4a7	https://www.inaturalist.org/observations/257762414	Animalia	Arthropoda	Malacostraca	Decapoda	Panopeidae	Panopeus	Panopeus herbstii		SPECIES	Panopeus herbstii H.Milne Edwards, 1834	Panopeus herbstii		BS		South Eleuthera	PRESENT		28eb1a3f-1c15-4a95-931a-4af90ecb574d	24.831639	-76.328539							2025-01-07T20:36:31	7	1	2025	2227711	2227711	HUMAN_OBSERVATION	iNaturalist	Observations	257762414		Di Boonman	2025-01-21T22:34:40	CC_BY_NC_4_0	Di Boonman	Di Boonman			2025-05-31T00:25:26.531Z	StillImage	COORDINATE_ROUNDED;CONTINENT_DERIVED_FROM_COORDINATES;TAXON_MATCH_TAXON_ID_IGNORED
5064132585	50c9509d-22c7-4a22-a47d-8c48425ef4a7	https://www.inaturalist.org/observations/261260722	Animalia	Arthropoda	Malacostraca	Decapoda	Panopeidae	Panopeus	Panopeus herbstii		SPECIES	Panopeus herbstii H.Milne Edwards, 1834	Panopeus herbstii		US		Virginia	PRESENT		28eb1a3f-1c15-4a95-931a-4af90ecb574d	37.637986	-76.570969	11.0						2024-10-31T13:29	31	10	2024	2227711	2227711	HUMAN_OBSERVATION	iNaturalist	Observations	261260722		Sara Chaves Beam	2025-02-10T17:05:22	CC_BY_NC_4_0	Sara Chaves Beam	Sara Chaves Beam			2025-05-30T23:34:26.745Z	StillImage	COORDINATE_ROUNDED;CONTINENT_DERIVED_FROM_COORDINATES;TAXON_MATCH_TAXON_ID_IGNORED
5007983024	50c9509d-22c7-4a22-a47d-8c48425ef4a7	https://www.inaturalist.org/observations/249834653	Animalia	Arthropoda	Malacostraca	Decapoda	Panopeidae	Panopeus	Panopeus herbstii		SPECIES	Panopeus herbstii H.Milne Edwards, 1834	Panopeus herbstii		US		Florida	PRESENT		28eb1a3f-1c15-4a95-931a-4af90ecb574d	30.419475	-81.41932	6.0						2024-10-25T11:50:18	25	10	2024	2227711	2227711	HUMAN_OBSERVATION	iNaturalist	Observations	249834653		Peter Wilson	2024-10-31T02:05:45	CC_BY_NC_4_0	Peter Wilson	Peter Wilson			2025-05-30T23:58:50.116Z	StillImage	CONTINENT_DERIVED_FROM_COORDINATES;TAXON_MATCH_TAXON_ID_IGNORED
5007932749	50c9509d-22c7-4a22-a47d-8c48425ef4a7	https://www.inaturalist.org/observations/254791103	Animalia	Arthropoda	Malacostraca	Decapoda	Panopeidae	Panopeus	Panopeus herbstii		SPECIES	Panopeus herbstii H.Milne Edwards, 1834	Panopeus herbstii		US		Maryland	PRESENT		28eb1a3f-1c15-4a95-931a-4af90ecb574d	38.193325	-76.429275	4.0						2024-12-11T01:31:56	11	12	2024	2227711	2227711	HUMAN_OBSERVATION	iNaturalist	Observations	254791103		Cassidy Martin	2024-12-11T07:37:26	CC_BY_4_0	Cassidy Martin	Cassidy Martin			2025-05-31T00:19:05.788Z		CONTINENT_DERIVED_FROM_COORDINATES;TAXON_MATCH_TAXON_ID_IGNORED
5007774376	50c9509d-22c7-4a22-a47d-8c48425ef4a7	https://www.inaturalist.org/observations/180124590	Animalia	Arthropoda	Malacostraca	Decapoda	Panopeidae	Panopeus	Panopeus herbstii		SPECIES	Panopeus herbstii H.Milne Edwards, 1834	Panopeus herbstii		US		Connecticut	PRESENT		28eb1a3f-1c15-4a95-931a-4af90ecb574d	41.268725	-72.531237	5.0						2023-08-25T10:40:51	25	8	2023	2227711	2227711	HUMAN_OBSERVATION	iNaturalist	Observations	180124590		Cameron T. C.	2024-12-24T00:43:33	CC_BY_4_0	Bobby McCabe	Bobby McCabe			2025-05-31T00:58:23.668Z	StillImage	COORDINATE_ROUNDED;CONTINENT_DERIVED_FROM_COORDINATES;TAXON_MATCH_TAXON_ID_IGNORED
5007772928	50c9509d-22c7-4a22-a47d-8c48425ef4a7	https://www.inaturalist.org/observations/257028192	Animalia	Arthropoda	Malacostraca	Decapoda	Panopeidae	Panopeus	Panopeus herbstii		SPECIES	Panopeus herbstii H.Milne Edwards, 1834	Panopeus herbstii		US		North Carolina	PRESENT		28eb1a3f-1c15-4a95-931a-4af90ecb574d	34.65113	-77.100539	3.0						2024-12-31T15:12:56	31	12	2024	2227711	2227711	HUMAN_OBSERVATION	iNaturalist	Observations	257028192		Max J. Ford	2025-01-01T18:48:06	CC_BY_4_0	Max J. Ford	Max J. Ford			2025-05-31T01:10:59.674Z	StillImage	COORDINATE_ROUNDED;CONTINENT_DERIVED_FROM_COORDINATES;TAXON_MATCH_TAXON_ID_IGNORED
5006847990	50c9509d-22c7-4a22-a47d-8c48425ef4a7	https://www.inaturalist.org/observations/235212362	Animalia	Arthropoda	Malacostraca	Decapoda	Panopeidae	Panopeus	Panopeus herbstii		SPECIES	Panopeus herbstii H.Milne Edwards, 1834	Panopeus herbstii		US		New York	PRESENT		28eb1a3f-1c15-4a95-931a-4af90ecb574d	40.936021	-73.144386							2024-08-11T11:11:55	11	8	2024	2227711	2227711	HUMAN_OBSERVATION	iNaturalist	Observations	235212362		Cameron T. C.	2024-12-25T04:07:58	CC_BY_NC_4_0	Cayla Rosenhagen	Cayla Rosenhagen			2025-05-31T00:12:17.729Z	StillImage	COORDINATE_ROUNDED;CONTINENT_DERIVED_FROM_COORDINATES;TAXON_MATCH_TAXON_ID_IGNORED
5006814892	50c9509d-22c7-4a22-a47d-8c48425ef4a7	https://www.inaturalist.org/observations/257612361	Animalia	Arthropoda	Malacostraca	Decapoda	Panopeidae	Panopeus	Panopeus herbstii		SPECIES	Panopeus herbstii H.Milne Edwards, 1834	Panopeus herbstii		US		Delaware	PRESENT		28eb1a3f-1c15-4a95-931a-4af90ecb574d	39.003186	-75.328741	189.0						2024-12-30T16:38	30	12	2024	2227711	2227711	HUMAN_OBSERVATION	iNaturalist	Observations	257612361		bev435	2025-01-06T17:34:18	CC_BY_NC_4_0	bev435	bev435			2025-05-31T01:19:35.562Z	StillImage	COORDINATE_ROUNDED;CONTINENT_DERIVED_FROM_COORDINATES;TAXON_MATCH_TAXON_ID_IGNORED
4994149167	50c9509d-22c7-4a22-a47d-8c48425ef4a7	https://www.inaturalist.org/observations/250034963	Animalia	Arthropoda	Malacostraca	Decapoda	Panopeidae	Panopeus	Panopeus herbstii		SPECIES	Panopeus herbstii H.Milne Edwards, 1834	Panopeus herbstii		US		Virginia	PRESENT		28eb1a3f-1c15-4a95-931a-4af90ecb574d	37.612339	-75.632361	1123.0						2024-06-12T14:32	12	6	2024	2227711	2227711	HUMAN_OBSERVATION	iNaturalist	Observations	250034963		estehr	2024-11-01T18:34:19	CC_BY_NC_4_0	estehr	estehr			2025-05-30T23:50:33.621Z	StillImage	COORDINATE_ROUNDED;CONTINENT_DERIVED_FROM_COORDINATES;TAXON_MATCH_TAXON_ID_IGNORED
4993774991	50c9509d-22c7-4a22-a47d-8c48425ef4a7	https://www.inaturalist.org/observations/225744798	Animalia	Arthropoda	Malacostraca	Decapoda	Panopeidae	Panopeus	Panopeus herbstii		SPECIES	Panopeus herbstii H.Milne Edwards, 1834	Panopeus herbstii		US		New Hampshire	PRESENT		28eb1a3f-1c15-4a95-931a-4af90ecb574d	43.129939	-70.850937	3.0						2024-06-28T12:41:20	28	6	2024	2227711	2227711	HUMAN_OBSERVATION	iNaturalist	Observations	225744798		Cameron T. C.	2024-12-03T06:04:10	CC_BY_NC_4_0	Drew Villeneuve	Drew Villeneuve			2025-05-30T23:54:51.871Z	StillImage	COORDINATE_ROUNDED;CONTINENT_DERIVED_FROM_COORDINATES;TAXON_MATCH_TAXON_ID_IGNORED
4987828405	50c9509d-22c7-4a22-a47d-8c48425ef4a7	https://www.inaturalist.org/observations/251657524	Animalia	Arthropoda	Malacostraca	Decapoda	Panopeidae	Panopeus	Panopeus herbstii		SPECIES	Panopeus herbstii H.Milne Edwards, 1834	Panopeus herbstii		US		North Carolina	PRESENT		28eb1a3f-1c15-4a95-931a-4af90ecb574d	34.65117	-77.100311	4.0						2024-11-11T09:17:47	11	11	2024	2227711	2227711	HUMAN_OBSERVATION	iNaturalist	Observations	251657524		Max J. Ford	2024-11-14T12:27:56	CC_BY_4_0	Max J. Ford	Max J. Ford			2025-05-31T00:19:53.910Z	StillImage	COORDINATE_ROUNDED;CONTINENT_DERIVED_FROM_COORDINATES;TAXON_MATCH_TAXON_ID_IGNORED
4982069520	50c9509d-22c7-4a22-a47d-8c48425ef4a7	https://www.inaturalist.org/observations/252097882	Animalia	Arthropoda	Malacostraca	Decapoda	Panopeidae	Panopeus	Panopeus herbstii		SPECIES	Panopeus herbstii H.Milne Edwards, 1834	Panopeus herbstii		US		Massachusetts	PRESENT		28eb1a3f-1c15-4a95-931a-4af90ecb574d	41.556747	-70.480377							2023-08-22T13:23:17	22	8	2023	2227711	2227711	HUMAN_OBSERVATION	iNaturalist	Observations	252097882		Nick Glover	2024-11-18T01:15:08	CC_BY_NC_4_0	Nick Glover	Nick Glover			2025-05-31T00:27:37.442Z	StillImage	COORDINATE_ROUNDED;CONTINENT_DERIVED_FROM_COORDINATES;TAXON_MATCH_TAXON_ID_IGNORED
4978652349	50c9509d-22c7-4a22-a47d-8c48425ef4a7	https://www.inaturalist.org/observations/246258793	Animalia	Arthropoda	Malacostraca	Decapoda	Panopeidae	Panopeus	Panopeus herbstii		SPECIES	Panopeus herbstii H.Milne Edwards, 1834	Panopeus herbstii		US		Massachusetts	PRESENT		28eb1a3f-1c15-4a95-931a-4af90ecb574d	41.930508	-70.036125	4.0						2024-10-07T10:11:56	7	10	2024	2227711	2227711	HUMAN_OBSERVATION	iNaturalist	Observations	246258793		Max J. Ford	2024-10-08T01:53:34	CC_BY_4_0	Max J. Ford	Max J. Ford			2025-05-31T00:08:21.156Z	StillImage	COORDINATE_ROUNDED;CONTINENT_DERIVED_FROM_COORDINATES;TAXON_MATCH_TAXON_ID_IGNORED
4952400182	50c9509d-22c7-4a22-a47d-8c48425ef4a7	https://www.inaturalist.org/observations/246077987	Animalia	Arthropoda	Malacostraca	Decapoda	Panopeidae	Panopeus	Panopeus herbstii		SPECIES	Panopeus herbstii H.Milne Edwards, 1834	Panopeus herbstii		US		Massachusetts	PRESENT		28eb1a3f-1c15-4a95-931a-4af90ecb574d	41.294412	-70.044869	4.0						2024-10-06T09:06:38	6	10	2024	2227711	2227711	HUMAN_OBSERVATION	iNaturalist	Observations	246077987		Yvonne Vaillancourt	2024-10-07T02:03:28	CC_BY_NC_4_0	ackmaryann	ackmaryann			2025-05-30T23:21:39.267Z	StillImage	COORDINATE_ROUNDED;CONTINENT_DERIVED_FROM_COORDINATES;TAXON_MATCH_TAXON_ID_IGNORED
4946452291	50c9509d-22c7-4a22-a47d-8c48425ef4a7	https://www.inaturalist.org/observations/240077014	Animalia	Arthropoda	Malacostraca	Decapoda	Panopeidae	Panopeus	Panopeus herbstii		SPECIES	Panopeus herbstii H.Milne Edwards, 1834	Panopeus herbstii		US		New York	PRESENT		28eb1a3f-1c15-4a95-931a-4af90ecb574d	40.856749	-72.545737	27877.0						2024-09-04T14:20:03	4	9	2024	2227711	2227711	HUMAN_OBSERVATION	iNaturalist	Observations	240077014		Bradley Rasmussen	2024-09-06T03:00:39	CC_BY_NC_4_0	Bradley Rasmussen	Bradley Rasmussen			2025-05-31T00:40:42.799Z	StillImage	COORDINATE_ROUNDED;CONTINENT_DERIVED_FROM_COORDINATES;TAXON_MATCH_TAXON_ID_IGNORED
4946101033	50c9509d-22c7-4a22-a47d-8c48425ef4a7	https://www.inaturalist.org/observations/240244853	Animalia	Arthropoda	Malacostraca	Decapoda	Panopeidae	Panopeus	Panopeus herbstii		SPECIES	Panopeus herbstii H.Milne Edwards, 1834	Panopeus herbstii		US		New York	PRESENT		28eb1a3f-1c15-4a95-931a-4af90ecb574d	40.839467	-72.458451	27877.0						2024-09-04T14:20:14	4	9	2024	2227711	2227711	HUMAN_OBSERVATION	iNaturalist	Observations	240244853		Drew	2024-09-07T01:56:35	CC_BY_NC_4_0	Drew	Drew			2025-05-30T23:19:32.010Z	StillImage	COORDINATE_ROUNDED;CONTINENT_DERIVED_FROM_COORDINATES;TAXON_MATCH_TAXON_ID_IGNORED
4937201885	50c9509d-22c7-4a22-a47d-8c48425ef4a7	https://www.inaturalist.org/observations/210527933	Animalia	Arthropoda	Malacostraca	Decapoda	Panopeidae	Panopeus	Panopeus herbstii		SPECIES	Panopeus herbstii H.Milne Edwards, 1834	Panopeus herbstii		US		North Carolina	PRESENT		28eb1a3f-1c15-4a95-931a-4af90ecb574d	34.65117	-77.100533	4.0						2024-04-27T14:46:23	27	4	2024	2227711	2227711	HUMAN_OBSERVATION	iNaturalist	Observations	210527933		Max J. Ford	2024-04-28T00:41:33	CC_BY_4_0	Max J. Ford	Max J. Ford			2025-05-30T23:36:46.894Z	StillImage	COORDINATE_ROUNDED;CONTINENT_DERIVED_FROM_COORDINATES;TAXON_MATCH_TAXON_ID_IGNORED
4937109403	50c9509d-22c7-4a22-a47d-8c48425ef4a7	https://www.inaturalist.org/observations/222301709	Animalia	Arthropoda	Malacostraca	Decapoda	Panopeidae	Panopeus	Panopeus herbstii		SPECIES	Panopeus herbstii H.Milne Edwards, 1834	Panopeus herbstii		US		South Carolina	PRESENT		28eb1a3f-1c15-4a95-931a-4af90ecb574d	33.523597	-79.062103	8.0						2024-06-12T12:22:12	12	6	2024	2227711	2227711	HUMAN_OBSERVATION	iNaturalist	Observations	222301709		kbaran7147	2024-06-12T19:29:51	CC_BY_NC_4_0	kbaran7147	kbaran7147			2025-05-30T22:34:53.272Z	StillImage	COORDINATE_ROUNDED;CONTINENT_DERIVED_FROM_COORDINATES;TAXON_MATCH_TAXON_ID_IGNORED
4937083320	50c9509d-22c7-4a22-a47d-8c48425ef4a7	https://www.inaturalist.org/observations/138308295	Animalia	Arthropoda	Malacostraca	Decapoda	Panopeidae	Panopeus	Panopeus herbstii		SPECIES	Panopeus herbstii H.Milne Edwards, 1834	Panopeus herbstii		US		New Jersey	PRESENT		28eb1a3f-1c15-4a95-931a-4af90ecb574d	40.453566	-74.224662	4.0						2022-10-10T15:04	10	10	2022	2227711	2227711	HUMAN_OBSERVATION	iNaturalist	Observations	138308295		estehr	2024-08-28T15:18:59	CC_BY_4_0	geosesarma	geosesarma			2025-05-31T00:20:28.102Z	StillImage	COORDINATE_ROUNDED;CONTINENT_DERIVED_FROM_COORDINATES;TAXON_MATCH_TAXON_ID_IGNORED
4937067848	50c9509d-22c7-4a22-a47d-8c48425ef4a7	https://www.inaturalist.org/observations/199587966	Animalia	Arthropoda	Malacostraca	Decapoda	Panopeidae	Panopeus	Panopeus herbstii		SPECIES	Panopeus herbstii H.Milne Edwards, 1834	Panopeus herbstii		US		North Carolina	PRESENT		28eb1a3f-1c15-4a95-931a-4af90ecb574d	33.959822	-77.942903	10.0						2024-02-17T13:00:34	17	2	2024	2227711	2227711	HUMAN_OBSERVATION	iNaturalist	Observations	199587966		polygonia_graceilis	2024-02-17T19:05:17	CC_BY_NC_4_0	polygonia_graceilis	polygonia_graceilis			2025-05-30T22:44:30.106Z	StillImage	COORDINATE_ROUNDED;CONTINENT_DERIVED_FROM_COORDINATES;TAXON_MATCH_TAXON_ID_IGNORED
4936944171	50c9509d-22c7-4a22-a47d-8c48425ef4a7	https://www.inaturalist.org/observations/9860055	Animalia	Arthropoda	Malacostraca	Decapoda	Panopeidae	Panopeus	Panopeus herbstii		SPECIES	Panopeus herbstii H.Milne Edwards, 1834	Panopeus herbstii		US		New York	PRESENT		28eb1a3f-1c15-4a95-931a-4af90ecb574d	40.704538	-73.988522	10.0						2018-02-14T15:04:29	14	2	2018	2227711	2227711	HUMAN_OBSERVATION	iNaturalist	Observations	9860055		Brooklyn Bridge Park Conservancy	2018-03-21T19:45:25	CC_BY_NC_4_0	rickcaruso	rickcaruso			2025-05-31T00:50:23.494Z	StillImage	COORDINATE_ROUNDED;CONTINENT_DERIVED_FROM_COORDINATES;TAXON_MATCH_TAXON_ID_IGNORED
4936585443	50c9509d-22c7-4a22-a47d-8c48425ef4a7	https://www.inaturalist.org/observations/205428488	Animalia	Arthropoda	Malacostraca	Decapoda	Panopeidae	Panopeus	Panopeus herbstii		SPECIES	Panopeus herbstii H.Milne Edwards, 1834	Panopeus herbstii		US		South Carolina	PRESENT		28eb1a3f-1c15-4a95-931a-4af90ecb574d	33.349972	-79.194694	4.0						2024-04-04T14:18	4	4	2024	2227711	2227711	HUMAN_OBSERVATION	iNaturalist	Observations	205428488		carolinecampbell03	2024-04-04T21:08:38	CC_BY_NC_4_0	carolinecampbell03	carolinecampbell03			2025-05-30T23:29:50.106Z	StillImage	COORDINATE_ROUNDED;CONTINENT_DERIVED_FROM_COORDINATES;TAXON_MATCH_TAXON_ID_IGNORED
4936403347	50c9509d-22c7-4a22-a47d-8c48425ef4a7	https://www.inaturalist.org/observations/238071248	Animalia	Arthropoda	Malacostraca	Decapoda	Panopeidae	Panopeus	Panopeus herbstii		SPECIES	Panopeus herbstii H.Milne Edwards, 1834	Panopeus herbstii		US		Virginia	PRESENT		28eb1a3f-1c15-4a95-931a-4af90ecb574d	37.258407	-75.821807	2519.0						2024-08-16T10:16	16	8	2024	2227711	2227711	HUMAN_OBSERVATION	iNaturalist	Observations	238071248		estehr	2024-08-26T14:18:06	CC_BY_NC_4_0	estehr	estehr			2025-05-31T00:12:26.983Z	StillImage	COORDINATE_ROUNDED;CONTINENT_DERIVED_FROM_COORDINATES;TAXON_MATCH_TAXON_ID_IGNORED
4936366727	50c9509d-22c7-4a22-a47d-8c48425ef4a7	https://www.inaturalist.org/observations/223803870	Animalia	Arthropoda	Malacostraca	Decapoda	Panopeidae	Panopeus	Panopeus herbstii		SPECIES	Panopeus herbstii H.Milne Edwards, 1834	Panopeus herbstii		US		Rhode Island	PRESENT		28eb1a3f-1c15-4a95-931a-4af90ecb574d	41.552417	-71.279988	27785.0						2024-06-19T11:26:26	19	6	2024	2227711	2227711	HUMAN_OBSERVATION	iNaturalist	Observations	223803870		pleurozium_lover	2024-06-21T18:49:16	CC_BY_NC_4_0	bassteeth	bassteeth			2025-05-31T00:20:44.160Z	StillImage	COORDINATE_ROUNDED;CONTINENT_DERIVED_FROM_COORDINATES;TAXON_MATCH_TAXON_ID_IGNORED
4936283194	50c9509d-22c7-4a22-a47d-8c48425ef4a7	https://www.inaturalist.org/observations/236596775	Animalia	Arthropoda	Malacostraca	Decapoda	Panopeidae	Panopeus	Panopeus herbstii		SPECIES	Panopeus herbstii H.Milne Edwards, 1834	Panopeus herbstii		US		South Carolina	PRESENT		28eb1a3f-1c15-4a95-931a-4af90ecb574d	33.538832	-79.050077	44.0						2024-06-25T18:06:57	25	6	2024	2227711	2227711	HUMAN_OBSERVATION	iNaturalist	Observations	236596775		estehr	2024-08-28T14:58:49	CC_BY_NC_4_0	Jordan S	Jordan S			2025-05-31T01:13:48.135Z	StillImage	COORDINATE_ROUNDED;CONTINENT_DERIVED_FROM_COORDINATES;TAXON_MATCH_TAXON_ID_IGNORED
4936254829	50c9509d-22c7-4a22-a47d-8c48425ef4a7	https://www.inaturalist.org/observations/68897671	Animalia	Arthropoda	Malacostraca	Decapoda	Panopeidae	Panopeus	Panopeus herbstii		SPECIES	Panopeus herbstii H.Milne Edwards, 1834	Panopeus herbstii		US		Florida	PRESENT		28eb1a3f-1c15-4a95-931a-4af90ecb574d	27.218112	-82.516022	5.0						2020-10-31T17:23:15	31	10	2020	2227711	2227711	HUMAN_OBSERVATION	iNaturalist	Observations	68897671		Jack Mackay	2021-02-01T07:06:12	CC_BY_NC_4_0	Mike Gigliotti	Mike Gigliotti			2025-05-30T23:47:38.041Z	StillImage	COORDINATE_ROUNDED;CONTINENT_DERIVED_FROM_COORDINATES;TAXON_MATCH_TAXON_ID_IGNORED
4936234272	50c9509d-22c7-4a22-a47d-8c48425ef4a7	https://www.inaturalist.org/observations/125976493	Animalia	Arthropoda	Malacostraca	Decapoda	Panopeidae	Panopeus	Panopeus herbstii		SPECIES	Panopeus herbstii H.Milne Edwards, 1834	Panopeus herbstii		US		North Carolina	PRESENT		28eb1a3f-1c15-4a95-931a-4af90ecb574d	33.882353	-78.510225							2022-07-12T15:02:49	12	7	2022	2227711	2227711	HUMAN_OBSERVATION	iNaturalist	Observations	125976493		estehr	2024-08-27T20:40:52	CC_BY_4_0	Henry	Henry			2025-05-30T22:35:09.275Z	StillImage	COORDINATE_ROUNDED;CONTINENT_DERIVED_FROM_COORDINATES;TAXON_MATCH_TAXON_ID_IGNORED
4936227097	50c9509d-22c7-4a22-a47d-8c48425ef4a7	https://www.inaturalist.org/observations/125347313	Animalia	Arthropoda	Malacostraca	Decapoda	Panopeidae	Panopeus	Panopeus herbstii		SPECIES	Panopeus herbstii H.Milne Edwards, 1834	Panopeus herbstii		US		Maryland	PRESENT		28eb1a3f-1c15-4a95-931a-4af90ecb574d	38.291807	-76.380075	2.0						2022-07-06T12:00	6	7	2022	2227711	2227711	HUMAN_OBSERVATION	iNaturalist	Observations	125347313		pleurozium_lover	2023-02-23T17:33:18	CC_BY_NC_4_0	Benji Beluga	Benji Beluga			2025-05-30T22:36:58.886Z	StillImage	COORDINATE_ROUNDED;CONTINENT_DERIVED_FROM_COORDINATES;TAXON_MATCH_TAXON_ID_IGNORED
4936182115	50c9509d-22c7-4a22-a47d-8c48425ef4a7	https://www.inaturalist.org/observations/207983500	Animalia	Arthropoda	Malacostraca	Decapoda	Panopeidae	Panopeus	Panopeus herbstii		SPECIES	Panopeus herbstii H.Milne Edwards, 1834	Panopeus herbstii		US		South Carolina	PRESENT		28eb1a3f-1c15-4a95-931a-4af90ecb574d	33.317138	-79.285318	1736.0						2024-04-04T14:12:09	4	4	2024	2227711	2227711	HUMAN_OBSERVATION	iNaturalist	Observations	207983500		bonda575	2024-04-18T20:10:59	CC_BY_NC_4_0	bonda575	bonda575			2025-05-31T00:08:49.471Z	StillImage	COORDINATE_ROUNDED;CONTINENT_DERIVED_FROM_COORDINATES;TAXON_MATCH_TAXON_ID_IGNORED
4936109566	50c9509d-22c7-4a22-a47d-8c48425ef4a7	https://www.inaturalist.org/observations/196268424	Animalia	Arthropoda	Malacostraca	Decapoda	Panopeidae	Panopeus	Panopeus herbstii		SPECIES	Panopeus herbstii H.Milne Edwards, 1834	Panopeus herbstii		US		North Carolina	PRESENT		28eb1a3f-1c15-4a95-931a-4af90ecb574d	35.79662	-75.54897	20.0						2023-11-15T00:01:14	15	11	2023	2227711	2227711	HUMAN_OBSERVATION	iNaturalist	Observations	196268424		elijahfreeman19	2024-01-10T11:08:57	CC_BY_NC_4_0	elijahfreeman19	elijahfreeman19			2025-05-30T23:56:14.473Z	StillImage	COORDINATE_ROUNDED;CONTINENT_DERIVED_FROM_COORDINATES;TAXON_MATCH_TAXON_ID_IGNORED
4936074486	50c9509d-22c7-4a22-a47d-8c48425ef4a7	https://www.inaturalist.org/observations/69263463	Animalia	Arthropoda	Malacostraca	Decapoda	Panopeidae	Panopeus	Panopeus herbstii		SPECIES	Panopeus herbstii H.Milne Edwards, 1834	Panopeus herbstii		US		South Carolina	PRESENT		28eb1a3f-1c15-4a95-931a-4af90ecb574d	32.587876	-80.130851	60.0						2021-02-07T11:18	7	2	2021	2227711	2227711	HUMAN_OBSERVATION	iNaturalist	Observations	69263463		bjaynes	2021-02-11T00:01:23	CC_BY_NC_4_0	bjaynes	bjaynes			2025-05-30T23:15:59.403Z	StillImage	COORDINATE_ROUNDED;CONTINENT_DERIVED_FROM_COORDINATES;TAXON_MATCH_TAXON_ID_IGNORED
4935981871	50c9509d-22c7-4a22-a47d-8c48425ef4a7	https://www.inaturalist.org/observations/200950168	Animalia	Arthropoda	Malacostraca	Decapoda	Panopeidae	Panopeus	Panopeus herbstii		SPECIES	Panopeus herbstii H.Milne Edwards, 1834	Panopeus herbstii		US		Rhode Island	PRESENT		28eb1a3f-1c15-4a95-931a-4af90ecb574d	41.448617	-71.449608	3.0						2024-03-01T16:13:17	1	3	2024	2227711	2227711	HUMAN_OBSERVATION	iNaturalist	Observations	200950168		El	2024-03-01T23:09:37	CC_BY_NC_4_0	El	El			2025-05-30T23:51:43.565Z	StillImage	COORDINATE_ROUNDED;CONTINENT_DERIVED_FROM_COORDINATES;TAXON_MATCH_TAXON_ID_IGNORED
4935954121	50c9509d-22c7-4a22-a47d-8c48425ef4a7	https://www.inaturalist.org/observations/236597141	Animalia	Arthropoda	Malacostraca	Decapoda	Panopeidae	Panopeus	Panopeus herbstii		SPECIES	Panopeus herbstii H.Milne Edwards, 1834	Panopeus herbstii		US		South Carolina	PRESENT		28eb1a3f-1c15-4a95-931a-4af90ecb574d	33.538785	-79.05014	28.0						2024-06-25T18:09:32	25	6	2024	2227711	2227711	HUMAN_OBSERVATION	iNaturalist	Observations	236597141		estehr	2024-08-28T14:58:37	CC_BY_NC_4_0	Jordan S	Jordan S			2025-05-30T22:55:24.078Z	StillImage	COORDINATE_ROUNDED;CONTINENT_DERIVED_FROM_COORDINATES;TAXON_MATCH_TAXON_ID_IGNORED
4935850010	50c9509d-22c7-4a22-a47d-8c48425ef4a7	https://www.inaturalist.org/observations/228774629	Animalia	Arthropoda	Malacostraca	Decapoda	Panopeidae	Panopeus	Panopeus herbstii		SPECIES	Panopeus herbstii H.Milne Edwards, 1834	Panopeus herbstii		US		New Jersey	PRESENT		28eb1a3f-1c15-4a95-931a-4af90ecb574d	40.1007	-74.049097							2024-07-10T21:37:40	10	7	2024	2227711	2227711	HUMAN_OBSERVATION	iNaturalist	Observations	228774629		Drew	2024-07-12T06:18:21	CC_BY_NC_4_0	Drew	Drew			2025-05-31T01:00:13.380Z	StillImage	COORDINATE_ROUNDED;CONTINENT_DERIVED_FROM_COORDINATES;TAXON_MATCH_TAXON_ID_IGNORED
4935842938	50c9509d-22c7-4a22-a47d-8c48425ef4a7	https://www.inaturalist.org/observations/210526929	Animalia	Arthropoda	Malacostraca	Decapoda	Panopeidae	Panopeus	Panopeus herbstii		SPECIES	Panopeus herbstii H.Milne Edwards, 1834	Panopeus herbstii		US		North Carolina	PRESENT		28eb1a3f-1c15-4a95-931a-4af90ecb574d	34.651195	-77.100533	3.0						2024-04-27T14:40:34	27	4	2024	2227711	2227711	HUMAN_OBSERVATION	iNaturalist	Observations	210526929		Max J. Ford	2024-04-28T00:39:18	CC_BY_4_0	Max J. Ford	Max J. Ford			2025-05-31T01:08:53.682Z	StillImage	COORDINATE_ROUNDED;CONTINENT_DERIVED_FROM_COORDINATES;TAXON_MATCH_TAXON_ID_IGNORED
4926351560	50c9509d-22c7-4a22-a47d-8c48425ef4a7	https://www.inaturalist.org/observations/235956809	Animalia	Arthropoda	Malacostraca	Decapoda	Panopeidae	Panopeus	Panopeus herbstii		SPECIES	Panopeus herbstii H.Milne Edwards, 1834	Panopeus herbstii		US		Massachusetts	PRESENT		28eb1a3f-1c15-4a95-931a-4af90ecb574d	41.662511	-70.183566	3.0						2024-08-15T14:37:31	15	8	2024	2227711	2227711	HUMAN_OBSERVATION	iNaturalist	Observations	235956809		emilydykstra	2024-08-15T21:03:12	CC_BY_NC_4_0	emilydykstra	emilydykstra			2025-05-30T22:40:43.212Z	StillImage	COORDINATE_ROUNDED;CONTINENT_DERIVED_FROM_COORDINATES;TAXON_MATCH_TAXON_ID_IGNORED
4924001234	50c9509d-22c7-4a22-a47d-8c48425ef4a7	https://www.inaturalist.org/observations/234904653	Animalia	Arthropoda	Malacostraca	Decapoda	Panopeidae	Panopeus	Panopeus herbstii		SPECIES	Panopeus herbstii H.Milne Edwards, 1834	Panopeus herbstii		US		New York	PRESENT		28eb1a3f-1c15-4a95-931a-4af90ecb574d	40.696492	-73.999183	49.0						2024-08-10T10:02:46	10	8	2024	2227711	2227711	HUMAN_OBSERVATION	iNaturalist	Observations	234904653		oxydoras	2024-08-10T22:52:12	CC_BY_NC_4_0	oxydoras	oxydoras			2025-05-30T23:08:23.132Z	StillImage	COORDINATE_ROUNDED;CONTINENT_DERIVED_FROM_COORDINATES;TAXON_MATCH_TAXON_ID_IGNORED
4904027488	50c9509d-22c7-4a22-a47d-8c48425ef4a7	https://www.inaturalist.org/observations/223562260	Animalia	Arthropoda	Malacostraca	Decapoda	Panopeidae	Panopeus	Panopeus herbstii		SPECIES	Panopeus herbstii H.Milne Edwards, 1834	Panopeus herbstii		US		New York	PRESENT		28eb1a3f-1c15-4a95-931a-4af90ecb574d	40.935927	-73.144586	67.0						2024-06-17	17	6	2024	2227711	2227711	HUMAN_OBSERVATION	iNaturalist	Observations	223562260		koililyy	2024-06-27T02:14:57	CC_BY_NC_4_0	Cayla Rosenhagen	Cayla Rosenhagen			2025-05-30T23:59:32.544Z	StillImage	COORDINATE_ROUNDED;CONTINENT_DERIVED_FROM_COORDINATES;TAXON_MATCH_TAXON_ID_IGNORED
4875444612	50c9509d-22c7-4a22-a47d-8c48425ef4a7	https://www.inaturalist.org/observations/219137439	Animalia	Arthropoda	Malacostraca	Decapoda	Panopeidae	Panopeus	Panopeus herbstii		SPECIES	Panopeus herbstii H.Milne Edwards, 1834	Panopeus herbstii		BM		Saint George's	PRESENT		28eb1a3f-1c15-4a95-931a-4af90ecb574d	32.388528	-64.678688	4.0						2024-05-25T17:34:19	25	5	2024	2227711	2227711	HUMAN_OBSERVATION	iNaturalist	Observations	219137439		theoceansoup	2024-05-29T16:21:03	CC_BY_NC_4_0	theoceansoup	theoceansoup			2025-05-30T22:33:46.006Z	StillImage	COORDINATE_ROUNDED;CONTINENT_DERIVED_FROM_COORDINATES;TAXON_MATCH_TAXON_ID_IGNORED
4870037780	038f4398-50d3-4643-86f3-a0dceba96125	Invemar:MHNMC:Consec.85504:INVCRU10596	Animalia	Arthropoda	Malacostraca	Decapoda	Panopeidae	Panopeus	Panopeus herbstii		SPECIES	Panopeus herbstii H.Milne Edwards, 1834	Panopeus herbstii	H. Milne Edwards, 1834	CO	Litoral externo a la bahía Tukakas - costado nororiental. Área 1 - Formaciones coralinas	La Guajira	PRESENT	1	f072f648-b8a4-47a0-9e1c-89d790645b5a	11.91234	-71.27251	30.0				2.5	0.5	2023-04-21	21	4	2023	2227711	2227711	HUMAN_OBSERVATION	Instituto de Investigaciones Marinas y Costeras José Benito Vives de Andreis (INVEMAR)	MHNMC	INV CRU10596	1 C C22 21 A_1	Andrés Merchán Cepeda;Yuberlis González Ipuana	2023-11-01T00:00:00	CC_BY_NC_4_0	INVEMAR	Vanessa Yepes Narváez;Maria Alejandra Mutis Martinezguerra;Cristina Maria Cedeño Posso			2025-01-31T17:08:54.052Z		
4870037765	038f4398-50d3-4643-86f3-a0dceba96125	Invemar:MHNMC:Consec.85548:INVCRU10640	Animalia	Arthropoda	Malacostraca	Decapoda	Panopeidae	Panopeus	Panopeus herbstii		SPECIES	Panopeus herbstii H.Milne Edwards, 1834	Panopeus herbstii	H. Milne Edwards, 1834	CO	Costado Nororiental externo a la bahía Tukakas - porción inmediata al canal de acceso. Área 5 - Manglar	La Guajira	PRESENT	1	f072f648-b8a4-47a0-9e1c-89d790645b5a	11.91806	-71.31199	30.0				0.0	0.0	2023-04-25	25	4	2023	2227711	2227711	HUMAN_OBSERVATION	Instituto de Investigaciones Marinas y Costeras José Benito Vives de Andreis (INVEMAR)	MHNMC	INV CRU10640	5 M C101 25	Andrés Merchán Cepeda;Yuberlis González Ipuana	2023-11-02T00:00:00	CC_BY_NC_4_0	INVEMAR	Vanessa Yepes Narváez;Maria Alejandra Mutis Martinezguerra;Cristina Maria Cedeño Posso			2025-01-31T17:08:54.029Z		
4870037718	038f4398-50d3-4643-86f3-a0dceba96125	Invemar:MHNMC:Consec.85516:INVCRU10608	Animalia	Arthropoda	Malacostraca	Decapoda	Panopeidae	Panopeus	Panopeus herbstii		SPECIES	Panopeus herbstii H.Milne Edwards, 1834	Panopeus herbstii	H. Milne Edwards, 1834	CO	Canal de acceso a la bahía Tukakas. Área 4 - Litoral rocoso	La Guajira	PRESENT	1	f072f648-b8a4-47a0-9e1c-89d790645b5a	11.91378	-71.29032	30.0				0.0	0.0	2023-04-22	22	4	2023	2227711	2227711	HUMAN_OBSERVATION	Instituto de Investigaciones Marinas y Costeras José Benito Vives de Andreis (INVEMAR)	MHNMC	INV CRU10608	4 L C45 22	Andrés Merchán Cepeda;Yuberlis González Ipuana	2023-10-19T00:00:00	CC_BY_NC_4_0	INVEMAR	Vanessa Yepes Narváez;Maria Alejandra Mutis Martinezguerra;Cristina Maria Cedeño Posso			2025-01-31T17:08:53.949Z		
4870037546	038f4398-50d3-4643-86f3-a0dceba96125	Invemar:MHNMC:Consec.85539:INVCRU10631	Animalia	Arthropoda	Malacostraca	Decapoda	Panopeidae	Panopeus	Panopeus herbstii		SPECIES	Panopeus herbstii H.Milne Edwards, 1834	Panopeus herbstii	H. Milne Edwards, 1834	CO	Costado Suroccidental - Parte media de la bahía Tukakas. Área 7 - Raíces de mangle	La Guajira	PRESENT	1	f072f648-b8a4-47a0-9e1c-89d790645b5a	11.91491	-71.31367	30.0				0.3	0.0	2023-04-23	23	4	2023	2227711	2227711	HUMAN_OBSERVATION	Instituto de Investigaciones Marinas y Costeras José Benito Vives de Andreis (INVEMAR)	MHNMC	INV CRU10631	7 R C92 23	Andrés Merchán Cepeda;Yuberlis González Ipuana	2023-11-02T00:00:00	CC_BY_NC_4_0	INVEMAR	Vanessa Yepes Narváez;Maria Alejandra Mutis Martinezguerra;Cristina Maria Cedeño Posso			2025-01-31T17:08:53.467Z		
4852551075	50c9509d-22c7-4a22-a47d-8c48425ef4a7	https://www.inaturalist.org/observations/211915148	Animalia	Arthropoda	Malacostraca	Decapoda	Panopeidae	Panopeus	Panopeus herbstii		SPECIES	Panopeus herbstii H.Milne Edwards, 1834	Panopeus herbstii		US		Florida	PRESENT		28eb1a3f-1c15-4a95-931a-4af90ecb574d	26.806755	-80.066658	57.0						2024-04-27T16:07:18	27	4	2024	2227711	2227711	HUMAN_OBSERVATION	iNaturalist	Observations	211915148		Thomas Campbell	2024-04-29T22:34:53	CC_BY_NC_4_0	Thomas Campbell	Thomas Campbell			2025-05-30T22:44:34.910Z	StillImage	COORDINATE_ROUNDED;CONTINENT_DERIVED_FROM_COORDINATES;TAXON_MATCH_TAXON_ID_IGNORED
4607612570	50c9509d-22c7-4a22-a47d-8c48425ef4a7	https://www.inaturalist.org/observations/205428452	Animalia	Arthropoda	Malacostraca	Decapoda	Panopeidae	Panopeus	Panopeus herbstii		SPECIES	Panopeus herbstii H.Milne Edwards, 1834	Panopeus herbstii		US		South Carolina	PRESENT		28eb1a3f-1c15-4a95-931a-4af90ecb574d	33.349972	-79.194694	4.0						2024-04-04T14:18	4	4	2024	2227711	2227711	HUMAN_OBSERVATION	iNaturalist	Observations	205428452		isabellesap	2024-04-04T21:08:16	CC_BY_NC_4_0	isabellesap	isabellesap			2025-05-30T22:49:44.379Z	StillImage	COORDINATE_ROUNDED;CONTINENT_DERIVED_FROM_COORDINATES;TAXON_MATCH_TAXON_ID_IGNORED
4596919302	50c9509d-22c7-4a22-a47d-8c48425ef4a7	https://www.inaturalist.org/observations/201530376	Animalia	Arthropoda	Malacostraca	Decapoda	Panopeidae	Panopeus	Panopeus herbstii		SPECIES	Panopeus herbstii H.Milne Edwards, 1834	Panopeus herbstii		US		Mississippi	PRESENT		28eb1a3f-1c15-4a95-931a-4af90ecb574d	30.371688	-89.071005	8.0						2024-03-06T18:02:10	6	3	2024	2227711	2227711	HUMAN_OBSERVATION	iNaturalist	Observations	201530376		jadenhendrix	2024-03-07T05:02:00	CC_BY_NC_4_0	snymanh	snymanh			2025-05-30T23:23:46.890Z	StillImage	COORDINATE_ROUNDED;CONTINENT_DERIVED_FROM_COORDINATES;TAXON_MATCH_TAXON_ID_IGNORED
4453984957	50c9509d-22c7-4a22-a47d-8c48425ef4a7	https://www.inaturalist.org/observations/179373122	Animalia	Arthropoda	Malacostraca	Decapoda	Panopeidae	Panopeus	Panopeus herbstii		SPECIES	Panopeus herbstii H.Milne Edwards, 1834	Panopeus herbstii		US		New Jersey	PRESENT		28eb1a3f-1c15-4a95-931a-4af90ecb574d	39.108032	-74.705827	53.0						2023-08-19T19:20:05	19	8	2023	2227711	2227711	HUMAN_OBSERVATION	iNaturalist	Observations	179373122		pleurozium_lover	2023-11-24T17:20:17	CC_BY_NC_4_0	Brian G.	Brian G.			2025-05-30T23:51:15.400Z	StillImage	COORDINATE_ROUNDED;CONTINENT_DERIVED_FROM_COORDINATES;TAXON_MATCH_TAXON_ID_IGNORED
4424616985	50c9509d-22c7-4a22-a47d-8c48425ef4a7	https://www.inaturalist.org/observations/183897658	Animalia	Arthropoda	Malacostraca	Decapoda	Panopeidae	Panopeus	Panopeus herbstii		SPECIES	Panopeus herbstii H.Milne Edwards, 1834	Panopeus herbstii		US		North Carolina	PRESENT		28eb1a3f-1c15-4a95-931a-4af90ecb574d	34.717462	-76.670595	4.0						2023-09-18T14:15:17	18	9	2023	2227711	2227711	HUMAN_OBSERVATION	iNaturalist	Observations	183897658		abbymaris	2023-09-18T20:55:47	CC_BY_NC_4_0	abbymaris	abbymaris			2025-05-31T00:12:54.932Z	StillImage	COORDINATE_ROUNDED;CONTINENT_DERIVED_FROM_COORDINATES;TAXON_MATCH_TAXON_ID_IGNORED
4405006102	50c9509d-22c7-4a22-a47d-8c48425ef4a7	https://www.inaturalist.org/observations/179773297	Animalia	Arthropoda	Malacostraca	Decapoda	Panopeidae	Panopeus	Panopeus herbstii		SPECIES	Panopeus herbstii H.Milne Edwards, 1834	Panopeus herbstii		US		Massachusetts	PRESENT		28eb1a3f-1c15-4a95-931a-4af90ecb574d	41.929395	-70.044433	20.0						2023-08-22T09:39:39	22	8	2023	2227711	2227711	HUMAN_OBSERVATION	iNaturalist	Observations	179773297		Ian Manning	2023-08-23T11:49:27	CC_BY_NC_4_0	gwt2102	gwt2102			2025-05-30T23:20:35.497Z	StillImage	COORDINATE_ROUNDED;CONTINENT_DERIVED_FROM_COORDINATES;TAXON_MATCH_TAXON_ID_IGNORED
4171624386	50c9509d-22c7-4a22-a47d-8c48425ef4a7	https://www.inaturalist.org/observations/126087019	Animalia	Arthropoda	Malacostraca	Decapoda	Panopeidae	Panopeus	Panopeus herbstii		SPECIES	Panopeus herbstii H.Milne Edwards, 1834	Panopeus herbstii		US		New York	PRESENT		28eb1a3f-1c15-4a95-931a-4af90ecb574d	40.620595	-73.621855	5.0						2022-07-13T11:31:40	13	7	2022	2227711	2227711	HUMAN_OBSERVATION	iNaturalist	Observations	126087019		Robert Levy	2022-07-13T17:03:51	CC_BY_NC_4_0	Robert Levy	Robert Levy			2025-05-31T00:07:25.424Z	StillImage	CONTINENT_DERIVED_FROM_COORDINATES;TAXON_MATCH_TAXON_ID_IGNORED
4171185534	50c9509d-22c7-4a22-a47d-8c48425ef4a7	https://www.inaturalist.org/observations/129528219	Animalia	Arthropoda	Malacostraca	Decapoda	Panopeidae	Panopeus	Panopeus herbstii		SPECIES	Panopeus herbstii H.Milne Edwards, 1834	Panopeus herbstii		US		New York	PRESENT		28eb1a3f-1c15-4a95-931a-4af90ecb574d	40.621978	-73.625655	9.0						2022-06-25T13:19:02	25	6	2022	2227711	2227711	HUMAN_OBSERVATION	iNaturalist	Observations	129528219		Robert Levy	2022-08-05T11:37:52	CC_BY_NC_4_0	Robert Levy	Robert Levy			2025-05-30T23:55:38.628Z	StillImage	COORDINATE_ROUNDED;CONTINENT_DERIVED_FROM_COORDINATES;TAXON_MATCH_TAXON_ID_IGNORED
4162017844	50c9509d-22c7-4a22-a47d-8c48425ef4a7	https://www.inaturalist.org/observations/172613792	Animalia	Arthropoda	Malacostraca	Decapoda	Panopeidae	Panopeus	Panopeus herbstii		SPECIES	Panopeus herbstii H.Milne Edwards, 1834	Panopeus herbstii		US		North Carolina	PRESENT		28eb1a3f-1c15-4a95-931a-4af90ecb574d	33.882228	-78.510362	13.0						2023-07-10T09:02	10	7	2023	2227711	2227711	HUMAN_OBSERVATION	iNaturalist	Observations	172613792		Henry	2023-07-13T02:46:03	CC_BY_4_0	Henry	Henry			2025-05-30T22:32:48.122Z	StillImage	COORDINATE_ROUNDED;CONTINENT_DERIVED_FROM_COORDINATES;TAXON_MATCH_TAXON_ID_IGNORED
4138480743	50c9509d-22c7-4a22-a47d-8c48425ef4a7	https://www.inaturalist.org/observations/169476065	Animalia	Arthropoda	Malacostraca	Decapoda	Panopeidae	Panopeus	Panopeus herbstii		SPECIES	Panopeus herbstii H.Milne Edwards, 1834	Panopeus herbstii		BM		Southampton	PRESENT		28eb1a3f-1c15-4a95-931a-4af90ecb574d	32.248806	-64.84833	236.0						2023-06-25T15:31	25	6	2023	2227711	2227711	HUMAN_OBSERVATION	iNaturalist	Observations	169476065		Ben Eddy	2023-06-26T15:15:12	CC_BY_NC_4_0	Luke Foster	Luke Foster			2025-05-30T23:06:24.903Z	StillImage	COORDINATE_ROUNDED;CONTINENT_DERIVED_FROM_COORDINATES;TAXON_MATCH_TAXON_ID_IGNORED
4135083588	b7d63092-9005-486b-83d1-92e484b47206	2022-07-19:MarineGEO:USA-IRL_seagrass_2022:Bear Point Seagrass:1:32:seagrass-epifauna:158436	Animalia	Arthropoda	Malacostraca	Decapoda	Panopeidae	Panopeus	Panopeus herbstii		SPECIES	Panopeus herbstii H.Milne Edwards, 1834	Panopeus herbstii		US			PRESENT		c3ad790a-d426-4ac1-8e32-da61f81f0117	27.442026	-80.297301	30.0				2.25	0.75	2022-07-19	19	7	2022	2227711	2227711	HUMAN_OBSERVATION	MarineGEO						CC_BY_4_0					2025-02-06T18:24:42.123Z		COORDINATE_ROUNDED;CONTINENT_DERIVED_FROM_COORDINATES
4135083479	b7d63092-9005-486b-83d1-92e484b47206	2021-07-22:MarineGEO:USA-IRL_seagrass_2021:Bear Point Seagrass:3:24:seagrass-epifauna:158436	Animalia	Arthropoda	Malacostraca	Decapoda	Panopeidae	Panopeus	Panopeus herbstii		SPECIES	Panopeus herbstii H.Milne Edwards, 1834	Panopeus herbstii		US			PRESENT		c3ad790a-d426-4ac1-8e32-da61f81f0117	27.442035	-80.297394	30.0				2.25	0.75	2021-07-22	22	7	2021	2227711	2227711	HUMAN_OBSERVATION	MarineGEO						CC_BY_4_0					2025-02-06T18:24:42.112Z		COORDINATE_ROUNDED;CONTINENT_DERIVED_FROM_COORDINATES
4075590147	50c9509d-22c7-4a22-a47d-8c48425ef4a7	https://www.inaturalist.org/observations/152030078	Animalia	Arthropoda	Malacostraca	Decapoda	Panopeidae	Panopeus	Panopeus herbstii		SPECIES	Panopeus herbstii H.Milne Edwards, 1834	Panopeus herbstii		US		Maryland	PRESENT		28eb1a3f-1c15-4a95-931a-4af90ecb574d	38.225343	-76.050011	76.0						2023-03-15T16:52:25	15	3	2023	2227711	2227711	HUMAN_OBSERVATION	iNaturalist	Observations	152030078		bow_brown_brook	2023-03-23T14:17:15	CC_BY_NC_4_0	bow_brown_brook	bow_brown_brook			2025-05-31T00:15:33.345Z	StillImage	COORDINATE_ROUNDED;CONTINENT_DERIVED_FROM_COORDINATES;TAXON_MATCH_TAXON_ID_IGNORED
4075587825	50c9509d-22c7-4a22-a47d-8c48425ef4a7	https://www.inaturalist.org/observations/145692823	Animalia	Arthropoda	Malacostraca	Decapoda	Panopeidae	Panopeus	Panopeus herbstii		SPECIES	Panopeus herbstii H.Milne Edwards, 1834	Panopeus herbstii		US		Florida	PRESENT		28eb1a3f-1c15-4a95-931a-4af90ecb574d	24.673083	-81.242859	4.0						2022-05-08T07:47	8	5	2022	2227711	2227711	HUMAN_OBSERVATION	iNaturalist	Observations	145692823		Jeff Goddard	2023-01-02T20:45:12	CC_BY_NC_4_0	Jeff Goddard	Jeff Goddard			2025-05-30T22:48:23.475Z	StillImage	COORDINATE_ROUNDED;CONTINENT_DERIVED_FROM_COORDINATES;TAXON_MATCH_TAXON_ID_IGNORED
4067250226	50c9509d-22c7-4a22-a47d-8c48425ef4a7	https://www.inaturalist.org/observations/151542240	Animalia	Arthropoda	Malacostraca	Decapoda	Panopeidae	Panopeus	Panopeus herbstii		SPECIES	Panopeus herbstii H.Milne Edwards, 1834	Panopeus herbstii		BM		Southampton	PRESENT		28eb1a3f-1c15-4a95-931a-4af90ecb574d	32.256648	-64.834246	38.0						2023-03-17T17:32:41	17	3	2023	2227711	2227711	HUMAN_OBSERVATION	iNaturalist	Observations	151542240		Ben Eddy	2023-03-19T00:33:45	CC_BY_NC_4_0	Luke Foster	Luke Foster			2025-05-30T22:34:44.602Z	StillImage	COORDINATE_ROUNDED;CONTINENT_DERIVED_FROM_COORDINATES;TAXON_MATCH_TAXON_ID_IGNORED
4046582520	50c9509d-22c7-4a22-a47d-8c48425ef4a7	https://www.inaturalist.org/observations/126158725	Animalia	Arthropoda	Malacostraca	Decapoda	Panopeidae	Panopeus	Panopeus herbstii		SPECIES	Panopeus herbstii H.Milne Edwards, 1834	Panopeus herbstii		US		Maryland	PRESENT		28eb1a3f-1c15-4a95-931a-4af90ecb574d	38.041629	-75.361488	103.0						2022-07-13T15:56:32	13	7	2022	2227711	2227711	HUMAN_OBSERVATION	iNaturalist	Observations	126158725		RD	2022-07-15T00:04:25	CC_BY_NC_4_0	RD	RD			2025-05-30T22:31:29.391Z	StillImage	COORDINATE_ROUNDED;CONTINENT_DERIVED_FROM_COORDINATES;TAXON_MATCH_TAXON_ID_IGNORED
4046422498	50c9509d-22c7-4a22-a47d-8c48425ef4a7	https://www.inaturalist.org/observations/110068641	Animalia	Arthropoda	Malacostraca	Decapoda	Panopeidae	Panopeus	Panopeus herbstii		SPECIES	Panopeus herbstii H.Milne Edwards, 1834	Panopeus herbstii		BM		Hamilton	PRESENT		28eb1a3f-1c15-4a95-931a-4af90ecb574d	32.346272	-64.708866	15.0						2022-03-31T15:00	31	3	2022	2227711	2227711	HUMAN_OBSERVATION	iNaturalist	Observations	110068641		Luke Foster	2022-04-08T04:02:43	CC_BY_NC_4_0	Miguel A Mejias, PhD.	Miguel A Mejias, PhD.			2025-05-31T00:02:50.396Z	StillImage	COORDINATE_ROUNDED;CONTINENT_DERIVED_FROM_COORDINATES;TAXON_MATCH_TAXON_ID_IGNORED
4046399323	50c9509d-22c7-4a22-a47d-8c48425ef4a7	https://www.inaturalist.org/observations/20147124	Animalia	Arthropoda	Malacostraca	Decapoda	Panopeidae	Panopeus	Panopeus herbstii		SPECIES	Panopeus herbstii H.Milne Edwards, 1834	Panopeus herbstii		US		New York	PRESENT		28eb1a3f-1c15-4a95-931a-4af90ecb574d	40.527714	-74.160766	54.0						2019-02-05T16:18:57	5	2	2019	2227711	2227711	HUMAN_OBSERVATION	iNaturalist	Observations	20147124		pleurozium_lover	2023-02-24T17:15:14	CC_BY_NC_4_0	Matt Reala	Matt Reala			2025-05-31T00:50:33.377Z	StillImage	COORDINATE_ROUNDED;CONTINENT_DERIVED_FROM_COORDINATES;TAXON_MATCH_TAXON_ID_IGNORED
4046373345	50c9509d-22c7-4a22-a47d-8c48425ef4a7	https://www.inaturalist.org/observations/27787459	Animalia	Arthropoda	Malacostraca	Decapoda	Panopeidae	Panopeus	Panopeus herbstii		SPECIES	Panopeus herbstii H.Milne Edwards, 1834	Panopeus herbstii		US		Massachusetts	PRESENT		28eb1a3f-1c15-4a95-931a-4af90ecb574d	41.529866	-71.064383	22.0						2019-06-27T10:00:41	27	6	2019	2227711	2227711	HUMAN_OBSERVATION	iNaturalist	Observations	27787459		Spencer Lott	2019-06-28T01:12:18	CC_BY_NC_4_0	Spencer Lott	Spencer Lott			2025-05-30T23:26:52.216Z	StillImage	COORDINATE_ROUNDED;CONTINENT_DERIVED_FROM_COORDINATES;TAXON_MATCH_TAXON_ID_IGNORED
4034630628	50c9509d-22c7-4a22-a47d-8c48425ef4a7	https://www.inaturalist.org/observations/136910199	Animalia	Arthropoda	Malacostraca	Decapoda	Panopeidae	Panopeus	Panopeus herbstii		SPECIES	Panopeus herbstii H.Milne Edwards, 1834	Panopeus herbstii		US		New Jersey	PRESENT		28eb1a3f-1c15-4a95-931a-4af90ecb574d	40.415858	-73.982392	4.0						2022-09-26T16:10:36	26	9	2022	2227711	2227711	HUMAN_OBSERVATION	iNaturalist	Observations	136910199		pleurozium_lover	2023-02-14T17:07:31	CC_BY_NC_4_0	gwt2102	gwt2102			2025-05-31T00:12:17.802Z	StillImage	COORDINATE_ROUNDED;CONTINENT_DERIVED_FROM_COORDINATES;TAXON_MATCH_TAXON_ID_IGNORED
4021946307	50c9509d-22c7-4a22-a47d-8c48425ef4a7	https://www.inaturalist.org/observations/6057213	Animalia	Arthropoda	Malacostraca	Decapoda	Panopeidae	Panopeus	Panopeus herbstii		SPECIES	Panopeus herbstii H.Milne Edwards, 1834	Panopeus herbstii		US		South Carolina	PRESENT		28eb1a3f-1c15-4a95-931a-4af90ecb574d	32.580189	-80.138314							2017-05-02T11:45	2	5	2017	2227711	2227711	HUMAN_OBSERVATION	iNaturalist	Observations	6057213		Burns Newsome	2020-09-09T21:49:07	CC_BY_NC_4_0	burnettnp	burnettnp			2025-05-30T23:43:36.463Z	StillImage	COORDINATE_ROUNDED;CONTINENT_DERIVED_FROM_COORDINATES;TAXON_MATCH_TAXON_ID_IGNORED
4014977572	50c9509d-22c7-4a22-a47d-8c48425ef4a7	https://www.inaturalist.org/observations/123973597	Animalia	Arthropoda	Malacostraca	Decapoda	Panopeidae	Panopeus	Panopeus herbstii		SPECIES	Panopeus herbstii H.Milne Edwards, 1834	Panopeus herbstii		US		Florida	PRESENT		28eb1a3f-1c15-4a95-931a-4af90ecb574d	29.041456	-82.73753	31.0						2022-06-27T14:08	27	6	2022	2227711	2227711	HUMAN_OBSERVATION	iNaturalist	Observations	123973597		Dave Graff	2022-07-06T11:24:53	CC_BY_NC_4_0	Donald Fraser	Donald Fraser			2025-05-30T23:56:10.784Z	StillImage	COORDINATE_ROUNDED;CONTINENT_DERIVED_FROM_COORDINATES;TAXON_MATCH_TAXON_ID_IGNORED
4006641309	50c9509d-22c7-4a22-a47d-8c48425ef4a7	https://www.inaturalist.org/observations/17850558	Animalia	Arthropoda	Malacostraca	Decapoda	Panopeidae	Panopeus	Panopeus herbstii		SPECIES	Panopeus herbstii H.Milne Edwards, 1834	Panopeus herbstii		US		Rhode Island	PRESENT		28eb1a3f-1c15-4a95-931a-4af90ecb574d	41.45603	-71.396761	2104.0						2018-10-24T15:03:04	24	10	2018	2227711	2227711	HUMAN_OBSERVATION	iNaturalist	Observations	17850558		k_fountain	2018-10-27T15:12:36	CC_BY_NC_4_0	k_fountain	k_fountain			2025-05-31T00:00:07.834Z	StillImage	COORDINATE_ROUNDED;CONTINENT_DERIVED_FROM_COORDINATES;TAXON_MATCH_TAXON_ID_IGNORED
3988443563	50c9509d-22c7-4a22-a47d-8c48425ef4a7	https://www.inaturalist.org/observations/135294809	Animalia	Arthropoda	Malacostraca	Decapoda	Panopeidae	Panopeus	Panopeus herbstii		SPECIES	Panopeus herbstii H.Milne Edwards, 1834	Panopeus herbstii		US		North Carolina	PRESENT		28eb1a3f-1c15-4a95-931a-4af90ecb574d	34.707127	-76.691524	538.0						2022-09-16T14:55:16	16	9	2022	2227711	2227711	HUMAN_OBSERVATION	iNaturalist	Observations	135294809		Curtis Cha	2022-12-02T04:33:00	CC_BY_NC_4_0	Curtis Cha	Curtis Cha			2025-05-31T00:59:12.549Z	StillImage	COORDINATE_ROUNDED;CONTINENT_DERIVED_FROM_COORDINATES;TAXON_MATCH_TAXON_ID_IGNORED
3966361361	50c9509d-22c7-4a22-a47d-8c48425ef4a7	https://www.inaturalist.org/observations/71281292	Animalia	Arthropoda	Malacostraca	Decapoda	Panopeidae	Panopeus	Panopeus herbstii		SPECIES	Panopeus herbstii H.Milne Edwards, 1834	Panopeus herbstii		US		North Carolina	PRESENT		28eb1a3f-1c15-4a95-931a-4af90ecb574d	35.770753	-75.520255	18.0						2021-03-14T13:06:59	14	3	2021	2227711	2227711	HUMAN_OBSERVATION	iNaturalist	Observations	71281292		Ashwin Srinivasan	2021-06-28T01:23:25	CC_BY_4_0	Ashwin Srinivasan	Ashwin Srinivasan			2025-05-30T23:20:30.235Z	StillImage	COORDINATE_ROUNDED;CONTINENT_DERIVED_FROM_COORDINATES;TAXON_MATCH_TAXON_ID_IGNORED
3947469589	50c9509d-22c7-4a22-a47d-8c48425ef4a7	https://www.inaturalist.org/observations/116635804	Animalia	Arthropoda	Malacostraca	Decapoda	Panopeidae	Panopeus	Panopeus herbstii		SPECIES	Panopeus herbstii H.Milne Edwards, 1834	Panopeus herbstii		US		Rhode Island	PRESENT		28eb1a3f-1c15-4a95-931a-4af90ecb574d	41.654545	-71.254498	395.0						2022-04-24T10:30:23	24	4	2022	2227711	2227711	HUMAN_OBSERVATION	iNaturalist	Observations	116635804		Thomas Irvine	2022-05-12T01:08:36	CC_BY_4_0	Thomas Irvine	Thomas Irvine			2025-05-30T22:45:18.673Z	StillImage	COORDINATE_ROUNDED;CONTINENT_DERIVED_FROM_COORDINATES;TAXON_MATCH_TAXON_ID_IGNORED
3860230097	50c9509d-22c7-4a22-a47d-8c48425ef4a7	https://www.inaturalist.org/observations/121001938	Animalia	Arthropoda	Malacostraca	Decapoda	Panopeidae	Panopeus	Panopeus herbstii		SPECIES	Panopeus herbstii H.Milne Edwards, 1834	Panopeus herbstii		BM		Southampton	PRESENT		28eb1a3f-1c15-4a95-931a-4af90ecb574d	32.256731	-64.833812	44.0						2022-06-09T14:02:42	9	6	2022	2227711	2227711	HUMAN_OBSERVATION	iNaturalist	Observations	121001938		Luke Foster	2022-06-09T20:05:29	CC_BY_NC_4_0	Luke Foster	Luke Foster			2025-05-30T22:28:28.641Z	StillImage	COORDINATE_ROUNDED;CONTINENT_DERIVED_FROM_COORDINATES;TAXON_MATCH_TAXON_ID_IGNORED
3859531906	50c9509d-22c7-4a22-a47d-8c48425ef4a7	https://www.inaturalist.org/observations/121962278	Animalia	Arthropoda	Malacostraca	Decapoda	Panopeidae	Panopeus	Panopeus herbstii		SPECIES	Panopeus herbstii H.Milne Edwards, 1834	Panopeus herbstii		BM		Smiths	PRESENT		28eb1a3f-1c15-4a95-931a-4af90ecb574d	32.323041	-64.737522	54.0						2022-06-15T18:18	15	6	2022	2227711	2227711	HUMAN_OBSERVATION	iNaturalist	Observations	121962278		Ben Eddy	2022-06-16T02:06:28	CC_BY_NC_4_0	Ben Eddy	Ben Eddy			2025-05-31T01:02:01.427Z	StillImage	COORDINATE_ROUNDED;CONTINENT_DERIVED_FROM_COORDINATES;TAXON_MATCH_TAXON_ID_IGNORED
3859271881	50c9509d-22c7-4a22-a47d-8c48425ef4a7	https://www.inaturalist.org/observations/121944207	Animalia	Arthropoda	Malacostraca	Decapoda	Panopeidae	Panopeus	Panopeus herbstii		SPECIES	Panopeus herbstii H.Milne Edwards, 1834	Panopeus herbstii		BM		Southampton	PRESENT		28eb1a3f-1c15-4a95-931a-4af90ecb574d	32.25675	-64.833854	148.0						2022-06-15T17:58:07	15	6	2022	2227711	2227711	HUMAN_OBSERVATION	iNaturalist	Observations	121944207		Luke Foster	2022-06-15T23:28:53	CC_BY_NC_4_0	Luke Foster	Luke Foster			2025-05-30T23:56:02.442Z	StillImage	COORDINATE_ROUNDED;CONTINENT_DERIVED_FROM_COORDINATES;TAXON_MATCH_TAXON_ID_IGNORED
3858375294	50c9509d-22c7-4a22-a47d-8c48425ef4a7	https://www.inaturalist.org/observations/121289413	Animalia	Arthropoda	Malacostraca	Decapoda	Panopeidae	Panopeus	Panopeus herbstii		SPECIES	Panopeus herbstii H.Milne Edwards, 1834	Panopeus herbstii		BM		Smiths	PRESENT		28eb1a3f-1c15-4a95-931a-4af90ecb574d	32.323255	-64.738465	72.0						2022-06-10T14:38	10	6	2022	2227711	2227711	HUMAN_OBSERVATION	iNaturalist	Observations	121289413		Ben Eddy	2022-06-11T19:37:52	CC_BY_NC_4_0	Ben Eddy	Ben Eddy			2025-05-30T22:36:39.656Z	StillImage	COORDINATE_ROUNDED;CONTINENT_DERIVED_FROM_COORDINATES;TAXON_MATCH_TAXON_ID_IGNORED
3773257264	50c9509d-22c7-4a22-a47d-8c48425ef4a7	https://www.inaturalist.org/observations/114304891	Animalia	Arthropoda	Malacostraca	Decapoda	Panopeidae	Panopeus	Panopeus herbstii		SPECIES	Panopeus herbstii H.Milne Edwards, 1834	Panopeus herbstii		US		Connecticut	PRESENT		28eb1a3f-1c15-4a95-931a-4af90ecb574d	41.074646	-73.405143	207.0						2022-04-30T14:11:10	30	4	2022	2227711	2227711	HUMAN_OBSERVATION	iNaturalist	Observations	114304891		lpinney12	2022-05-01T17:34:53	CC_BY_NC_4_0	lpinney12	lpinney12			2025-05-30T23:29:32Z	StillImage	COORDINATE_ROUNDED;CONTINENT_DERIVED_FROM_COORDINATES;TAXON_MATCH_TAXON_ID_IGNORED
3772880594	50c9509d-22c7-4a22-a47d-8c48425ef4a7	https://www.inaturalist.org/observations/114305372	Animalia	Arthropoda	Malacostraca	Decapoda	Panopeidae	Panopeus	Panopeus herbstii		SPECIES	Panopeus herbstii H.Milne Edwards, 1834	Panopeus herbstii		US		Connecticut	PRESENT		28eb1a3f-1c15-4a95-931a-4af90ecb574d	41.074646	-73.405143	207.0						2022-04-30T14:12:36	30	4	2022	2227711	2227711	HUMAN_OBSERVATION	iNaturalist	Observations	114305372		lpinney12	2022-05-01T17:36:00	CC_BY_NC_4_0	lpinney12	lpinney12			2025-05-30T23:20:13.053Z	StillImage	COORDINATE_ROUNDED;CONTINENT_DERIVED_FROM_COORDINATES;TAXON_MATCH_TAXON_ID_IGNORED
3772849545	50c9509d-22c7-4a22-a47d-8c48425ef4a7	https://www.inaturalist.org/observations/111707029	Animalia	Arthropoda	Malacostraca	Decapoda	Panopeidae	Panopeus	Panopeus herbstii		SPECIES	Panopeus herbstii H.Milne Edwards, 1834	Panopeus herbstii		BM		Hamilton	PRESENT		28eb1a3f-1c15-4a95-931a-4af90ecb574d	32.35063	-64.710158							2022-03-31T15:33	31	3	2022	2227711	2227711	HUMAN_OBSERVATION	iNaturalist	Observations	111707029		Luke Foster	2022-05-07T01:33:24	CC_BY_NC_4_0	James Bailey	James Bailey			2025-05-30T22:33:43.532Z	StillImage	COORDINATE_ROUNDED;CONTINENT_DERIVED_FROM_COORDINATES;TAXON_MATCH_TAXON_ID_IGNORED
3759988504	50c9509d-22c7-4a22-a47d-8c48425ef4a7	https://www.inaturalist.org/observations/110058574	Animalia	Arthropoda	Malacostraca	Decapoda	Panopeidae	Panopeus	Panopeus herbstii		SPECIES	Panopeus herbstii H.Milne Edwards, 1834	Panopeus herbstii		BM		Hamilton	PRESENT		28eb1a3f-1c15-4a95-931a-4af90ecb574d	32.351035	-64.709906	64.0						2022-03-31T15:47:51	31	3	2022	2227711	2227711	HUMAN_OBSERVATION	iNaturalist	Observations	110058574		Luke Foster	2022-04-01T02:04:58	CC_BY_NC_4_0	Luke Foster	Luke Foster			2025-05-31T00:20:24.137Z	StillImage	COORDINATE_ROUNDED;CONTINENT_DERIVED_FROM_COORDINATES;TAXON_MATCH_TAXON_ID_IGNORED
3759360176	50c9509d-22c7-4a22-a47d-8c48425ef4a7	https://www.inaturalist.org/observations/111707054	Animalia	Arthropoda	Malacostraca	Decapoda	Panopeidae	Panopeus	Panopeus herbstii		SPECIES	Panopeus herbstii H.Milne Edwards, 1834	Panopeus herbstii		BM		Hamilton	PRESENT		28eb1a3f-1c15-4a95-931a-4af90ecb574d	32.350868	-64.710072							2022-03-31T15:52	31	3	2022	2227711	2227711	HUMAN_OBSERVATION	iNaturalist	Observations	111707054		James Bailey	2022-04-16T22:12:32	CC_BY_NC_4_0	James Bailey	James Bailey			2025-05-30T22:43:54.522Z	StillImage	COORDINATE_ROUNDED;CONTINENT_DERIVED_FROM_COORDINATES;TAXON_MATCH_TAXON_ID_IGNORED
3759072922	50c9509d-22c7-4a22-a47d-8c48425ef4a7	https://www.inaturalist.org/observations/109487599	Animalia	Arthropoda	Malacostraca	Decapoda	Panopeidae	Panopeus	Panopeus herbstii		SPECIES	Panopeus herbstii H.Milne Edwards, 1834	Panopeus herbstii		US		New York	PRESENT		28eb1a3f-1c15-4a95-931a-4af90ecb574d	40.728336	-74.013039	15.0						2021-07-27T11:40	27	7	2021	2227711	2227711	HUMAN_OBSERVATION	iNaturalist	Observations	109487599		Zoe Kim	2022-04-01T19:10:21	CC_BY_NC_4_0	Zoe Kim	Zoe Kim			2025-05-31T00:11:19.355Z	StillImage	COORDINATE_ROUNDED;CONTINENT_DERIVED_FROM_COORDINATES;TAXON_MATCH_TAXON_ID_IGNORED
3456239394	50c9509d-22c7-4a22-a47d-8c48425ef4a7	https://www.inaturalist.org/observations/104405364	Animalia	Arthropoda	Malacostraca	Decapoda	Panopeidae	Panopeus	Panopeus herbstii		SPECIES	Panopeus herbstii H.Milne Edwards, 1834	Panopeus herbstii		BM		Sandys	PRESENT		28eb1a3f-1c15-4a95-931a-4af90ecb574d	32.312805	-64.846458	5.0						2022-01-03T14:30	3	1	2022	2227711	2227711	HUMAN_OBSERVATION	iNaturalist	Observations	104405364		Fae Sapsford	2022-01-05T13:43:07	CC_BY_NC_4_0	Fae Sapsford	Fae Sapsford			2025-05-30T22:34:44.483Z	StillImage	COORDINATE_ROUNDED;CONTINENT_DERIVED_FROM_COORDINATES;TAXON_MATCH_TAXON_ID_IGNORED
3384292649	50c9509d-22c7-4a22-a47d-8c48425ef4a7	https://www.inaturalist.org/observations/75903209	Animalia	Arthropoda	Malacostraca	Decapoda	Panopeidae	Panopeus	Panopeus herbstii		SPECIES	Panopeus herbstii H.Milne Edwards, 1834	Panopeus herbstii		US		New York	PRESENT		28eb1a3f-1c15-4a95-931a-4af90ecb574d	40.728213	-74.011939	4.0						2021-04-30T11:36:14	30	4	2021	2227711	2227711	HUMAN_OBSERVATION	iNaturalist	Observations	75903209		shayes-hrpk	2021-04-30T20:03:33	CC_BY_NC_4_0	Olivia Radick	Olivia Radick			2025-05-31T00:10:06.441Z	StillImage	COORDINATE_ROUNDED;CONTINENT_DERIVED_FROM_COORDINATES;TAXON_MATCH_TAXON_ID_IGNORED
3327914301	50c9509d-22c7-4a22-a47d-8c48425ef4a7	http://www.inaturalist.org/observations/2315196	Animalia	Arthropoda	Malacostraca	Decapoda	Panopeidae	Panopeus	Panopeus herbstii		SPECIES	Panopeus herbstii H.Milne Edwards, 1834	Panopeus herbstii		US		South Carolina	PRESENT		28eb1a3f-1c15-4a95-931a-4af90ecb574d	33.504437	-79.070663	85.0						2008-07-03	3	7	2008	2227711	2227711	HUMAN_OBSERVATION	iNaturalist	Observations	2315196		Ty Smith	2021-07-10T03:50:44	CC_BY_NC_4_0	Chia aka Cory Chiappone	Chia aka Cory Chiappone			2025-05-30T23:54:35.569Z	StillImage	CONTINENT_DERIVED_FROM_COORDINATES;TAXON_MATCH_TAXON_ID_IGNORED
3067819415	50c9509d-22c7-4a22-a47d-8c48425ef4a7	https://www.inaturalist.org/observations/14715800	Animalia	Arthropoda	Malacostraca	Decapoda	Panopeidae	Panopeus	Panopeus herbstii		SPECIES	Panopeus herbstii H.Milne Edwards, 1834	Panopeus herbstii		US		Florida	PRESENT		28eb1a3f-1c15-4a95-931a-4af90ecb574d	29.664375	-81.21025	6.0						2018-05-22T10:37	22	5	2018	2227711	2227711	HUMAN_OBSERVATION	iNaturalist	Observations	14715800		Austin Smith	2018-09-06T15:50:52	CC_BY_4_0	Austin Smith	Austin Smith			2025-05-30T23:50:05.826Z	StillImage	CONTINENT_DERIVED_FROM_COORDINATES;TAXON_MATCH_TAXON_ID_IGNORED
3067727972	50c9509d-22c7-4a22-a47d-8c48425ef4a7	https://www.inaturalist.org/observations/71741415	Animalia	Arthropoda	Malacostraca	Decapoda	Panopeidae	Panopeus	Panopeus herbstii		SPECIES	Panopeus herbstii H.Milne Edwards, 1834	Panopeus herbstii		US		New York	PRESENT		28eb1a3f-1c15-4a95-931a-4af90ecb574d	40.909482	-73.532857	118.0						2020-03-21T17:18:31	21	3	2020	2227711	2227711	HUMAN_OBSERVATION	iNaturalist	Observations	71741415		shady af comebacks	2021-03-21T21:02:09	CC0_1_0	shady af comebacks	shady af comebacks			2025-05-30T22:47:14.872Z	StillImage	COORDINATE_ROUNDED;CONTINENT_DERIVED_FROM_COORDINATES;TAXON_MATCH_TAXON_ID_IGNORED
3031905047	50c9509d-22c7-4a22-a47d-8c48425ef4a7	https://www.inaturalist.org/observations/64519364	Animalia	Arthropoda	Malacostraca	Decapoda	Panopeidae	Panopeus	Panopeus herbstii		SPECIES	Panopeus herbstii H.Milne Edwards, 1834	Panopeus herbstii		US		Virginia	PRESENT		28eb1a3f-1c15-4a95-931a-4af90ecb574d	37.105059	-76.338057	24.0						2020-08-27T14:00	27	8	2020	2227711	2227711	HUMAN_OBSERVATION	iNaturalist	Observations	64519364		Ty Smith	2020-11-09T13:58:52	CC_BY_NC_4_0	Ty Smith	Ty Smith			2025-05-30T23:23:02.424Z	StillImage	COORDINATE_ROUNDED;CONTINENT_DERIVED_FROM_COORDINATES;TAXON_MATCH_TAXON_ID_IGNORED
2862370333	50c9509d-22c7-4a22-a47d-8c48425ef4a7	https://www.inaturalist.org/observations/34283326	Animalia	Arthropoda	Malacostraca	Decapoda	Panopeidae	Panopeus	Panopeus herbstii		SPECIES	Panopeus herbstii H.Milne Edwards, 1834	Panopeus herbstii		US		Georgia	PRESENT		28eb1a3f-1c15-4a95-931a-4af90ecb574d	31.397334	-81.281541	3.0						2019-10-08T13:00:47	8	10	2019	2227711	2227711	HUMAN_OBSERVATION	iNaturalist	Observations	34283326		Andrew Jones	2019-10-13T02:35:41	CC_BY_NC_4_0	Andrew Jones	Andrew Jones			2025-05-30T22:40:15.707Z	StillImage	COORDINATE_ROUNDED;CONTINENT_DERIVED_FROM_COORDINATES;TAXON_MATCH_TAXON_ID_IGNORED
2850600344	50c9509d-22c7-4a22-a47d-8c48425ef4a7	https://www.inaturalist.org/observations/17716021	Animalia	Arthropoda	Malacostraca	Decapoda	Panopeidae	Panopeus	Panopeus herbstii		SPECIES	Panopeus herbstii H.Milne Edwards, 1834	Panopeus herbstii		US		New Jersey	PRESENT		28eb1a3f-1c15-4a95-931a-4af90ecb574d	38.961247	-74.864722	50.0						2018-10-21T13:22:29	21	10	2018	2227711	2227711	HUMAN_OBSERVATION	iNaturalist	Observations	17716021		Larry Chen	2018-10-21T18:30:26	CC_BY_NC_4_0	Larry Chen	Larry Chen			2025-05-30T22:18:47.886Z	StillImage	COORDINATE_ROUNDED;CONTINENT_DERIVED_FROM_COORDINATES;TAXON_MATCH_TAXON_ID_IGNORED
2826215656	50c9509d-22c7-4a22-a47d-8c48425ef4a7	https://www.inaturalist.org/observations/53367549	Animalia	Arthropoda	Malacostraca	Decapoda	Panopeidae	Panopeus	Panopeus herbstii		SPECIES	Panopeus herbstii H.Milne Edwards, 1834	Panopeus herbstii		US		New York	PRESENT		28eb1a3f-1c15-4a95-931a-4af90ecb574d	40.764513	-74.003208	129.0						2020-07-16T11:22:39	16	7	2020	2227711	2227711	HUMAN_OBSERVATION	iNaturalist	Observations	53367549		shayes-hrpk	2020-07-31T12:37:28	CC_BY_NC_4_0	shayes-hrpk	shayes-hrpk			2025-05-31T00:02:55.872Z	StillImage	COORDINATE_ROUNDED;CONTINENT_DERIVED_FROM_COORDINATES;TAXON_MATCH_TAXON_ID_IGNORED
2397461884	50c9509d-22c7-4a22-a47d-8c48425ef4a7	https://www.inaturalist.org/observations/18153792	Animalia	Arthropoda	Malacostraca	Decapoda	Panopeidae	Panopeus	Panopeus herbstii		SPECIES	Panopeus herbstii H.Milne Edwards, 1834	Panopeus herbstii		CU		Guantánamo	PRESENT		28eb1a3f-1c15-4a95-931a-4af90ecb574d	19.941414	-75.127619							2018-11-05T20:25	5	11	2018	2227711	2227711	HUMAN_OBSERVATION	iNaturalist	Observations	18153792		Mike Gigliotti	2018-11-13T03:25:27	CC_BY_NC_4_0	Wayne Fidler	Wayne Fidler			2025-05-30T23:59:26.860Z	StillImage	COORDINATE_ROUNDED;CONTINENT_DERIVED_FROM_COORDINATES;TAXON_MATCH_TAXON_ID_IGNORED
2397460794	50c9509d-22c7-4a22-a47d-8c48425ef4a7	https://www.inaturalist.org/observations/17265698	Animalia	Arthropoda	Malacostraca	Decapoda	Panopeidae	Panopeus	Panopeus herbstii		SPECIES	Panopeus herbstii H.Milne Edwards, 1834	Panopeus herbstii		CU		Guantánamo	PRESENT		28eb1a3f-1c15-4a95-931a-4af90ecb574d	19.940907	-75.111868	1.0						2018-10-06T15:26	6	10	2018	2227711	2227711	HUMAN_OBSERVATION	iNaturalist	Observations	17265698		Mike Gigliotti	2018-11-13T03:25:12	CC_BY_NC_4_0	Wayne Fidler	Wayne Fidler			2025-05-31T00:51:02.034Z	StillImage	COORDINATE_ROUNDED;CONTINENT_DERIVED_FROM_COORDINATES;TAXON_MATCH_TAXON_ID_IGNORED
1586115050	50c9509d-22c7-4a22-a47d-8c48425ef4a7	https://www.inaturalist.org/observations/7292833	Animalia	Arthropoda	Malacostraca	Decapoda	Panopeidae	Panopeus	Panopeus herbstii		SPECIES	Panopeus herbstii H.Milne Edwards, 1834	Panopeus herbstii		US		South Carolina	PRESENT		28eb1a3f-1c15-4a95-931a-4af90ecb574d	32.242303	-80.684044							2015-12-29T15:03	29	12	2015	2227711	2227711	HUMAN_OBSERVATION	iNaturalist	Observations	7292833		Norm Shea	2017-08-06T15:19:37	CC_BY_4_0	Mary Spilman	Mary Spilman			2025-05-30T23:36:10.695Z	StillImage	COORDINATE_ROUNDED;CONTINENT_DERIVED_FROM_COORDINATES;TAXON_MATCH_TAXON_ID_IGNORED
1453283101	50c9509d-22c7-4a22-a47d-8c48425ef4a7	http://www.inaturalist.org/observations/4764879	Animalia	Arthropoda	Malacostraca	Decapoda	Panopeidae	Panopeus	Panopeus herbstii		SPECIES	Panopeus herbstii H.Milne Edwards, 1834	Panopeus herbstii		US		Massachusetts	PRESENT		28eb1a3f-1c15-4a95-931a-4af90ecb574d	41.521808	-71.097122							2016-06-20T11:13:32	20	6	2016	2227711	2227711	HUMAN_OBSERVATION	iNaturalist	Observations	4764879				CC_BY_NC_4_0	nsbrown	nsbrown			2025-05-30T22:58:40.960Z	StillImage	COORDINATE_ROUNDED;CONTINENT_DERIVED_FROM_COORDINATES;TAXON_MATCH_TAXON_ID_IGNORED
1271636662	014ffcc4-58fc-495f-890c-11eb2dcb62e2	1105813246	Animalia	Arthropoda	Malacostraca	Decapoda	Panopeidae	Panopeus	Panopeus herbstii		SPECIES	Panopeus herbstii H.Milne Edwards, 1834	Panopeus herbstii	H. Milne Edwards, 1834	US	Manatee cell=9 sweep=1	Florida	PRESENT	1	c3ad790a-d426-4ac1-8e32-da61f81f0117	25.238033	-80.417783	15.0				1.81	0.0	2005-05-10T15:06	10	5	2005	2227711	2227711	HUMAN_OBSERVATION	USGS	Spring05	NA		NA		CC0_1_0		USGS			2025-01-31T17:04:28.235Z		GEODETIC_DATUM_INVALID;GEODETIC_DATUM_ASSUMED_WGS84;FOOTPRINT_WKT_INVALID;CONTINENT_DERIVED_FROM_COORDINATES;IDENTIFIED_DATE_INVALID;TYPE_STATUS_INVALID
1271636627	014ffcc4-58fc-495f-890c-11eb2dcb62e2	1105804409	Animalia	Arthropoda	Malacostraca	Decapoda	Panopeidae	Panopeus	Panopeus herbstii		SPECIES	Panopeus herbstii H.Milne Edwards, 1834	Panopeus herbstii	H. Milne Edwards, 1834	US	Card cell=19 sweep=1	Florida	PRESENT	1	c3ad790a-d426-4ac1-8e32-da61f81f0117	25.353333	-80.2743	15.0				0.72	0.0	2005-05-05T12:00	5	5	2005	2227711	2227711	HUMAN_OBSERVATION	USGS	Spring05	NA		NA		CC0_1_0		USGS			2025-01-31T17:04:26.717Z		GEODETIC_DATUM_INVALID;GEODETIC_DATUM_ASSUMED_WGS84;FOOTPRINT_WKT_INVALID;CONTINENT_DERIVED_FROM_COORDINATES;IDENTIFIED_DATE_INVALID;TYPE_STATUS_INVALID
1271636623	014ffcc4-58fc-495f-890c-11eb2dcb62e2	1105804408	Animalia	Arthropoda	Malacostraca	Decapoda	Panopeidae	Panopeus	Panopeus herbstii		SPECIES	Panopeus herbstii H.Milne Edwards, 1834	Panopeus herbstii	H. Milne Edwards, 1834	US	Card cell=19 sweep=1	Florida	PRESENT	1	c3ad790a-d426-4ac1-8e32-da61f81f0117	25.353333	-80.2743	15.0				0.72	0.0	2005-05-05T12:00	5	5	2005	2227711	2227711	HUMAN_OBSERVATION	USGS	Spring05	NA		NA		CC0_1_0		USGS			2025-01-31T17:04:26.717Z		GEODETIC_DATUM_INVALID;GEODETIC_DATUM_ASSUMED_WGS84;FOOTPRINT_WKT_INVALID;CONTINENT_DERIVED_FROM_COORDINATES;IDENTIFIED_DATE_INVALID;TYPE_STATUS_INVALID
1271636545	014ffcc4-58fc-495f-890c-11eb2dcb62e2	1105805303	Animalia	Arthropoda	Malacostraca	Decapoda	Panopeidae	Panopeus	Panopeus herbstii		SPECIES	Panopeus herbstii H.Milne Edwards, 1834	Panopeus herbstii	H. Milne Edwards, 1834	US	Card cell=26 sweep=1	Florida	PRESENT	1	c3ad790a-d426-4ac1-8e32-da61f81f0117	25.366633	-80.256266	15.0				1.36	0.0	2005-05-05T10:53	5	5	2005	2227711	2227711	HUMAN_OBSERVATION	USGS	Spring05	NA		NA		CC0_1_0		USGS			2025-01-31T17:04:32.634Z		GEODETIC_DATUM_INVALID;GEODETIC_DATUM_ASSUMED_WGS84;FOOTPRINT_WKT_INVALID;CONTINENT_DERIVED_FROM_COORDINATES;IDENTIFIED_DATE_INVALID;TYPE_STATUS_INVALID
1271636256	014ffcc4-58fc-495f-890c-11eb2dcb62e2	1105796774	Animalia	Arthropoda	Malacostraca	Decapoda	Panopeidae	Panopeus	Panopeus herbstii		SPECIES	Panopeus herbstii H.Milne Edwards, 1834	Panopeus herbstii	H. Milne Edwards, 1834	US	N_Black_Pt cell=11 sweep=1	Florida	PRESENT	1	c3ad790a-d426-4ac1-8e32-da61f81f0117	25.560583	-80.277283	15.0				2.23	0.0	2005-05-09T14:28	9	5	2005	2227711	2227711	HUMAN_OBSERVATION	USGS	Spring05	NA		NA		CC0_1_0		USGS			2025-01-31T17:04:30.780Z		GEODETIC_DATUM_INVALID;GEODETIC_DATUM_ASSUMED_WGS84;FOOTPRINT_WKT_INVALID;CONTINENT_DERIVED_FROM_COORDINATES;IDENTIFIED_DATE_INVALID;TYPE_STATUS_INVALID
1271636244	014ffcc4-58fc-495f-890c-11eb2dcb62e2	1105796773	Animalia	Arthropoda	Malacostraca	Decapoda	Panopeidae	Panopeus	Panopeus herbstii		SPECIES	Panopeus herbstii H.Milne Edwards, 1834	Panopeus herbstii	H. Milne Edwards, 1834	US	N_Black_Pt cell=11 sweep=1	Florida	PRESENT	1	c3ad790a-d426-4ac1-8e32-da61f81f0117	25.560583	-80.277283	15.0				2.23	0.0	2005-05-09T14:28	9	5	2005	2227711	2227711	HUMAN_OBSERVATION	USGS	Spring05	NA		NA		CC0_1_0		USGS			2025-01-31T17:04:30.781Z		GEODETIC_DATUM_INVALID;GEODETIC_DATUM_ASSUMED_WGS84;FOOTPRINT_WKT_INVALID;CONTINENT_DERIVED_FROM_COORDINATES;IDENTIFIED_DATE_INVALID;TYPE_STATUS_INVALID
1271636228	014ffcc4-58fc-495f-890c-11eb2dcb62e2	1105796772	Animalia	Arthropoda	Malacostraca	Decapoda	Panopeidae	Panopeus	Panopeus herbstii		SPECIES	Panopeus herbstii H.Milne Edwards, 1834	Panopeus herbstii	H. Milne Edwards, 1834	US	N_Black_Pt cell=11 sweep=1	Florida	PRESENT	1	c3ad790a-d426-4ac1-8e32-da61f81f0117	25.560583	-80.277283	15.0				2.23	0.0	2005-05-09T14:28	9	5	2005	2227711	2227711	HUMAN_OBSERVATION	USGS	Spring05	NA		NA		CC0_1_0		USGS			2025-01-31T17:04:30.780Z		GEODETIC_DATUM_INVALID;GEODETIC_DATUM_ASSUMED_WGS84;FOOTPRINT_WKT_INVALID;CONTINENT_DERIVED_FROM_COORDINATES;IDENTIFIED_DATE_INVALID;TYPE_STATUS_INVALID
1271636173	014ffcc4-58fc-495f-890c-11eb2dcb62e2	1105806199	Animalia	Arthropoda	Malacostraca	Decapoda	Panopeidae	Panopeus	Panopeus herbstii		SPECIES	Panopeus herbstii H.Milne Edwards, 1834	Panopeus herbstii	H. Milne Edwards, 1834	US	Card cell=6 sweep=1	Florida	PRESENT	1	c3ad790a-d426-4ac1-8e32-da61f81f0117	25.320283	-80.335016	15.0						2005-05-05T11:16	5	5	2005	2227711	2227711	HUMAN_OBSERVATION	USGS	Spring05	NA		NA		CC0_1_0		USGS			2025-01-31T17:04:30.996Z		GEODETIC_DATUM_INVALID;GEODETIC_DATUM_ASSUMED_WGS84;FOOTPRINT_WKT_INVALID;CONTINENT_DERIVED_FROM_COORDINATES;IDENTIFIED_DATE_INVALID;TYPE_STATUS_INVALID
1271636120	014ffcc4-58fc-495f-890c-11eb2dcb62e2	1105807991	Animalia	Arthropoda	Malacostraca	Decapoda	Panopeidae	Panopeus	Panopeus herbstii		SPECIES	Panopeus herbstii H.Milne Edwards, 1834	Panopeus herbstii	H. Milne Edwards, 1834	US	Barnes cell=20 sweep=1	Florida	PRESENT	1	c3ad790a-d426-4ac1-8e32-da61f81f0117	25.244283	-80.368266	15.0				3.08	0.0	2005-05-11T11:55	11	5	2005	2227711	2227711	HUMAN_OBSERVATION	USGS	Spring05	NA		NA		CC0_1_0		USGS			2025-01-31T17:04:29.148Z		GEODETIC_DATUM_INVALID;GEODETIC_DATUM_ASSUMED_WGS84;FOOTPRINT_WKT_INVALID;CONTINENT_DERIVED_FROM_COORDINATES;IDENTIFIED_DATE_INVALID;TYPE_STATUS_INVALID
1271636101	014ffcc4-58fc-495f-890c-11eb2dcb62e2	1105802619	Animalia	Arthropoda	Malacostraca	Decapoda	Panopeidae	Panopeus	Panopeus herbstii		SPECIES	Panopeus herbstii H.Milne Edwards, 1834	Panopeus herbstii	H. Milne Edwards, 1834	US	S_Black_Pt cell=4 sweep=1	Florida	PRESENT	1	c3ad790a-d426-4ac1-8e32-da61f81f0117	25.465983	-80.33315	15.0				1.4	0.0	2005-05-10T13:31	10	5	2005	2227711	2227711	HUMAN_OBSERVATION	USGS	Spring05	NA		NA		CC0_1_0		USGS			2025-01-31T17:04:30.147Z		GEODETIC_DATUM_INVALID;GEODETIC_DATUM_ASSUMED_WGS84;FOOTPRINT_WKT_INVALID;CONTINENT_DERIVED_FROM_COORDINATES;IDENTIFIED_DATE_INVALID;TYPE_STATUS_INVALID
1271636052	014ffcc4-58fc-495f-890c-11eb2dcb62e2	1105804410	Animalia	Arthropoda	Malacostraca	Decapoda	Panopeidae	Panopeus	Panopeus herbstii		SPECIES	Panopeus herbstii H.Milne Edwards, 1834	Panopeus herbstii	H. Milne Edwards, 1834	US	Card cell=19 sweep=1	Florida	PRESENT	1	c3ad790a-d426-4ac1-8e32-da61f81f0117	25.353333	-80.2743	15.0				0.72	0.0	2005-05-05T12:00	5	5	2005	2227711	2227711	HUMAN_OBSERVATION	USGS	Spring05	NA		NA		CC0_1_0		USGS			2025-01-31T17:04:26.717Z		GEODETIC_DATUM_INVALID;GEODETIC_DATUM_ASSUMED_WGS84;FOOTPRINT_WKT_INVALID;CONTINENT_DERIVED_FROM_COORDINATES;IDENTIFIED_DATE_INVALID;TYPE_STATUS_INVALID
1271635290	014ffcc4-58fc-495f-890c-11eb2dcb62e2	1105778962	Animalia	Arthropoda	Malacostraca	Decapoda	Panopeidae	Panopeus	Panopeus herbstii		SPECIES	Panopeus herbstii H.Milne Edwards, 1834	Panopeus herbstii	H. Milne Edwards, 1834	US	Rabbit cell=7 sweep=1	Florida	PRESENT	1	c3ad790a-d426-4ac1-8e32-da61f81f0117	25.0053	-80.876583	15.0				1.49	0.0	2005-04-18T10:51	18	4	2005	2227711	2227711	HUMAN_OBSERVATION	USGS	Spring05	NA		NA		CC0_1_0		USGS			2025-01-31T17:04:28.152Z		GEODETIC_DATUM_INVALID;GEODETIC_DATUM_ASSUMED_WGS84;FOOTPRINT_WKT_INVALID;CONTINENT_DERIVED_FROM_COORDINATES;IDENTIFIED_DATE_INVALID;TYPE_STATUS_INVALID
1271635286	014ffcc4-58fc-495f-890c-11eb2dcb62e2	1105778961	Animalia	Arthropoda	Malacostraca	Decapoda	Panopeidae	Panopeus	Panopeus herbstii		SPECIES	Panopeus herbstii H.Milne Edwards, 1834	Panopeus herbstii	H. Milne Edwards, 1834	US	Rabbit cell=7 sweep=1	Florida	PRESENT	1	c3ad790a-d426-4ac1-8e32-da61f81f0117	25.0053	-80.876583	15.0				1.49	0.0	2005-04-18T10:51	18	4	2005	2227711	2227711	HUMAN_OBSERVATION	USGS	Spring05	NA		NA		CC0_1_0		USGS			2025-01-31T17:04:28.151Z		GEODETIC_DATUM_INVALID;GEODETIC_DATUM_ASSUMED_WGS84;FOOTPRINT_WKT_INVALID;CONTINENT_DERIVED_FROM_COORDINATES;IDENTIFIED_DATE_INVALID;TYPE_STATUS_INVALID
1271634575	014ffcc4-58fc-495f-890c-11eb2dcb62e2	1105758433	Animalia	Arthropoda	Malacostraca	Decapoda	Panopeidae	Panopeus	Panopeus herbstii		SPECIES	Panopeus herbstii H.Milne Edwards, 1834	Panopeus herbstii	H. Milne Edwards, 1834	US	N_Biscayne cell=5 sweep=1	Florida	PRESENT	1	c3ad790a-d426-4ac1-8e32-da61f81f0117	25.8181	-80.153366	15.0				1.29	0.0	2005-05-17T12:51	17	5	2005	2227711	2227711	HUMAN_OBSERVATION	USGS	Spring05	NA		NA		CC0_1_0		USGS			2025-01-31T17:04:29.084Z		GEODETIC_DATUM_INVALID;GEODETIC_DATUM_ASSUMED_WGS84;FOOTPRINT_WKT_INVALID;CONTINENT_DERIVED_FROM_COORDINATES;IDENTIFIED_DATE_INVALID;TYPE_STATUS_INVALID
