gbifID	datasetKey	occurrenceID	kingdom	phylum	class	order	family	genus	species	infraspecificEpithet	taxonRank	scientificName	verbatimScientificName	verbatimScientificNameAuthorship	countryCode	locality	stateProvince	occurrenceStatus	individualCount	publishingOrgKey	decimalLatitude	decimalLongitude	coordinateUncertaintyInMeters	coordinatePrecision	elevation	elevationAccuracy	depth	depthAccuracy	eventDate	day	month	year	taxonKey	speciesKey	basisOfRecord	institutionCode	collectionCode	catalogNumber	recordNumber	identifiedBy	dateIdentified	license	rightsHolder	recordedBy	typeStatus	establishmentMeans	lastInterpreted	mediaType	issue
5154439404	50c9509d-22c7-4a22-a47d-8c48425ef4a7	https://www.inaturalist.org/observations/203192135	Animalia	Chordata		Perciformes	Gobiidae	Ctenogobius	Ctenogobius shufeldti		SPECIES	Ctenogobius shufeldti (Jordan & Eigenmann, 1887)	Ctenogobius shufeldti		US		Florida	PRESENT		28eb1a3f-1c15-4a95-931a-4af90ecb574d	27.802112	-82.774576	128.0						2024-03-19T18:04	19	3	2024	2375361	2375361	HUMAN_OBSERVATION	iNaturalist	Observations	203192135		Squidpastry	2024-03-20T03:38:46	CC_BY_NC_4_0	Squidpastry	Squidpastry			2025-05-31T00:14:06.095Z	StillImage	COORDINATE_ROUNDED;CONTINENT_DERIVED_FROM_COORDINATES;TAXON_MATCH_TAXON_ID_IGNORED
4953152910	50c9509d-22c7-4a22-a47d-8c48425ef4a7	https://www.inaturalist.org/observations/245461214	Animalia	Chordata		Perciformes	Gobiidae	Ctenogobius	Ctenogobius shufeldti		SPECIES	Ctenogobius shufeldti (Jordan & Eigenmann, 1887)	Ctenogobius shufeldti		US		New York	PRESENT		28eb1a3f-1c15-4a95-931a-4af90ecb574d	40.642257	-73.277756	15.0						2024-10-02T20:32	2	10	2024	2375361	2375361	HUMAN_OBSERVATION	iNaturalist	Observations	245461214		fishpunchnyc	2024-10-03T20:12:27	CC_BY_NC_4_0	fishpunchnyc	fishpunchnyc			2025-05-31T00:13:26.243Z	StillImage	COORDINATE_ROUNDED;CONTINENT_DERIVED_FROM_COORDINATES;TAXON_MATCH_TAXON_ID_IGNORED
4923930735	50c9509d-22c7-4a22-a47d-8c48425ef4a7	https://www.inaturalist.org/observations/68533389	Animalia	Chordata		Perciformes	Gobiidae	Ctenogobius	Ctenogobius shufeldti		SPECIES	Ctenogobius shufeldti (Jordan & Eigenmann, 1887)	Ctenogobius shufeldti		NI		Atlántico Sur	PRESENT		28eb1a3f-1c15-4a95-931a-4af90ecb574d	11.465848	-83.879302	244.0						2013-11-01T10:31	1	11	2013	2375361	2375361	HUMAN_OBSERVATION	iNaturalist	Observations	68533389		Spencer Lott	2024-08-12T22:26:26	CC_BY_NC_4_0	Eric van den Berghe	Eric van den Berghe			2025-05-30T22:57:23.181Z	StillImage	COORDINATE_ROUNDED;CONTINENT_DERIVED_FROM_COORDINATES;TAXON_MATCH_TAXON_ID_IGNORED
4847205201	50c9509d-22c7-4a22-a47d-8c48425ef4a7	https://www.inaturalist.org/observations/206883572	Animalia	Chordata		Perciformes	Gobiidae	Ctenogobius	Ctenogobius shufeldti		SPECIES	Ctenogobius shufeldti (Jordan & Eigenmann, 1887)	Ctenogobius shufeldti		US		Mississippi	PRESENT		28eb1a3f-1c15-4a95-931a-4af90ecb574d	30.395063	-88.811228							2023-03-04T11:38	4	3	2023	2375361	2375361	HUMAN_OBSERVATION	iNaturalist	Observations	206883572		Noah Daun	2024-04-13T02:37:47	CC_BY_NC_4_0	Noah Daun	Noah Daun			2025-05-30T23:10:16.840Z	StillImage	COORDINATE_ROUNDED;CONTINENT_DERIVED_FROM_COORDINATES;TAXON_MATCH_TAXON_ID_IGNORED
4596952395	50c9509d-22c7-4a22-a47d-8c48425ef4a7	https://www.inaturalist.org/observations/201913398	Animalia	Chordata		Perciformes	Gobiidae	Ctenogobius	Ctenogobius shufeldti		SPECIES	Ctenogobius shufeldti (Jordan & Eigenmann, 1887)	Ctenogobius shufeldti		US		Florida	PRESENT		28eb1a3f-1c15-4a95-931a-4af90ecb574d	30.409102	-81.596978	122.0						2024-03-05T21:17	5	3	2024	2375361	2375361	HUMAN_OBSERVATION	iNaturalist	Observations	201913398		FishListen	2024-03-10T13:30:18	CC_BY_NC_4_0	FishListen	FishListen			2025-05-30T22:44:19.249Z	StillImage	COORDINATE_ROUNDED;CONTINENT_DERIVED_FROM_COORDINATES;TAXON_MATCH_TAXON_ID_IGNORED
4442536239	50c9509d-22c7-4a22-a47d-8c48425ef4a7	https://www.inaturalist.org/observations/191324001	Animalia	Chordata		Perciformes	Gobiidae	Ctenogobius	Ctenogobius shufeldti		SPECIES	Ctenogobius shufeldti (Jordan & Eigenmann, 1887)	Ctenogobius shufeldti		US		New Jersey	PRESENT		28eb1a3f-1c15-4a95-931a-4af90ecb574d	40.187435	-74.148192	28000.0						2023-11-17T19:12:32	17	11	2023	2375361	2375361	HUMAN_OBSERVATION	iNaturalist	Observations	191324001		Drew	2023-11-18T01:41:50	CC_BY_NC_4_0	Drew	Drew			2025-05-30T23:58:25.319Z	StillImage	COORDINATE_ROUNDED;CONTINENT_DERIVED_FROM_COORDINATES;TAXON_MATCH_TAXON_ID_IGNORED
4436116205	50c9509d-22c7-4a22-a47d-8c48425ef4a7	https://www.inaturalist.org/observations/189091264	Animalia	Chordata		Perciformes	Gobiidae	Ctenogobius	Ctenogobius shufeldti		SPECIES	Ctenogobius shufeldti (Jordan & Eigenmann, 1887)	Ctenogobius shufeldti		US		New Jersey	PRESENT		28eb1a3f-1c15-4a95-931a-4af90ecb574d	40.085215	-74.166164	28000.0						2023-10-26T20:49	26	10	2023	2375361	2375361	HUMAN_OBSERVATION	iNaturalist	Observations	189091264		Drew	2023-10-27T06:33:25	CC_BY_NC_4_0	Drew	Drew			2025-05-30T23:21:13.491Z	StillImage	COORDINATE_ROUNDED;CONTINENT_DERIVED_FROM_COORDINATES;TAXON_MATCH_TAXON_ID_IGNORED
4011587453	50c9509d-22c7-4a22-a47d-8c48425ef4a7	https://www.inaturalist.org/observations/109817915	Animalia	Chordata		Perciformes	Gobiidae	Ctenogobius	Ctenogobius shufeldti		SPECIES	Ctenogobius shufeldti (Jordan & Eigenmann, 1887)	Ctenogobius shufeldti		US		Florida	PRESENT		28eb1a3f-1c15-4a95-931a-4af90ecb574d	29.995476	-81.32338	4843.0						2022-03-29T03:12:37	29	3	2022	2375361	2375361	HUMAN_OBSERVATION	iNaturalist	Observations	109817915		fredturt43	2022-11-16T20:33:54	CC_BY_NC_4_0	jopatt	jopatt			2025-05-30T23:41:40.059Z	StillImage	COORDINATE_ROUNDED;CONTINENT_DERIVED_FROM_COORDINATES;TAXON_MATCH_TAXON_ID_IGNORED
3759545971	50c9509d-22c7-4a22-a47d-8c48425ef4a7	https://www.inaturalist.org/observations/111460910	Animalia	Chordata		Perciformes	Gobiidae	Ctenogobius	Ctenogobius shufeldti		SPECIES	Ctenogobius shufeldti (Jordan & Eigenmann, 1887)	Ctenogobius shufeldti		US		North Carolina	PRESENT		28eb1a3f-1c15-4a95-931a-4af90ecb574d	35.813075	-75.56478	5.0						2022-04-14T16:58:39	14	4	2022	2375361	2375361	HUMAN_OBSERVATION	iNaturalist	Observations	111460910		Fletcher Stone	2022-04-15T15:50:56	CC_BY_4_0	Max J. Ford	Max J. Ford			2025-05-30T22:59:07.866Z	StillImage	CONTINENT_DERIVED_FROM_COORDINATES;TAXON_MATCH_TAXON_ID_IGNORED
3747246919	50c9509d-22c7-4a22-a47d-8c48425ef4a7	https://www.inaturalist.org/observations/109092578	Animalia	Chordata		Perciformes	Gobiidae	Ctenogobius	Ctenogobius shufeldti		SPECIES	Ctenogobius shufeldti (Jordan & Eigenmann, 1887)	Ctenogobius shufeldti		US		Mississippi	PRESENT		28eb1a3f-1c15-4a95-931a-4af90ecb574d	30.39218	-88.799402							2022-03-05T14:18	5	3	2022	2375361	2375361	HUMAN_OBSERVATION	iNaturalist	Observations	109092578		Noah Daun	2022-03-20T22:40:23	CC_BY_NC_4_0	Noah Daun	Noah Daun			2025-05-30T22:46:45.016Z	StillImage	COORDINATE_ROUNDED;CONTINENT_DERIVED_FROM_COORDINATES;TAXON_MATCH_TAXON_ID_IGNORED
3712683361	50c9509d-22c7-4a22-a47d-8c48425ef4a7	https://www.inaturalist.org/observations/62455818	Animalia	Chordata		Perciformes	Gobiidae	Ctenogobius	Ctenogobius shufeldti		SPECIES	Ctenogobius shufeldti (Jordan & Eigenmann, 1887)	Ctenogobius shufeldti		US		Mississippi	PRESENT		28eb1a3f-1c15-4a95-931a-4af90ecb574d	30.440622	-88.61885							2020-10-12T15:47	12	10	2020	2375361	2375361	HUMAN_OBSERVATION	iNaturalist	Observations	62455818		Noah Daun	2020-10-13T02:45:02	CC_BY_NC_4_0	Noah Daun	Noah Daun			2025-05-30T22:27:44.781Z	StillImage	COORDINATE_ROUNDED;CONTINENT_DERIVED_FROM_COORDINATES;TAXON_MATCH_TAXON_ID_IGNORED
3705581311	50c9509d-22c7-4a22-a47d-8c48425ef4a7	https://www.inaturalist.org/observations/20762833	Animalia	Chordata		Perciformes	Gobiidae	Ctenogobius	Ctenogobius shufeldti		SPECIES	Ctenogobius shufeldti (Jordan & Eigenmann, 1887)	Ctenogobius shufeldti		US		Texas	PRESENT		28eb1a3f-1c15-4a95-931a-4af90ecb574d	27.632043	-97.232679	22.0						2019-02-25T11:50:28	25	2	2019	2375361	2375361	HUMAN_OBSERVATION	iNaturalist	Observations	20762833		Adam Cohen	2022-03-02T17:11:19	CC_BY_NC_4_0	Jon McIntyre	Jon McIntyre			2025-05-30T22:39:33.174Z	StillImage	COORDINATE_ROUNDED;CONTINENT_DERIVED_FROM_COORDINATES;TAXON_MATCH_TAXON_ID_IGNORED
3455908470	50c9509d-22c7-4a22-a47d-8c48425ef4a7	https://www.inaturalist.org/observations/88910336	Animalia	Chordata		Perciformes	Gobiidae	Ctenogobius	Ctenogobius shufeldti		SPECIES	Ctenogobius shufeldti (Jordan & Eigenmann, 1887)	Ctenogobius shufeldti		US		Florida	PRESENT		28eb1a3f-1c15-4a95-931a-4af90ecb574d	29.979139	-81.234512	29433.0						2021-07-27T22:39:40	27	7	2021	2375361	2375361	HUMAN_OBSERVATION	iNaturalist	Observations	88910336		Jacob Jones	2021-10-14T00:15:54	CC_BY_NC_4_0	Jacob Jones	Jacob Jones			2025-05-30T22:50:30.465Z	StillImage	COORDINATE_ROUNDED;TAXON_MATCH_TAXON_ID_IGNORED
3408146308	50c9509d-22c7-4a22-a47d-8c48425ef4a7	https://www.inaturalist.org/observations/100276966	Animalia	Chordata		Perciformes	Gobiidae	Ctenogobius	Ctenogobius shufeldti		SPECIES	Ctenogobius shufeldti (Jordan & Eigenmann, 1887)	Ctenogobius shufeldti		US		North Carolina	PRESENT		28eb1a3f-1c15-4a95-931a-4af90ecb574d	35.959597	-75.63955	4.0						2021-10-09T23:00	9	10	2021	2375361	2375361	HUMAN_OBSERVATION	iNaturalist	Observations	100276966		IHUNTA	2021-11-05T00:40:33	CC_BY_NC_4_0	IHUNTA	IHUNTA			2025-05-30T23:32:06.828Z	StillImage	COORDINATE_ROUNDED;CONTINENT_DERIVED_FROM_COORDINATES;TAXON_MATCH_TAXON_ID_IGNORED
3407918387	50c9509d-22c7-4a22-a47d-8c48425ef4a7	https://www.inaturalist.org/observations/66117736	Animalia	Chordata		Perciformes	Gobiidae	Ctenogobius	Ctenogobius shufeldti		SPECIES	Ctenogobius shufeldti (Jordan & Eigenmann, 1887)	Ctenogobius shufeldti		US		Georgia	PRESENT		28eb1a3f-1c15-4a95-931a-4af90ecb574d	31.354963	-81.451837	4.0						2020-12-04T19:42:15	4	12	2020	2375361	2375361	HUMAN_OBSERVATION	iNaturalist	Observations	66117736		Matt Neilson	2021-04-12T14:49:50	CC_BY_NC_4_0	Ty Smith	Ty Smith			2025-05-31T00:15:58.082Z	StillImage	COORDINATE_ROUNDED;CONTINENT_DERIVED_FROM_COORDINATES;TAXON_MATCH_TAXON_ID_IGNORED
3314427051	50c9509d-22c7-4a22-a47d-8c48425ef4a7	https://www.inaturalist.org/observations/83886198	Animalia	Chordata		Perciformes	Gobiidae	Ctenogobius	Ctenogobius shufeldti		SPECIES	Ctenogobius shufeldti (Jordan & Eigenmann, 1887)	Ctenogobius shufeldti		US		South Carolina	PRESENT		28eb1a3f-1c15-4a95-931a-4af90ecb574d	33.35583	-79.193606							2021-05-29	29	5	2021	2375361	2375361	HUMAN_OBSERVATION	iNaturalist	Observations	83886198		sercfisheries	2021-06-21T02:29:25	CC_BY_NC_4_0	sercfisheries	sercfisheries			2025-05-30T23:14:49.472Z	StillImage	CONTINENT_DERIVED_FROM_COORDINATES;TAXON_MATCH_TAXON_ID_IGNORED
2873965385	50c9509d-22c7-4a22-a47d-8c48425ef4a7	https://www.inaturalist.org/observations/46527877	Animalia	Chordata		Perciformes	Gobiidae	Ctenogobius	Ctenogobius shufeldti		SPECIES	Ctenogobius shufeldti (Jordan & Eigenmann, 1887)	Ctenogobius shufeldti		US		South Carolina	PRESENT		28eb1a3f-1c15-4a95-931a-4af90ecb574d	32.579613	-80.819225	85.0						2020-05-09T15:13:31	9	5	2020	2375361	2375361	HUMAN_OBSERVATION	iNaturalist	Observations	46527877		Fletcher Stone	2020-05-19T21:53:31	CC_BY_NC_4_0	Jake Zadik	Jake Zadik			2025-05-31T00:55:16.998Z	StillImage	COORDINATE_ROUNDED;CONTINENT_DERIVED_FROM_COORDINATES;TAXON_MATCH_TAXON_ID_IGNORED
1314138394	1d39953f-5c1a-4dad-8524-70191eb4fe6c	1100698862	Animalia	Chordata		Perciformes	Gobiidae	Ctenogobius	Ctenogobius shufeldti		SPECIES	Gobionellus shufeldti (Jordan & Eigenmann, 1887)	Gobionellus shufeldti		US	Upper Mobile Bay Reg. 2 ñ 2 South of Mouth Apalachee R;10/98 - present	Alabama	PRESENT	1	c3ad790a-d426-4ac1-8e32-da61f81f0117	30.643	-87.951	370.0						2005-04-05	5	4	2005	2375362	2375361	HUMAN_OBSERVATION	NMFS	CAGES Alabama			ADCNR/GCRL	2005-04-05T00:00:00	CC0_1_0		ADCNR/GCRL			2025-02-01T01:21:47.767Z		GEODETIC_DATUM_INVALID;GEODETIC_DATUM_ASSUMED_WGS84;CONTINENT_DERIVED_FROM_COORDINATES
1314138175	1d39953f-5c1a-4dad-8524-70191eb4fe6c	1100698802	Animalia	Chordata		Perciformes	Gobiidae	Ctenogobius	Ctenogobius shufeldti		SPECIES	Gobionellus shufeldti (Jordan & Eigenmann, 1887)	Gobionellus shufeldti		US	Battleship; 06/04 - present	Alabama	PRESENT	1	c3ad790a-d426-4ac1-8e32-da61f81f0117	30.6797	-88.017	370.0						2005-04-05	5	4	2005	2375362	2375361	HUMAN_OBSERVATION	NMFS	CAGES Alabama			ADCNR/GCRL	2005-04-05T00:00:00	CC0_1_0		ADCNR/GCRL			2025-02-01T01:21:45.853Z		GEODETIC_DATUM_INVALID;GEODETIC_DATUM_ASSUMED_WGS84;CONTINENT_DERIVED_FROM_COORDINATES
1314138147	1d39953f-5c1a-4dad-8524-70191eb4fe6c	1100698803	Animalia	Chordata		Perciformes	Gobiidae	Ctenogobius	Ctenogobius shufeldti		SPECIES	Gobionellus shufeldti (Jordan & Eigenmann, 1887)	Gobionellus shufeldti		US	Battleship; 06/04 - present	Alabama	PRESENT	1	c3ad790a-d426-4ac1-8e32-da61f81f0117	30.6797	-88.017	370.0						2005-04-05	5	4	2005	2375362	2375361	HUMAN_OBSERVATION	NMFS	CAGES Alabama			ADCNR/GCRL	2005-04-05T00:00:00	CC0_1_0		ADCNR/GCRL			2025-02-01T01:21:47.766Z		GEODETIC_DATUM_INVALID;GEODETIC_DATUM_ASSUMED_WGS84;CONTINENT_DERIVED_FROM_COORDINATES
1314137395	1d39953f-5c1a-4dad-8524-70191eb4fe6c	1100699702	Animalia	Chordata		Perciformes	Gobiidae	Ctenogobius	Ctenogobius shufeldti		SPECIES	Gobionellus shufeldti (Jordan & Eigenmann, 1887)	Gobionellus shufeldti		US	Weeks Bay;10/80 - present	Alabama	PRESENT	1	c3ad790a-d426-4ac1-8e32-da61f81f0117	30.3933	-87.8283	370.0						2005-04-20	20	4	2005	2375362	2375361	HUMAN_OBSERVATION	NMFS	CAGES Alabama			ADCNR/GCRL	2005-04-20T00:00:00	CC0_1_0		ADCNR/GCRL			2025-02-01T01:21:45.859Z		GEODETIC_DATUM_INVALID;GEODETIC_DATUM_ASSUMED_WGS84;CONTINENT_DERIVED_FROM_COORDINATES
1314074598	1d39953f-5c1a-4dad-8524-70191eb4fe6c	1100762491	Animalia	Chordata		Perciformes	Gobiidae	Ctenogobius	Ctenogobius shufeldti		SPECIES	Gobionellus shufeldti (Jordan & Eigenmann, 1887)	Gobionellus shufeldti		US	Bon Secour River;10/80 - present	Alabama	PRESENT	1	c3ad790a-d426-4ac1-8e32-da61f81f0117	30.2933	-87.7483	370.0						2007-02-08	8	2	2007	2375362	2375361	HUMAN_OBSERVATION	NMFS	CAGES Alabama			ADCNR/GCRL	2007-02-08T00:00:00	CC0_1_0		ADCNR/GCRL			2025-02-01T01:21:48.544Z		GEODETIC_DATUM_INVALID;GEODETIC_DATUM_ASSUMED_WGS84;CONTINENT_DERIVED_FROM_COORDINATES
1271466193	3cdabf9a-99da-4383-b6cc-10afee5fb854	1101680458	Animalia	Chordata		Perciformes	Gobiidae	Ctenogobius	Ctenogobius shufeldti		SPECIES	Ctenogobius shufeldti (Jordan & Eigenmann, 1887)	Ctenogobius shufeldti	(Jordan and Eigenmann, 1887)	US	Rankin grid.cell=20 sweep=1	Florida	PRESENT	1	c3ad790a-d426-4ac1-8e32-da61f81f0117	25.11995	-80.808116	15.0				1.52	0.0	2006-09-26T13:27	26	9	2006	2375361	2375361	HUMAN_OBSERVATION	USGS	Fall06	NA		NA		CC0_1_0		USGS			2025-01-31T19:46:54.425Z		GEODETIC_DATUM_INVALID;GEODETIC_DATUM_ASSUMED_WGS84;FOOTPRINT_WKT_INVALID;CONTINENT_DERIVED_FROM_COORDINATES;IDENTIFIED_DATE_INVALID;TYPE_STATUS_INVALID
