gbifID	datasetKey	occurrenceID	kingdom	phylum	class	order	family	genus	species	infraspecificEpithet	taxonRank	scientificName	verbatimScientificName	verbatimScientificNameAuthorship	countryCode	locality	stateProvince	occurrenceStatus	individualCount	publishingOrgKey	decimalLatitude	decimalLongitude	coordinateUncertaintyInMeters	coordinatePrecision	elevation	elevationAccuracy	depth	depthAccuracy	eventDate	day	month	year	taxonKey	speciesKey	basisOfRecord	institutionCode	collectionCode	catalogNumber	recordNumber	identifiedBy	dateIdentified	license	rightsHolder	recordedBy	typeStatus	establishmentMeans	lastInterpreted	mediaType	issue
5168222282	50c9509d-22c7-4a22-a47d-8c48425ef4a7	https://www.inaturalist.org/observations/280645317	Animalia	Chordata		Perciformes	Gobiidae	Gobionellus	Gobionellus oceanicus		SPECIES	Gobionellus oceanicus (Pallas, 1770)	Gobionellus oceanicus		US		Mississippi	PRESENT		28eb1a3f-1c15-4a95-931a-4af90ecb574d	30.366311	-88.825073	200.0						2022-05-23T08:20	23	5	2022	2375711	2375711	HUMAN_OBSERVATION	iNaturalist	Observations	280645317		zachs	2025-05-13T23:02:10	CC_BY_NC_4_0	millican	millican			2025-05-31T00:08:00.771Z	StillImage	CONTINENT_DERIVED_FROM_COORDINATES;TAXON_MATCH_TAXON_ID_IGNORED
5167078613	50c9509d-22c7-4a22-a47d-8c48425ef4a7	https://www.inaturalist.org/observations/282976304	Animalia	Chordata		Perciformes	Gobiidae	Gobionellus	Gobionellus oceanicus		SPECIES	Gobionellus oceanicus (Pallas, 1770)	Gobionellus oceanicus		US		Alabama	PRESENT		28eb1a3f-1c15-4a95-931a-4af90ecb574d	30.220503	-88.062713	87.0						2023-05-24T02:03:16	24	5	2023	2375711	2375711	HUMAN_OBSERVATION	iNaturalist	Observations	282976304		Max Olejniczak	2025-05-21T20:27:27	CC_BY_NC_4_0	Max Olejniczak	Max Olejniczak			2025-05-30T23:28:03.111Z	StillImage	COORDINATE_ROUNDED;CONTINENT_DERIVED_FROM_COORDINATES;TAXON_MATCH_TAXON_ID_IGNORED
5149158492	f8c4d377-5db6-4912-a5ee-f068a834a744	UNIVALLE:CIR-UV:023192	Animalia	Chordata		Perciformes	Gobiidae	Gobionellus	Gobionellus oceanicus		SPECIES	Gobionellus oceanicus (Pallas, 1770)	Gobionellus oceanicus	(Pallas, 1770)	CO	Manglar de Tribugá	Chocó	PRESENT	1	85be57ed-f187-49c9-b7ff-eaa622e06217	5.755278	-77.243611							2023-03-13	13	3	2023	2375711	2375711	HUMAN_OBSERVATION	Universidad del Valle (UniValle)				Juan David Arias;Jorge Portilla	2023-04-10T00:00:00	CC_BY_NC_4_0		Alejandra Puentes-Sayo;Arturo Acero P.;Jose Tavera;Juan David Arias			2025-05-12T16:54:56.783Z		COORDINATE_ROUNDED
5134321357	50c9509d-22c7-4a22-a47d-8c48425ef4a7	https://www.inaturalist.org/observations/268671141	Animalia	Chordata		Perciformes	Gobiidae	Gobionellus	Gobionellus oceanicus		SPECIES	Gobionellus oceanicus (Pallas, 1770)	Gobionellus oceanicus		US		Texas	PRESENT		28eb1a3f-1c15-4a95-931a-4af90ecb574d	27.832333	-97.117469	10.0						2025-04-04T12:02:54	4	4	2025	2375711	2375711	HUMAN_OBSERVATION	iNaturalist	Observations	268671141		Anisa Riccardelli	2025-04-05T04:53:37	CC_BY_NC_4_0	Anisa Riccardelli	Anisa Riccardelli			2025-05-30T23:54:55.042Z	StillImage	COORDINATE_ROUNDED;CONTINENT_DERIVED_FROM_COORDINATES;TAXON_MATCH_TAXON_ID_IGNORED
5088021798	50c9509d-22c7-4a22-a47d-8c48425ef4a7	https://www.inaturalist.org/observations/265314050	Animalia	Chordata		Perciformes	Gobiidae	Gobionellus	Gobionellus oceanicus		SPECIES	Gobionellus oceanicus (Pallas, 1770)	Gobionellus oceanicus		US		Texas	PRESENT		28eb1a3f-1c15-4a95-931a-4af90ecb574d	29.203649	-94.962109	20.0						2025-03-14T14:45:51	14	3	2025	2375711	2375711	HUMAN_OBSERVATION	iNaturalist	Observations	265314050		curlyfries	2025-03-14T19:51:46	CC_BY_NC_4_0	curlyfries	curlyfries			2025-05-31T00:18:28.626Z	StillImage	COORDINATE_ROUNDED;CONTINENT_DERIVED_FROM_COORDINATES;TAXON_MATCH_TAXON_ID_IGNORED
5063603007	50c9509d-22c7-4a22-a47d-8c48425ef4a7	https://www.inaturalist.org/observations/260076769	Animalia	Chordata		Perciformes	Gobiidae	Gobionellus	Gobionellus oceanicus		SPECIES	Gobionellus oceanicus (Pallas, 1770)	Gobionellus oceanicus		US		Texas	PRESENT		28eb1a3f-1c15-4a95-931a-4af90ecb574d	28.962133	-95.553597	7.0						2025-01-05T09:26:48	5	1	2025	2375711	2375711	HUMAN_OBSERVATION	iNaturalist	Observations	260076769		Mitchel Buckner	2025-01-30T19:06:17	CC_BY_NC_4_0	cherishashton	cherishashton			2025-05-30T23:43:34.153Z	StillImage	COORDINATE_ROUNDED;CONTINENT_DERIVED_FROM_COORDINATES;TAXON_MATCH_TAXON_ID_IGNORED
5007371451	50c9509d-22c7-4a22-a47d-8c48425ef4a7	https://www.inaturalist.org/observations/255832139	Animalia	Chordata		Perciformes	Gobiidae	Gobionellus	Gobionellus oceanicus		SPECIES	Gobionellus oceanicus (Pallas, 1770)	Gobionellus oceanicus		BR		Santa Catarina	PRESENT		28eb1a3f-1c15-4a95-931a-4af90ecb574d	-27.703576	-48.641329							2024-11-30T09:50:34	30	11	2024	2375711	2375711	HUMAN_OBSERVATION	iNaturalist	Observations	255832139		Bruno R. Giozza	2024-12-22T03:00:43	CC0_1_0	Bruno R. Giozza	Bruno R. Giozza			2025-05-31T01:28:21.537Z	StillImage	COORDINATE_ROUNDED;CONTINENT_DERIVED_FROM_COORDINATES;TAXON_MATCH_TAXON_ID_IGNORED
5006937064	50c9509d-22c7-4a22-a47d-8c48425ef4a7	https://www.inaturalist.org/observations/255712031	Animalia	Chordata		Perciformes	Gobiidae	Gobionellus	Gobionellus oceanicus		SPECIES	Gobionellus oceanicus (Pallas, 1770)	Gobionellus oceanicus		US		Mississippi	PRESENT		28eb1a3f-1c15-4a95-931a-4af90ecb574d	30.31148	-89.290778	4.0						2022-08-08T18:21:50	8	8	2022	2375711	2375711	HUMAN_OBSERVATION	iNaturalist	Observations	255712031		laned228	2024-12-20T21:51:25	CC_BY_NC_4_0	laned228	laned228			2025-05-30T22:43:54.541Z	StillImage	COORDINATE_ROUNDED;CONTINENT_DERIVED_FROM_COORDINATES;TAXON_MATCH_TAXON_ID_IGNORED
4987818379	50c9509d-22c7-4a22-a47d-8c48425ef4a7	https://www.inaturalist.org/observations/252958629	Animalia	Chordata		Perciformes	Gobiidae	Gobionellus	Gobionellus oceanicus		SPECIES	Gobionellus oceanicus (Pallas, 1770)	Gobionellus oceanicus		US		Mississippi	PRESENT		28eb1a3f-1c15-4a95-931a-4af90ecb574d	30.396408	-88.858551							2024-11-24T16:27	24	11	2024	2375711	2375711	HUMAN_OBSERVATION	iNaturalist	Observations	252958629		Don Abrams	2024-11-24T23:33:05	CC_BY_NC_4_0	Don Abrams	Don Abrams			2025-05-31T01:26:17.827Z	StillImage	COORDINATE_ROUNDED;CONTINENT_DERIVED_FROM_COORDINATES;TAXON_MATCH_TAXON_ID_IGNORED
4987592248	50c9509d-22c7-4a22-a47d-8c48425ef4a7	https://www.inaturalist.org/observations/252637044	Animalia	Chordata		Perciformes	Gobiidae	Gobionellus	Gobionellus oceanicus		SPECIES	Gobionellus oceanicus (Pallas, 1770)	Gobionellus oceanicus		US		Florida	PRESENT		28eb1a3f-1c15-4a95-931a-4af90ecb574d	29.884014	-81.309878							2024-11-22T14:02:42	22	11	2024	2375711	2375711	HUMAN_OBSERVATION	iNaturalist	Observations	252637044		ed_flagler	2024-11-22T20:53:17	CC_BY_NC_4_0	ed_flagler	ed_flagler			2025-05-30T22:38:07.898Z	StillImage	COORDINATE_ROUNDED;CONTINENT_DERIVED_FROM_COORDINATES;TAXON_MATCH_TAXON_ID_IGNORED
4855867592	157ed25f-beb2-4ceb-aebc-98f66fa5ed0d	BR_TOTALENERGIES_EBS_Margem_Equatorial_Blocos CE-M-661_CE-M-715_CE-M-717_CE-M-665_Bacia do Ceara_Ictioplancton_Estacao  1_rede_500_2015:18	Animalia	Chordata		Perciformes	Gobiidae	Gobionellus	Gobionellus oceanicus		SPECIES	Gobionellus oceanicus (Pallas, 1770)	Gobionellus oceanicus	(Pallas, 1770)	BR	Bacia do Ceará	Ceará	PRESENT		728e3362-3063-4a43-a6cf-71d61b50025b	-2.555619	-39.181486							2015-01-20	20	1	2015	2375711	2375711	HUMAN_OBSERVATION	TEEPBR				Sergio Bonecker		CC_BY_NC_4_0	TotalEnergies EP Brasil	Paula Castellões			2025-01-31T17:56:10.458Z		GEODETIC_DATUM_INVALID;GEODETIC_DATUM_ASSUMED_WGS84;CONTINENT_COORDINATE_MISMATCH
4855867326	157ed25f-beb2-4ceb-aebc-98f66fa5ed0d	BR_TOTALENERGIES_EBS_Margem_Equatorial_Blocos CE-M-661_CE-M-715_CE-M-717_CE-M-665_Bacia do Ceara_Ictioplancton_Estacao  9_rede_330_2015:16	Animalia	Chordata		Perciformes	Gobiidae	Gobionellus	Gobionellus oceanicus		SPECIES	Gobionellus oceanicus (Pallas, 1770)	Gobionellus oceanicus	(Pallas, 1770)	BR	Bacia do Ceará	Ceará	PRESENT		728e3362-3063-4a43-a6cf-71d61b50025b	-2.998422	-38.715417							2015-01-20	20	1	2015	2375711	2375711	HUMAN_OBSERVATION	TEEPBR				Sergio Bonecker		CC_BY_NC_4_0	TotalEnergies EP Brasil	Paula Castellões			2025-01-31T17:56:08.157Z		GEODETIC_DATUM_INVALID;GEODETIC_DATUM_ASSUMED_WGS84;CONTINENT_COORDINATE_MISMATCH
4153701472	50c9509d-22c7-4a22-a47d-8c48425ef4a7	https://www.inaturalist.org/observations/171441876	Animalia	Chordata		Perciformes	Gobiidae	Gobionellus	Gobionellus oceanicus		SPECIES	Gobionellus oceanicus (Pallas, 1770)	Gobionellus oceanicus		US		South Carolina	PRESENT		28eb1a3f-1c15-4a95-931a-4af90ecb574d	32.320935	-80.96907	29120.0						2023-07-06T15:40	6	7	2023	2375711	2375711	HUMAN_OBSERVATION	iNaturalist	Observations	171441876		Andy Jones	2023-07-06T20:05:50	CC_BY_NC_4_0	Andy Jones	Andy Jones			2025-05-31T01:17:24.944Z	StillImage	COORDINATE_ROUNDED;CONTINENT_DERIVED_FROM_COORDINATES;TAXON_MATCH_TAXON_ID_IGNORED
4145259864	50c9509d-22c7-4a22-a47d-8c48425ef4a7	https://www.inaturalist.org/observations/170738042	Animalia	Chordata		Perciformes	Gobiidae	Gobionellus	Gobionellus oceanicus		SPECIES	Gobionellus oceanicus (Pallas, 1770)	Gobionellus oceanicus		US		Mississippi	PRESENT		28eb1a3f-1c15-4a95-931a-4af90ecb574d	30.365463	-88.822388							2023-06-21T09:43	21	6	2023	2375711	2375711	HUMAN_OBSERVATION	iNaturalist	Observations	170738042		pmk00001	2023-07-03T00:21:02	CC_BY_NC_4_0	millican	millican			2025-05-30T23:06:52.693Z	StillImage	COORDINATE_ROUNDED;CONTINENT_DERIVED_FROM_COORDINATES;TAXON_MATCH_TAXON_ID_IGNORED
4107359307	d651a91d-52c1-45b3-a781-75a8ca846e4f	OBC-IAvH:ECORESERVAS:SANTANTERO:PECES:ESPECIMENPRESERVADO:I2D-BIO_2023_018:62	Animalia	Chordata		Perciformes	Gobiidae	Gobionellus	Gobionellus oceanicus		SPECIES	Gobionellus oceanicus (Pallas, 1770)	Gobionellus oceanicus	(Pallas 1770)	CO	"Colombia, Sucre, Coveñas, Desembocadura quebrada Villeros - sector Coquerita, Barrio Coquerita, lat: 9°24' 12,720""N, 75°40' 54,480"" W, 13m. Punto fuera de la ecoreserva."	Sucre	PRESENT		c3da1f49-b2c8-4751-b72f-28855546ec4c	9.4035	-75.6818			13.0	0.0			2022-09-21	21	9	2022	2375711	2375711	HUMAN_OBSERVATION	Oleoducto Bicentenario de Colombia S.A.S. (OBC)	Colección de Peces del Instituto de Investigación de Recursos Biológicos Alexander von Humboldt (IAvH-P)	IAvH-P-30375	P16_A	Susana Bernal Sierra	2022-11-16T00:00:00	CC_BY_NC_4_0		Yuliana Chala Velásquez;Magda Susana Bernal			2025-02-01T01:21:57.113Z		
4103220223	50c9509d-22c7-4a22-a47d-8c48425ef4a7	https://www.inaturalist.org/observations/157368560	Animalia	Chordata		Perciformes	Gobiidae	Gobionellus	Gobionellus oceanicus		SPECIES	Gobionellus oceanicus (Pallas, 1770)	Gobionellus oceanicus		US		Louisiana	PRESENT		28eb1a3f-1c15-4a95-931a-4af90ecb574d	29.161101	-90.551125	7934.0						2023-03-18T10:31	18	3	2023	2375711	2375711	HUMAN_OBSERVATION	iNaturalist	Observations	157368560		Maeve	2023-04-29T00:17:49	CC_BY_NC_4_0	Maeve	Maeve			2025-05-31T00:23:03.706Z	StillImage	COORDINATE_ROUNDED;CONTINENT_DERIVED_FROM_COORDINATES;TAXON_MATCH_TAXON_ID_IGNORED
4011559820	50c9509d-22c7-4a22-a47d-8c48425ef4a7	https://www.inaturalist.org/observations/145297708	Animalia	Chordata		Perciformes	Gobiidae	Gobionellus	Gobionellus oceanicus		SPECIES	Gobionellus oceanicus (Pallas, 1770)	Gobionellus oceanicus		US		Louisiana	PRESENT		28eb1a3f-1c15-4a95-931a-4af90ecb574d	29.239517	-89.996298	183.0						2022-12-28T16:38	28	12	2022	2375711	2375711	HUMAN_OBSERVATION	iNaturalist	Observations	145297708		Mitchel Buckner	2022-12-29T00:03:21	CC_BY_NC_4_0	InsufferableFishNerd	InsufferableFishNerd			2025-05-30T22:28:59.981Z	StillImage	CONTINENT_DERIVED_FROM_COORDINATES;TAXON_MATCH_TAXON_ID_IGNORED
3925439080	50c9509d-22c7-4a22-a47d-8c48425ef4a7	https://www.inaturalist.org/observations/137867092	Animalia	Chordata		Perciformes	Gobiidae	Gobionellus	Gobionellus oceanicus		SPECIES	Gobionellus oceanicus (Pallas, 1770)	Gobionellus oceanicus		US		South Carolina	PRESENT		28eb1a3f-1c15-4a95-931a-4af90ecb574d	32.519538	-80.408645	4.0						2022-10-07T11:36:11	7	10	2022	2375711	2375711	HUMAN_OBSERVATION	iNaturalist	Observations	137867092		Fred	2022-10-07T15:37:30	CC_BY_NC_4_0	Fred	Fred			2025-05-30T22:46:04.571Z	StillImage	COORDINATE_ROUNDED;CONTINENT_DERIVED_FROM_COORDINATES;TAXON_MATCH_TAXON_ID_IGNORED
3912210398	50c9509d-22c7-4a22-a47d-8c48425ef4a7	https://www.inaturalist.org/observations/118783847	Animalia	Chordata		Perciformes	Gobiidae	Gobionellus	Gobionellus oceanicus		SPECIES	Gobionellus oceanicus (Pallas, 1770)	Gobionellus oceanicus		US		Louisiana	PRESENT		28eb1a3f-1c15-4a95-931a-4af90ecb574d	29.446154	-90.446536	5.0						2022-05-26T09:21:10	26	5	2022	2375711	2375711	HUMAN_OBSERVATION	iNaturalist	Observations	118783847		Squidpastry	2022-09-13T20:54:22	CC_BY_NC_4_0	gpitre	gpitre			2025-05-31T00:55:18.790Z	StillImage	COORDINATE_ROUNDED;CONTINENT_DERIVED_FROM_COORDINATES;TAXON_MATCH_TAXON_ID_IGNORED
3912062442	50c9509d-22c7-4a22-a47d-8c48425ef4a7	https://www.inaturalist.org/observations/96568235	Animalia	Chordata		Perciformes	Gobiidae	Gobionellus	Gobionellus oceanicus		SPECIES	Gobionellus oceanicus (Pallas, 1770)	Gobionellus oceanicus		US		Louisiana	PRESENT		28eb1a3f-1c15-4a95-931a-4af90ecb574d	29.697469	-90.10057	47.0						2021-08-06T16:06:53	6	8	2021	2375711	2375711	HUMAN_OBSERVATION	iNaturalist	Observations	96568235		pmk00001	2022-01-15T15:45:52	CC_BY_NC_4_0	starlawd	starlawd			2025-05-31T00:58:53.585Z	StillImage	COORDINATE_ROUNDED;CONTINENT_DERIVED_FROM_COORDINATES;TAXON_MATCH_TAXON_ID_IGNORED
3903112967	50c9509d-22c7-4a22-a47d-8c48425ef4a7	https://www.inaturalist.org/observations/132994029	Animalia	Chordata		Perciformes	Gobiidae	Gobionellus	Gobionellus oceanicus		SPECIES	Gobionellus oceanicus (Pallas, 1770)	Gobionellus oceanicus		US		Louisiana	PRESENT		28eb1a3f-1c15-4a95-931a-4af90ecb574d	29.20618	-90.05664							2014-04-21T13:20	21	4	2014	2375711	2375711	HUMAN_OBSERVATION	iNaturalist	Observations	132994029		Mitchel Buckner	2022-08-30T21:55:44	CC_BY_NC_4_0	mtrox	mtrox			2025-05-30T22:55:53.374Z	StillImage	COORDINATE_ROUNDED;CONTINENT_DERIVED_FROM_COORDINATES;TAXON_MATCH_TAXON_ID_IGNORED
3902296925	50c9509d-22c7-4a22-a47d-8c48425ef4a7	https://www.inaturalist.org/observations/131251789	Animalia	Chordata		Perciformes	Gobiidae	Gobionellus	Gobionellus oceanicus		SPECIES	Gobionellus oceanicus (Pallas, 1770)	Gobionellus oceanicus		US		Florida	PRESENT		28eb1a3f-1c15-4a95-931a-4af90ecb574d	29.970472	-84.346028	24.0						2022-08-17T16:58:58	17	8	2022	2375711	2375711	HUMAN_OBSERVATION	iNaturalist	Observations	131251789		fredturt43	2022-08-17T21:15:40	CC_BY_NC_4_0	johnnyotter	johnnyotter			2025-05-31T00:14:33.294Z	StillImage	COORDINATE_ROUNDED;CONTINENT_DERIVED_FROM_COORDINATES;TAXON_MATCH_TAXON_ID_IGNORED
3902070236	50c9509d-22c7-4a22-a47d-8c48425ef4a7	https://www.inaturalist.org/observations/122368075	Animalia	Chordata		Perciformes	Gobiidae	Gobionellus	Gobionellus oceanicus		SPECIES	Gobionellus oceanicus (Pallas, 1770)	Gobionellus oceanicus		US		Florida	PRESENT		28eb1a3f-1c15-4a95-931a-4af90ecb574d	30.48453	-86.212158	6.0						2022-06-18T15:21:42	18	6	2022	2375711	2375711	HUMAN_OBSERVATION	iNaturalist	Observations	122368075		Matt Neilson	2022-07-15T14:28:05	CC_BY_NC_4_0	bigrisa	bigrisa			2025-05-30T23:26:48.207Z	StillImage	COORDINATE_ROUNDED;CONTINENT_DERIVED_FROM_COORDINATES;TAXON_MATCH_TAXON_ID_IGNORED
3872901806	50c9509d-22c7-4a22-a47d-8c48425ef4a7	https://www.inaturalist.org/observations/124163086	Animalia	Chordata		Perciformes	Gobiidae	Gobionellus	Gobionellus oceanicus		SPECIES	Gobionellus oceanicus (Pallas, 1770)	Gobionellus oceanicus		US		Mississippi	PRESENT		28eb1a3f-1c15-4a95-931a-4af90ecb574d	30.42622	-88.980507	90.0						2022-05-18T14:41	18	5	2022	2375711	2375711	HUMAN_OBSERVATION	iNaturalist	Observations	124163086		Tia Offner	2022-06-30T21:30:13	CC_BY_NC_4_0	Tia Offner	Tia Offner			2025-05-30T22:37:31.490Z	StillImage	COORDINATE_ROUNDED;CONTINENT_DERIVED_FROM_COORDINATES;TAXON_MATCH_TAXON_ID_IGNORED
3860003940	50c9509d-22c7-4a22-a47d-8c48425ef4a7	https://www.inaturalist.org/observations/123116041	Animalia	Chordata		Perciformes	Gobiidae	Gobionellus	Gobionellus oceanicus		SPECIES	Gobionellus oceanicus (Pallas, 1770)	Gobionellus oceanicus		US		Texas	PRESENT		28eb1a3f-1c15-4a95-931a-4af90ecb574d	28.831034	-96.539114	29558.0						2022-06-16T12:54:03	16	6	2022	2375711	2375711	HUMAN_OBSERVATION	iNaturalist	Observations	123116041		holland	2022-06-23T18:28:34	CC_BY_NC_4_0	holland	holland			2025-05-30T22:34:20.922Z	StillImage	COORDINATE_ROUNDED;CONTINENT_DERIVED_FROM_COORDINATES;TAXON_MATCH_TAXON_ID_IGNORED
3859657259	50c9509d-22c7-4a22-a47d-8c48425ef4a7	https://www.inaturalist.org/observations/121312458	Animalia	Chordata		Perciformes	Gobiidae	Gobionellus	Gobionellus oceanicus		SPECIES	Gobionellus oceanicus (Pallas, 1770)	Gobionellus oceanicus		US		Florida	PRESENT		28eb1a3f-1c15-4a95-931a-4af90ecb574d	30.023664	-81.327576	24.0						2022-06-11T10:16:19	11	6	2022	2375711	2375711	HUMAN_OBSERVATION	iNaturalist	Observations	121312458		Mitchel Buckner	2022-06-12T07:44:21	CC_BY_NC_4_0	Nikhil Reddy	Nikhil Reddy			2025-05-30T23:36:34.434Z	StillImage	COORDINATE_ROUNDED;CONTINENT_DERIVED_FROM_COORDINATES;TAXON_MATCH_TAXON_ID_IGNORED
3847661484	cd31232e-57a9-4777-ab9d-406333c42769	9f736f67-d9af-483d-8cdc-f6a72c88ac19	Animalia	Chordata		Perciformes	Gobiidae	Gobionellus	Gobionellus oceanicus		SPECIES	Gobionellus oceanicus (Pallas, 1770)	Gobionellus oceanicus (Pallas, 1770)		GF			PRESENT		1928bdf0-f5d2-11dc-8c12-b8a03c50a862	4.90329	-52.36721	1.0						2018-09-13	13	9	2018	2375711	2375711	HUMAN_OBSERVATION							CC_BY_4_0					2025-02-01T01:06:46.334Z		COUNTRY_MISMATCH;CONTINENT_DERIVED_FROM_COORDINATES;TAXON_MATCH_TAXON_ID_IGNORED
3847661024	cd31232e-57a9-4777-ab9d-406333c42769	06567fac-b9c8-465c-9e3c-373a64184fa9	Animalia	Chordata		Perciformes	Gobiidae	Gobionellus	Gobionellus oceanicus		SPECIES	Gobionellus oceanicus (Pallas, 1770)	Gobionellus oceanicus (Pallas, 1770)		GF			PRESENT		1928bdf0-f5d2-11dc-8c12-b8a03c50a862	4.90314	-52.36626	1.0						2018-09-13	13	9	2018	2375711	2375711	HUMAN_OBSERVATION							CC_BY_4_0					2025-02-01T01:06:46.274Z		COUNTRY_MISMATCH;CONTINENT_DERIVED_FROM_COORDINATES;TAXON_MATCH_TAXON_ID_IGNORED
3847660337	cd31232e-57a9-4777-ab9d-406333c42769	354a1e85-9a44-49cd-8436-f092b50edf5c	Animalia	Chordata		Perciformes	Gobiidae	Gobionellus	Gobionellus oceanicus		SPECIES	Gobionellus oceanicus (Pallas, 1770)	Gobionellus oceanicus (Pallas, 1770)		GF			PRESENT		1928bdf0-f5d2-11dc-8c12-b8a03c50a862	4.91177	-52.34972	1.0						2018-09-13	13	9	2018	2375711	2375711	HUMAN_OBSERVATION							CC_BY_4_0					2025-02-01T01:06:46.178Z		COUNTRY_MISMATCH;CONTINENT_DERIVED_FROM_COORDINATES;TAXON_MATCH_TAXON_ID_IGNORED
3847658281	cd31232e-57a9-4777-ab9d-406333c42769	ebed8ea7-b0cf-480a-b13e-36b71b61463d	Animalia	Chordata		Perciformes	Gobiidae	Gobionellus	Gobionellus oceanicus		SPECIES	Gobionellus oceanicus (Pallas, 1770)	Gobionellus oceanicus (Pallas, 1770)		GF			PRESENT		1928bdf0-f5d2-11dc-8c12-b8a03c50a862	4.90669	-52.42469	1.0						2015-10-13	13	10	2015	2375711	2375711	HUMAN_OBSERVATION							CC_BY_4_0					2025-02-01T01:06:46.168Z		COUNTRY_MISMATCH;CONTINENT_DERIVED_FROM_COORDINATES;TAXON_MATCH_TAXON_ID_IGNORED
3847658088	cd31232e-57a9-4777-ab9d-406333c42769	e0b3d845-789a-47e5-87c5-faf26402b25d	Animalia	Chordata		Perciformes	Gobiidae	Gobionellus	Gobionellus oceanicus		SPECIES	Gobionellus oceanicus (Pallas, 1770)	Gobionellus oceanicus (Pallas, 1770)		GF			PRESENT		1928bdf0-f5d2-11dc-8c12-b8a03c50a862	4.91759	-52.35554	1.0						2018-09-13	13	9	2018	2375711	2375711	HUMAN_OBSERVATION							CC_BY_4_0					2025-02-01T01:06:46.139Z		COUNTRY_MISMATCH;CONTINENT_DERIVED_FROM_COORDINATES;TAXON_MATCH_TAXON_ID_IGNORED
3847657677	cd31232e-57a9-4777-ab9d-406333c42769	15747220-840d-4b7e-9975-176318b91c8b	Animalia	Chordata		Perciformes	Gobiidae	Gobionellus	Gobionellus oceanicus		SPECIES	Gobionellus oceanicus (Pallas, 1770)	Gobionellus oceanicus (Pallas, 1770)		GF			PRESENT		1928bdf0-f5d2-11dc-8c12-b8a03c50a862	4.85631	-52.39093	1.0						2015-10-14	14	10	2015	2375711	2375711	HUMAN_OBSERVATION							CC_BY_4_0					2025-02-01T01:06:46.079Z		COUNTRY_MISMATCH;CONTINENT_DERIVED_FROM_COORDINATES;TAXON_MATCH_TAXON_ID_IGNORED
3847656644	cd31232e-57a9-4777-ab9d-406333c42769	728be816-320d-4def-a7b4-0813b06c160c	Animalia	Chordata		Perciformes	Gobiidae	Gobionellus	Gobionellus oceanicus		SPECIES	Gobionellus oceanicus (Pallas, 1770)	Gobionellus oceanicus (Pallas, 1770)		GF			PRESENT		1928bdf0-f5d2-11dc-8c12-b8a03c50a862	4.92261	-52.34371	1.0						2018-09-13	13	9	2018	2375711	2375711	HUMAN_OBSERVATION							CC_BY_4_0					2025-02-01T01:06:45.920Z		COUNTRY_MISMATCH;CONTINENT_DERIVED_FROM_COORDINATES;TAXON_MATCH_TAXON_ID_IGNORED
3847656053	cd31232e-57a9-4777-ab9d-406333c42769	967c3f7d-c058-43d8-8e43-c6b8400be69c	Animalia	Chordata		Perciformes	Gobiidae	Gobionellus	Gobionellus oceanicus		SPECIES	Gobionellus oceanicus (Pallas, 1770)	Gobionellus oceanicus (Pallas, 1770)		GF			PRESENT		1928bdf0-f5d2-11dc-8c12-b8a03c50a862	4.90329	-52.36721	1.0						2018-09-13	13	9	2018	2375711	2375711	HUMAN_OBSERVATION							CC_BY_4_0					2025-02-01T01:06:45.835Z		COUNTRY_MISMATCH;CONTINENT_DERIVED_FROM_COORDINATES;TAXON_MATCH_TAXON_ID_IGNORED
3847654597	cd31232e-57a9-4777-ab9d-406333c42769	6b2cb372-47d7-45d1-b923-6415e362065c	Animalia	Chordata		Perciformes	Gobiidae	Gobionellus	Gobionellus oceanicus		SPECIES	Gobionellus oceanicus (Pallas, 1770)	Gobionellus oceanicus (Pallas, 1770)		GF			PRESENT		1928bdf0-f5d2-11dc-8c12-b8a03c50a862	4.90314	-52.36626	1.0						2018-09-13	13	9	2018	2375711	2375711	HUMAN_OBSERVATION							CC_BY_4_0					2025-02-01T01:06:45.613Z		COUNTRY_MISMATCH;CONTINENT_DERIVED_FROM_COORDINATES;TAXON_MATCH_TAXON_ID_IGNORED
3847654282	cd31232e-57a9-4777-ab9d-406333c42769	a44d3b23-9085-423d-a89c-6c3695acc767	Animalia	Chordata		Perciformes	Gobiidae	Gobionellus	Gobionellus oceanicus		SPECIES	Gobionellus oceanicus (Pallas, 1770)	Gobionellus oceanicus (Pallas, 1770)		GF			PRESENT		1928bdf0-f5d2-11dc-8c12-b8a03c50a862	4.90956	-52.35898	1.0						2020-03-01	1	3	2020	2375711	2375711	HUMAN_OBSERVATION							CC_BY_4_0					2025-02-01T01:06:45.546Z		COUNTRY_MISMATCH;CONTINENT_DERIVED_FROM_COORDINATES;TAXON_MATCH_TAXON_ID_IGNORED
3847651455	cd31232e-57a9-4777-ab9d-406333c42769	5066f97c-f3d2-4dc6-a07f-8c2f4044efe3	Animalia	Chordata		Perciformes	Gobiidae	Gobionellus	Gobionellus oceanicus		SPECIES	Gobionellus oceanicus (Pallas, 1770)	Gobionellus oceanicus (Pallas, 1770)		GF			PRESENT		1928bdf0-f5d2-11dc-8c12-b8a03c50a862	4.91585	-52.34427	1.0						2018-09-13	13	9	2018	2375711	2375711	HUMAN_OBSERVATION							CC_BY_4_0					2025-02-01T01:06:45.055Z		COUNTRY_MISMATCH;CONTINENT_DERIVED_FROM_COORDINATES;TAXON_MATCH_TAXON_ID_IGNORED
3847650994	cd31232e-57a9-4777-ab9d-406333c42769	9ef6101f-5d56-4e61-9c67-5c6712f1c31b	Animalia	Chordata		Perciformes	Gobiidae	Gobionellus	Gobionellus oceanicus		SPECIES	Gobionellus oceanicus (Pallas, 1770)	Gobionellus oceanicus (Pallas, 1770)		GF			PRESENT		1928bdf0-f5d2-11dc-8c12-b8a03c50a862	4.90314	-52.36626	1.0						2018-09-13	13	9	2018	2375711	2375711	HUMAN_OBSERVATION							CC_BY_4_0					2025-02-01T01:06:44.971Z		COUNTRY_MISMATCH;CONTINENT_DERIVED_FROM_COORDINATES;TAXON_MATCH_TAXON_ID_IGNORED
3847650864	cd31232e-57a9-4777-ab9d-406333c42769	60761fca-7613-4689-8bd8-285009acc171	Animalia	Chordata		Perciformes	Gobiidae	Gobionellus	Gobionellus oceanicus		SPECIES	Gobionellus oceanicus (Pallas, 1770)	Gobionellus oceanicus (Pallas, 1770)		GF			PRESENT		1928bdf0-f5d2-11dc-8c12-b8a03c50a862	4.90314	-52.36626	1.0						2018-09-13	13	9	2018	2375711	2375711	HUMAN_OBSERVATION							CC_BY_4_0					2025-02-01T01:06:44.947Z		COUNTRY_MISMATCH;CONTINENT_DERIVED_FROM_COORDINATES;TAXON_MATCH_TAXON_ID_IGNORED
3773139271	50c9509d-22c7-4a22-a47d-8c48425ef4a7	https://www.inaturalist.org/observations/115204427	Animalia	Chordata		Perciformes	Gobiidae	Gobionellus	Gobionellus oceanicus		SPECIES	Gobionellus oceanicus (Pallas, 1770)	Gobionellus oceanicus		US		Texas	PRESENT		28eb1a3f-1c15-4a95-931a-4af90ecb574d	29.675898	-94.037712	2.0						2022-04-21T17:19	21	4	2022	2375711	2375711	HUMAN_OBSERVATION	iNaturalist	Observations	115204427		jamesgiroux	2022-05-03T20:26:49	CC_BY_NC_4_0	jamesgiroux	jamesgiroux			2025-05-31T00:59:03.426Z	StillImage	COORDINATE_ROUNDED;CONTINENT_DERIVED_FROM_COORDINATES;TAXON_MATCH_TAXON_ID_IGNORED
3759651914	50c9509d-22c7-4a22-a47d-8c48425ef4a7	https://www.inaturalist.org/observations/110438069	Animalia	Chordata		Perciformes	Gobiidae	Gobionellus	Gobionellus oceanicus		SPECIES	Gobionellus oceanicus (Pallas, 1770)	Gobionellus oceanicus		US		Mississippi	PRESENT		28eb1a3f-1c15-4a95-931a-4af90ecb574d	30.392625	-88.811745	4.0						2022-04-04T10:15:17	4	4	2022	2375711	2375711	HUMAN_OBSERVATION	iNaturalist	Observations	110438069		mstelljes	2022-04-04T23:06:34	CC_BY_NC_4_0	mstelljes	mstelljes			2025-05-31T00:59:32.721Z	StillImage	CONTINENT_DERIVED_FROM_COORDINATES;TAXON_MATCH_TAXON_ID_IGNORED
3747074435	50c9509d-22c7-4a22-a47d-8c48425ef4a7	https://www.inaturalist.org/observations/86398168	Animalia	Chordata		Perciformes	Gobiidae	Gobionellus	Gobionellus oceanicus		SPECIES	Gobionellus oceanicus (Pallas, 1770)	Gobionellus oceanicus		TT		San Juan-Laventille	PRESENT		28eb1a3f-1c15-4a95-931a-4af90ecb574d	10.558844	-61.486312	3399.0						2021-05-14	14	5	2021	2375711	2375711	HUMAN_OBSERVATION	iNaturalist	Observations	86398168				CC_BY_NC_4_0	Farahnaz Nissa Solomon	Farahnaz Nissa Solomon			2025-05-30T23:38:24.368Z	StillImage	COORDINATE_ROUNDED;CONTINENT_DERIVED_FROM_COORDINATES;TAXON_MATCH_TAXON_ID_IGNORED
3747034454	50c9509d-22c7-4a22-a47d-8c48425ef4a7	https://www.inaturalist.org/observations/98447552	Animalia	Chordata		Perciformes	Gobiidae	Gobionellus	Gobionellus oceanicus		SPECIES	Gobionellus oceanicus (Pallas, 1770)	Gobionellus oceanicus		US		Louisiana	PRESENT		28eb1a3f-1c15-4a95-931a-4af90ecb574d	29.306733	-90.646995	8.0						2021-10-13T17:10:52Z	13	10	2021	2375711	2375711	HUMAN_OBSERVATION	iNaturalist	Observations	98447552		pmk00001	2021-10-18T10:39:46	CC_BY_NC_4_0	skippa88	skippa88			2025-05-31T00:05:33.781Z	StillImage	COORDINATE_ROUNDED;CONTINENT_DERIVED_FROM_COORDINATES;TAXON_MATCH_TAXON_ID_IGNORED
3743337422	50c9509d-22c7-4a22-a47d-8c48425ef4a7	https://www.inaturalist.org/observations/98144412	Animalia	Chordata		Perciformes	Gobiidae	Gobionellus	Gobionellus oceanicus		SPECIES	Gobionellus oceanicus (Pallas, 1770)	Gobionellus oceanicus		US		Louisiana	PRESENT		28eb1a3f-1c15-4a95-931a-4af90ecb574d	29.306672	-90.646943	32.0						2021-10-13T17:10:10Z	13	10	2021	2375711	2375711	HUMAN_OBSERVATION	iNaturalist	Observations	98144412		pmk00001	2022-01-15T15:44:34	CC_BY_NC_4_0	skippa88	skippa88			2025-05-30T22:50:51.767Z	StillImage	COORDINATE_ROUNDED;CONTINENT_DERIVED_FROM_COORDINATES;TAXON_MATCH_TAXON_ID_IGNORED
3743288396	50c9509d-22c7-4a22-a47d-8c48425ef4a7	https://www.inaturalist.org/observations/90321709	Animalia	Chordata		Perciformes	Gobiidae	Gobionellus	Gobionellus oceanicus		SPECIES	Gobionellus oceanicus (Pallas, 1770)	Gobionellus oceanicus		US		Texas	PRESENT		28eb1a3f-1c15-4a95-931a-4af90ecb574d	29.467622	-94.635605	3.0						2021-08-03T09:25:29Z	3	8	2021	2375711	2375711	HUMAN_OBSERVATION	iNaturalist	Observations	90321709		Melissa Casarez	2021-08-12T15:54:18	CC_BY_NC_4_0	texagg98	texagg98			2025-05-30T22:32:47.629Z	StillImage	COORDINATE_ROUNDED;CONTINENT_DERIVED_FROM_COORDINATES;TAXON_MATCH_TAXON_ID_IGNORED
3743171310	50c9509d-22c7-4a22-a47d-8c48425ef4a7	https://www.inaturalist.org/observations/22684782	Animalia	Chordata		Perciformes	Gobiidae	Gobionellus	Gobionellus oceanicus		SPECIES	Gobionellus oceanicus (Pallas, 1770)	Gobionellus oceanicus		US		Louisiana	PRESENT		28eb1a3f-1c15-4a95-931a-4af90ecb574d	29.212675	-90.051117	16.0						2019-04-18T15:15:02Z	18	4	2019	2375711	2375711	HUMAN_OBSERVATION	iNaturalist	Observations	22684782		bharmeyer	2021-03-06T12:51:06	CC_BY_NC_4_0	snorthey	snorthey			2025-05-31T00:51:19.563Z	StillImage	COORDINATE_ROUNDED;CONTINENT_DERIVED_FROM_COORDINATES;TAXON_MATCH_TAXON_ID_IGNORED
3743095913	50c9509d-22c7-4a22-a47d-8c48425ef4a7	https://www.inaturalist.org/observations/108669912	Animalia	Chordata		Perciformes	Gobiidae	Gobionellus	Gobionellus oceanicus		SPECIES	Gobionellus oceanicus (Pallas, 1770)	Gobionellus oceanicus		US		Florida	PRESENT		28eb1a3f-1c15-4a95-931a-4af90ecb574d	30.023722	-81.327454	30.0						2021-06-22	22	6	2021	2375711	2375711	HUMAN_OBSERVATION	iNaturalist	Observations	108669912		Ben Cantrell	2022-03-16T16:01:48	CC_BY_NC_4_0	Savanna Mathis	Savanna Mathis			2025-05-30T23:40:46.973Z	StillImage	COORDINATE_ROUNDED;CONTINENT_DERIVED_FROM_COORDINATES;TAXON_MATCH_TAXON_ID_IGNORED
3742982308	50c9509d-22c7-4a22-a47d-8c48425ef4a7	https://www.inaturalist.org/observations/24862038	Animalia	Chordata		Perciformes	Gobiidae	Gobionellus	Gobionellus oceanicus		SPECIES	Gobionellus oceanicus (Pallas, 1770)	Gobionellus oceanicus		US			PRESENT		28eb1a3f-1c15-4a95-931a-4af90ecb574d	27.53578	-97.0302							2019-04-19T10:07	19	4	2019	2375711	2375711	HUMAN_OBSERVATION	iNaturalist	Observations	24862038		Aan_an_Adventure	2020-11-24T17:18:02	CC_BY_NC_4_0	Jen Schlauch	Jen Schlauch			2025-05-30T23:42:37.263Z	StillImage	COUNTRY_DERIVED_FROM_COORDINATES;TAXON_MATCH_TAXON_ID_IGNORED
3456260634	50c9509d-22c7-4a22-a47d-8c48425ef4a7	https://www.inaturalist.org/observations/104711904	Animalia	Chordata		Perciformes	Gobiidae	Gobionellus	Gobionellus oceanicus		SPECIES	Gobionellus oceanicus (Pallas, 1770)	Gobionellus oceanicus		US		Florida	PRESENT		28eb1a3f-1c15-4a95-931a-4af90ecb574d	29.412673	-81.188134	29483.0						2021-06-24T14:57:58	24	6	2021	2375711	2375711	HUMAN_OBSERVATION	iNaturalist	Observations	104711904		Jacob Jones	2022-01-10T16:59:34	CC_BY_NC_4_0	Jacob Jones	Jacob Jones			2025-05-30T23:39:09.337Z	StillImage	COORDINATE_ROUNDED;CONTINENT_DERIVED_FROM_COORDINATES;TAXON_MATCH_TAXON_ID_IGNORED
3335319131	50c9509d-22c7-4a22-a47d-8c48425ef4a7	https://www.inaturalist.org/observations/89648373	Animalia	Chordata		Perciformes	Gobiidae	Gobionellus	Gobionellus oceanicus		SPECIES	Gobionellus oceanicus (Pallas, 1770)	Gobionellus oceanicus		US		Louisiana	PRESENT		28eb1a3f-1c15-4a95-931a-4af90ecb574d	30.16868	-93.308899	54.0						2021-07-15T11:20:56Z	15	7	2021	2375711	2375711	HUMAN_OBSERVATION	iNaturalist	Observations	89648373		big_sky	2021-08-02T15:30:07	CC_BY_NC_4_0	big_sky	big_sky			2025-05-30T23:59:30.335Z	StillImage	COORDINATE_ROUNDED;CONTINENT_DERIVED_FROM_COORDINATES;TAXON_MATCH_TAXON_ID_IGNORED
3310641481	f946666e-67dc-4848-9fa8-2162f3559e33	BDBB97C7-0BF5-09FB-E053-5514A8C02F89	Animalia	Chordata		Perciformes	Gobiidae	Gobionellus	Gobionellus oceanicus		SPECIES	Gobionellus oceanicus (Pallas, 1770)	Gobionellus oceanicus (Pallas, 1770)		GF		Guyane française	PRESENT		1928bdf0-f5d2-11dc-8c12-b8a03c50a862	4.8306	-52.27637	5000.0						2014			2014	2375711	2375711	HUMAN_OBSERVATION	UMS PatriNat						CC_BY_4_0		Rousseau Y.			2025-02-02T10:59:59.903Z		GEODETIC_DATUM_ASSUMED_WGS84;COUNTRY_MISMATCH;CONTINENT_DERIVED_FROM_COORDINATES;TAXON_MATCH_TAXON_ID_IGNORED
3073567987	f946666e-67dc-4848-9fa8-2162f3559e33	BDBB97C8-2888-5049-E053-0514A8C026F5	Animalia	Chordata		Perciformes	Gobiidae	Gobionellus	Gobionellus oceanicus		SPECIES	Gobionellus oceanicus (Pallas, 1770)	Gobionellus oceanicus (Pallas, 1770)		GF		Guyane française	PRESENT		1928bdf0-f5d2-11dc-8c12-b8a03c50a862	4.94111	-52.29626	5000.0						2006			2006	2375711	2375711	HUMAN_OBSERVATION	UMS PatriNat						CC_BY_4_0		Baudrier J., Vendeville P.			2025-02-02T11:00:08.576Z		GEODETIC_DATUM_ASSUMED_WGS84;COUNTRY_MISMATCH;CONTINENT_DERIVED_FROM_COORDINATES;TAXON_MATCH_TAXON_ID_IGNORED
3067677341	50c9509d-22c7-4a22-a47d-8c48425ef4a7	https://www.inaturalist.org/observations/6849027	Animalia	Chordata		Perciformes	Gobiidae	Gobionellus	Gobionellus oceanicus		SPECIES	Gobionellus oceanicus (Pallas, 1770)	Gobionellus oceanicus		US		Mississippi	PRESENT		28eb1a3f-1c15-4a95-931a-4af90ecb574d	30.386038	-88.785163							2017-06-28T08:59:02	28	6	2017	2375711	2375711	HUMAN_OBSERVATION	iNaturalist	Observations	6849027		pmk00001	2019-11-24T12:41:01	CC_BY_4_0	evangrimes	evangrimes			2025-05-30T23:03:29.752Z	StillImage	COORDINATE_ROUNDED;CONTINENT_DERIVED_FROM_COORDINATES;TAXON_MATCH_TAXON_ID_IGNORED
3031632113	50c9509d-22c7-4a22-a47d-8c48425ef4a7	https://www.inaturalist.org/observations/66740128	Animalia	Chordata		Perciformes	Gobiidae	Gobionellus	Gobionellus oceanicus		SPECIES	Gobionellus oceanicus (Pallas, 1770)	Gobionellus oceanicus		US		Florida	PRESENT		28eb1a3f-1c15-4a95-931a-4af90ecb574d	30.544195	-86.115182	36.0						2020-12-18T10:54:32Z	18	12	2020	2375711	2375711	HUMAN_OBSERVATION	iNaturalist	Observations	66740128		Matt Neilson	2020-12-21T15:50:09	CC_BY_NC_4_0	jbterrell	jbterrell			2025-05-31T00:04:31.583Z	StillImage	COORDINATE_ROUNDED;CONTINENT_DERIVED_FROM_COORDINATES;TAXON_MATCH_TAXON_ID_IGNORED
3005195318	50c9509d-22c7-4a22-a47d-8c48425ef4a7	https://www.inaturalist.org/observations/12787007	Animalia	Chordata		Perciformes	Gobiidae	Gobionellus	Gobionellus oceanicus		SPECIES	Gobionellus oceanicus (Pallas, 1770)	Gobionellus oceanicus		US		Mississippi	PRESENT		28eb1a3f-1c15-4a95-931a-4af90ecb574d	30.327249	-88.843002	977.0						2017-06-20T20:26	20	6	2017	2375711	2375711	HUMAN_OBSERVATION	iNaturalist	Observations	12787007		Noah Daun	2018-05-25T01:43:46	CC_BY_NC_4_0	Noah Daun	Noah Daun			2025-05-30T23:14:34.948Z	StillImage	COORDINATE_ROUNDED;CONTINENT_DERIVED_FROM_COORDINATES;TAXON_MATCH_TAXON_ID_IGNORED
2963824849	50c9509d-22c7-4a22-a47d-8c48425ef4a7	https://www.inaturalist.org/observations/63507759	Animalia	Chordata		Perciformes	Gobiidae	Gobionellus	Gobionellus oceanicus		SPECIES	Gobionellus oceanicus (Pallas, 1770)	Gobionellus oceanicus		US		Texas	PRESENT		28eb1a3f-1c15-4a95-931a-4af90ecb574d	28.164806	-97.017586	12.0						2020-10-25T08:34:21	25	10	2020	2375711	2375711	HUMAN_OBSERVATION	iNaturalist	Observations	63507759		Melissa Casarez	2020-10-26T20:18:07	CC_BY_NC_4_0	jag2298	jag2298			2025-05-31T00:10:31.553Z	StillImage	COORDINATE_ROUNDED;CONTINENT_DERIVED_FROM_COORDINATES;TAXON_MATCH_TAXON_ID_IGNORED
2860219340	50c9509d-22c7-4a22-a47d-8c48425ef4a7	https://www.inaturalist.org/observations/58382084	Animalia	Chordata		Perciformes	Gobiidae	Gobionellus	Gobionellus oceanicus		SPECIES	Gobionellus oceanicus (Pallas, 1770)	Gobionellus oceanicus		US		South Carolina	PRESENT		28eb1a3f-1c15-4a95-931a-4af90ecb574d	32.917905	-79.803076	22.0						2020-09-02T19:48:53	2	9	2020	2375711	2375711	HUMAN_OBSERVATION	iNaturalist	Observations	58382084		Matt Neilson	2020-09-03T13:26:50	CC_BY_NC_4_0	profharry	profharry			2025-05-30T22:46:47.628Z	StillImage	COORDINATE_ROUNDED;CONTINENT_DERIVED_FROM_COORDINATES;TAXON_MATCH_TAXON_ID_IGNORED
2860144502	50c9509d-22c7-4a22-a47d-8c48425ef4a7	https://www.inaturalist.org/observations/56553647	Animalia	Chordata		Perciformes	Gobiidae	Gobionellus	Gobionellus oceanicus		SPECIES	Gobionellus oceanicus (Pallas, 1770)	Gobionellus oceanicus		US		Mississippi	PRESENT		28eb1a3f-1c15-4a95-931a-4af90ecb574d	30.302033	-89.327613	4.0						2020-08-15T14:54:46Z	15	8	2020	2375711	2375711	HUMAN_OBSERVATION	iNaturalist	Observations	56553647		fredturt43	2020-08-15T20:53:26	CC_BY_NC_4_0	cperniciaro1	cperniciaro1			2025-05-31T00:55:49.649Z	StillImage	COORDINATE_ROUNDED;CONTINENT_DERIVED_FROM_COORDINATES;TAXON_MATCH_TAXON_ID_IGNORED
2626169399	50c9509d-22c7-4a22-a47d-8c48425ef4a7	https://www.inaturalist.org/observations/24463628	Animalia	Chordata		Perciformes	Gobiidae	Gobionellus	Gobionellus oceanicus		SPECIES	Gobionellus oceanicus (Pallas, 1770)	Gobionellus oceanicus		US		Florida	PRESENT		28eb1a3f-1c15-4a95-931a-4af90ecb574d	25.61565	-80.305138	5.0						2019-05-03T15:25:43	3	5	2019	2375711	2375711	HUMAN_OBSERVATION	iNaturalist	Observations	24463628		E. Krapf	2019-05-03T20:17:03	CC_BY_NC_4_0	E. Krapf	E. Krapf			2025-05-30T23:07:14.342Z	StillImage	COORDINATE_ROUNDED;CONTINENT_DERIVED_FROM_COORDINATES;TAXON_MATCH_TAXON_ID_IGNORED
2626147704	50c9509d-22c7-4a22-a47d-8c48425ef4a7	https://www.inaturalist.org/observations/44199956	Animalia	Chordata		Perciformes	Gobiidae	Gobionellus	Gobionellus oceanicus		SPECIES	Gobionellus oceanicus (Pallas, 1770)	Gobionellus oceanicus		US		Texas	PRESENT		28eb1a3f-1c15-4a95-931a-4af90ecb574d	28.562603	-96.5429							2020-04-28T18:57:48Z	28	4	2020	2375711	2375711	HUMAN_OBSERVATION	iNaturalist	Observations	44199956		pmk00001	2020-05-15T11:52:05	CC_BY_NC_4_0	estherwest	estherwest			2025-05-30T22:24:48.312Z	StillImage	COORDINATE_ROUNDED;CONTINENT_DERIVED_FROM_COORDINATES;TAXON_MATCH_TAXON_ID_IGNORED
2626143364	50c9509d-22c7-4a22-a47d-8c48425ef4a7	https://www.inaturalist.org/observations/12805807	Animalia	Chordata		Perciformes	Gobiidae	Gobionellus	Gobionellus oceanicus		SPECIES	Gobionellus oceanicus (Pallas, 1770)	Gobionellus oceanicus		US		Texas	PRESENT		28eb1a3f-1c15-4a95-931a-4af90ecb574d	27.838371	-97.06776	22.0						2018-05-25T11:39:08	25	5	2018	2375711	2375711	HUMAN_OBSERVATION	iNaturalist	Observations	12805807		Jon McIntyre	2018-05-25T19:04:38	CC_BY_NC_4_0	Jon McIntyre	Jon McIntyre			2025-05-30T23:00:05.713Z	StillImage	COORDINATE_ROUNDED;CONTINENT_DERIVED_FROM_COORDINATES;TAXON_MATCH_TAXON_ID_IGNORED
2626127475	50c9509d-22c7-4a22-a47d-8c48425ef4a7	https://www.inaturalist.org/observations/25139855	Animalia	Chordata		Perciformes	Gobiidae	Gobionellus	Gobionellus oceanicus		SPECIES	Gobionellus oceanicus (Pallas, 1770)	Gobionellus oceanicus		US		Texas	PRESENT		28eb1a3f-1c15-4a95-931a-4af90ecb574d	28.538423	-96.214097	33657.0						2019-05-04T15:24:53Z	4	5	2019	2375711	2375711	HUMAN_OBSERVATION	iNaturalist	Observations	25139855		Justin T. Williams	2019-09-14T01:36:37	CC_BY_NC_4_0	joniflores	joniflores			2025-05-30T23:59:01.911Z	StillImage	COORDINATE_ROUNDED;CONTINENT_DERIVED_FROM_COORDINATES;TAXON_MATCH_TAXON_ID_IGNORED
2574255774	50c9509d-22c7-4a22-a47d-8c48425ef4a7	https://www.inaturalist.org/observations/38540052	Animalia	Chordata		Perciformes	Gobiidae	Gobionellus	Gobionellus oceanicus		SPECIES	Gobionellus oceanicus (Pallas, 1770)	Gobionellus oceanicus		BR		Rio Grande do Sul	PRESENT		28eb1a3f-1c15-4a95-931a-4af90ecb574d	-32.034408	-52.196251	1153.0						2020-02-10T13:11:40	10	2	2020	2375711	2375711	HUMAN_OBSERVATION	iNaturalist	Observations	38540052		Marina Bazilio Milford	2020-02-22T17:04:32	CC_BY_4_0	Marina Bazilio Milford	Marina Bazilio Milford			2025-05-31T00:00:38.983Z	StillImage	COORDINATE_ROUNDED;CONTINENT_DERIVED_FROM_COORDINATES;TAXON_MATCH_TAXON_ID_IGNORED
1807320793	50c9509d-22c7-4a22-a47d-8c48425ef4a7	https://www.inaturalist.org/observations/9762531	Animalia	Chordata		Perciformes	Gobiidae	Gobionellus	Gobionellus oceanicus		SPECIES	Gobionellus oceanicus (Pallas, 1770)	Gobionellus oceanicus		US		Florida	PRESENT		28eb1a3f-1c15-4a95-931a-4af90ecb574d	30.010321	-81.345434	122.0						2013-05-06T11:45	6	5	2013	2375711	2375711	HUMAN_OBSERVATION	iNaturalist	Observations	9762531		ed_flagler	2018-02-07T16:09:13	CC_BY_NC_4_0	ed_flagler	ed_flagler			2025-05-30T23:05:08.983Z	StillImage	COORDINATE_ROUNDED;CONTINENT_DERIVED_FROM_COORDINATES;TAXON_MATCH_TAXON_ID_IGNORED
1807314808	50c9509d-22c7-4a22-a47d-8c48425ef4a7	https://www.inaturalist.org/observations/9747063	Animalia	Chordata		Perciformes	Gobiidae	Gobionellus	Gobionellus oceanicus		SPECIES	Gobionellus oceanicus (Pallas, 1770)	Gobionellus oceanicus		US		Florida	PRESENT		28eb1a3f-1c15-4a95-931a-4af90ecb574d	26.956555	-82.193546	45.0						2017-07-25T09:46	25	7	2017	2375711	2375711	HUMAN_OBSERVATION	iNaturalist	Observations	9747063		John Milcetich	2018-02-06T01:30:03	CC_BY_NC_4_0	John Milcetich	John Milcetich			2025-05-30T22:18:27.463Z	StillImage	COORDINATE_ROUNDED;CONTINENT_DERIVED_FROM_COORDINATES;TAXON_MATCH_TAXON_ID_IGNORED
1703127241	50c9509d-22c7-4a22-a47d-8c48425ef4a7	https://www.inaturalist.org/observations/4996754	Animalia	Chordata		Perciformes	Gobiidae	Gobionellus	Gobionellus oceanicus		SPECIES	Gobionellus oceanicus (Pallas, 1770)	Gobionellus oceanicus		US		Texas	PRESENT		28eb1a3f-1c15-4a95-931a-4af90ecb574d	28.035303	-96.970672							2017-01-23T10:13:30	23	1	2017	2375711	2375711	HUMAN_OBSERVATION	iNaturalist	Observations	4996754		fishhunter	2017-01-24T00:12:19	CC_BY_NC_4_0	fishhunter	fishhunter			2025-05-30T23:19:26.040Z	StillImage	COORDINATE_ROUNDED;CONTINENT_DERIVED_FROM_COORDINATES;TAXON_MATCH_TAXON_ID_IGNORED
