gbifID	datasetKey	occurrenceID	kingdom	phylum	class	order	family	genus	species	infraspecificEpithet	taxonRank	scientificName	verbatimScientificName	verbatimScientificNameAuthorship	countryCode	locality	stateProvince	occurrenceStatus	individualCount	publishingOrgKey	decimalLatitude	decimalLongitude	coordinateUncertaintyInMeters	coordinatePrecision	elevation	elevationAccuracy	depth	depthAccuracy	eventDate	day	month	year	taxonKey	speciesKey	basisOfRecord	institutionCode	collectionCode	catalogNumber	recordNumber	identifiedBy	dateIdentified	license	rightsHolder	recordedBy	typeStatus	establishmentMeans	lastInterpreted	mediaType	issue
5167384830	50c9509d-22c7-4a22-a47d-8c48425ef4a7	https://www.inaturalist.org/observations/281624026	Animalia	Arthropoda	Malacostraca	Decapoda	Sesarmidae	Sesarma	Sesarma reticulatum		SPECIES	Sesarma reticulatum (Say, 1817)	Sesarma reticulatum		US		Mississippi	PRESENT		28eb1a3f-1c15-4a95-931a-4af90ecb574d	30.397815	-88.792119	10.0						2025-05-15T10:02	15	5	2025	2225752	2225752	HUMAN_OBSERVATION	iNaturalist	Observations	281624026		Logan	2025-05-16T23:43:37	CC_BY_NC_4_0	Logan	Logan			2025-05-30T23:53:33.737Z	StillImage	COORDINATE_ROUNDED;CONTINENT_DERIVED_FROM_COORDINATES;TAXON_MATCH_TAXON_ID_IGNORED
5167067557	50c9509d-22c7-4a22-a47d-8c48425ef4a7	https://www.inaturalist.org/observations/282207435	Animalia	Arthropoda	Malacostraca	Decapoda	Sesarmidae	Sesarma	Sesarma reticulatum		SPECIES	Sesarma reticulatum (Say, 1817)	Sesarma reticulatum		US		Massachusetts	PRESENT		28eb1a3f-1c15-4a95-931a-4af90ecb574d	41.882955	-70.003083							2025-05-18T14:59:13	18	5	2025	2225752	2225752	HUMAN_OBSERVATION	iNaturalist	Observations	282207435		Destynnie K. Berard	2025-05-18T21:42:40	CC_BY_4_0	Destynnie K. Berard	Destynnie K. Berard			2025-05-30T22:50:34.188Z	StillImage	COORDINATE_ROUNDED;CONTINENT_DERIVED_FROM_COORDINATES;TAXON_MATCH_TAXON_ID_IGNORED
5134648333	50c9509d-22c7-4a22-a47d-8c48425ef4a7	https://www.inaturalist.org/observations/269304735	Animalia	Arthropoda	Malacostraca	Decapoda	Sesarmidae	Sesarma	Sesarma reticulatum		SPECIES	Sesarma reticulatum (Say, 1817)	Sesarma reticulatum		US		Texas	PRESENT		28eb1a3f-1c15-4a95-931a-4af90ecb574d	28.693935	-96.663133	15.0						2025-04-04T10:32	4	4	2025	2225752	2225752	HUMAN_OBSERVATION	iNaturalist	Observations	269304735		Ryan Rash	2025-04-08T16:11:53	CC_BY_NC_4_0	Ryan Rash	Ryan Rash			2025-05-30T23:25:44.425Z	StillImage	COORDINATE_ROUNDED;CONTINENT_DERIVED_FROM_COORDINATES;TAXON_MATCH_TAXON_ID_IGNORED
5134307263	50c9509d-22c7-4a22-a47d-8c48425ef4a7	https://www.inaturalist.org/observations/271450374	Animalia	Arthropoda	Malacostraca	Decapoda	Sesarmidae	Sesarma	Sesarma reticulatum		SPECIES	Sesarma reticulatum (Say, 1817)	Sesarma reticulatum		US		Texas	PRESENT		28eb1a3f-1c15-4a95-931a-4af90ecb574d	29.6537	-95.008958	4.0						2025-04-19T09:51	19	4	2025	2225752	2225752	HUMAN_OBSERVATION	iNaturalist	Observations	271450374		sagecrab	2025-04-19T15:37:38	CC_BY_NC_4_0	jovani_frias	jovani_frias			2025-05-31T00:15:23.553Z	StillImage	COORDINATE_ROUNDED;CONTINENT_DERIVED_FROM_COORDINATES;TAXON_MATCH_TAXON_ID_IGNORED
5104279879	50c9509d-22c7-4a22-a47d-8c48425ef4a7	https://www.inaturalist.org/observations/167945715	Animalia	Arthropoda	Malacostraca	Decapoda	Sesarmidae	Sesarma	Sesarma reticulatum		SPECIES	Sesarma reticulatum (Say, 1817)	Sesarma reticulatum		US		Connecticut	PRESENT		28eb1a3f-1c15-4a95-931a-4af90ecb574d	41.27372	-72.76384	2400.0						2023-06-17T15:43	17	6	2023	2225752	2225752	HUMAN_OBSERVATION	iNaturalist	Observations	167945715		Sean Rigney	2023-06-18T03:46:32	CC_BY_NC_4_0	Sean Rigney	Sean Rigney			2025-05-31T00:04:44.855Z	StillImage	COORDINATE_ROUNDED;CONTINENT_DERIVED_FROM_COORDINATES;TAXON_MATCH_TAXON_ID_IGNORED
5062655782	50c9509d-22c7-4a22-a47d-8c48425ef4a7	https://www.inaturalist.org/observations/169105795	Animalia	Arthropoda	Malacostraca	Decapoda	Sesarmidae	Sesarma	Sesarma reticulatum		SPECIES	Sesarma reticulatum (Say, 1817)	Sesarma reticulatum		US		Massachusetts	PRESENT		28eb1a3f-1c15-4a95-931a-4af90ecb574d	41.667297	-70.072838	35.0						2023-06-23T22:22:43	23	6	2023	2225752	2225752	HUMAN_OBSERVATION	iNaturalist	Observations	169105795		Austin Smith	2023-06-26T17:18:45	CC_BY_NC_4_0	umbrellamagnolia	umbrellamagnolia			2025-05-30T23:03:35.571Z	StillImage	COORDINATE_ROUNDED;CONTINENT_DERIVED_FROM_COORDINATES;TAXON_MATCH_TAXON_ID_IGNORED
5037158622	50c9509d-22c7-4a22-a47d-8c48425ef4a7	https://www.inaturalist.org/observations/232927214	Animalia	Arthropoda	Malacostraca	Decapoda	Sesarmidae	Sesarma	Sesarma reticulatum		SPECIES	Sesarma reticulatum (Say, 1817)	Sesarma reticulatum		US		Massachusetts	PRESENT		28eb1a3f-1c15-4a95-931a-4af90ecb574d	41.860794	-70.022448	3021.0						2024-06-09T10:29	9	6	2024	2225752	2225752	HUMAN_OBSERVATION	iNaturalist	Observations	232927214		D. Bray	2024-07-31T16:49:58	CC_BY_NC_4_0	D. Bray	D. Bray			2025-05-30T22:57:36.370Z	StillImage	COORDINATE_ROUNDED;CONTINENT_DERIVED_FROM_COORDINATES;TAXON_MATCH_TAXON_ID_IGNORED
4994599677	50c9509d-22c7-4a22-a47d-8c48425ef4a7	https://www.inaturalist.org/observations/247417498	Animalia	Arthropoda	Malacostraca	Decapoda	Sesarmidae	Sesarma	Sesarma reticulatum		SPECIES	Sesarma reticulatum (Say, 1817)	Sesarma reticulatum		US		New Jersey	PRESENT		28eb1a3f-1c15-4a95-931a-4af90ecb574d	39.541539	-74.416026	214.0						2024-09-30T11:48:07	30	9	2024	2225752	2225752	HUMAN_OBSERVATION	iNaturalist	Observations	247417498		Christine Thompson	2024-10-15T03:02:59	CC_BY_NC_4_0	Christine Thompson	Christine Thompson			2025-05-31T00:12:19.184Z	StillImage	COORDINATE_ROUNDED;CONTINENT_DERIVED_FROM_COORDINATES;TAXON_MATCH_TAXON_ID_IGNORED
4954247422	50c9509d-22c7-4a22-a47d-8c48425ef4a7	https://www.inaturalist.org/observations/246913835	Animalia	Arthropoda	Malacostraca	Decapoda	Sesarmidae	Sesarma	Sesarma reticulatum		SPECIES	Sesarma reticulatum (Say, 1817)	Sesarma reticulatum		US		Delaware	PRESENT		28eb1a3f-1c15-4a95-931a-4af90ecb574d	38.756631	-75.089666	172.0						2024-09-29T17:01	29	9	2024	2225752	2225752	HUMAN_OBSERVATION	iNaturalist	Observations	246913835		bev435	2024-10-12T12:10:36	CC_BY_NC_4_0	bev435	bev435			2025-05-31T01:26:32.778Z	StillImage	COORDINATE_ROUNDED;CONTINENT_DERIVED_FROM_COORDINATES;TAXON_MATCH_TAXON_ID_IGNORED
4952696529	50c9509d-22c7-4a22-a47d-8c48425ef4a7	https://www.inaturalist.org/observations/244032074	Animalia	Arthropoda	Malacostraca	Decapoda	Sesarmidae	Sesarma	Sesarma reticulatum		SPECIES	Sesarma reticulatum (Say, 1817)	Sesarma reticulatum		US		Massachusetts	PRESENT		28eb1a3f-1c15-4a95-931a-4af90ecb574d	41.884805	-69.999989	206.0						2024-09-25T16:24:52	25	9	2024	2225752	2225752	HUMAN_OBSERVATION	iNaturalist	Observations	244032074		Stirling Cousins	2024-09-25T20:28:46	CC_BY_NC_4_0	Stirling Cousins	Stirling Cousins			2025-05-30T23:56:31.868Z	StillImage	COORDINATE_ROUNDED;CONTINENT_DERIVED_FROM_COORDINATES;TAXON_MATCH_TAXON_ID_IGNORED
4950326787	50c9509d-22c7-4a22-a47d-8c48425ef4a7	https://www.inaturalist.org/observations/243503549	Animalia	Arthropoda	Malacostraca	Decapoda	Sesarmidae	Sesarma	Sesarma reticulatum		SPECIES	Sesarma reticulatum (Say, 1817)	Sesarma reticulatum		US		Texas	PRESENT		28eb1a3f-1c15-4a95-931a-4af90ecb574d	29.333708	-94.752258	4.0						2024-09-22T12:26	22	9	2024	2225752	2225752	HUMAN_OBSERVATION	iNaturalist	Observations	243503549		sagecrab	2024-09-23T03:55:28	CC_BY_4_0	Dan Johnson	Dan Johnson			2025-05-31T00:14:54.995Z	StillImage	COORDINATE_ROUNDED;CONTINENT_DERIVED_FROM_COORDINATES;TAXON_MATCH_TAXON_ID_IGNORED
4950291296	50c9509d-22c7-4a22-a47d-8c48425ef4a7	https://www.inaturalist.org/observations/242402594	Animalia	Arthropoda	Malacostraca	Decapoda	Sesarmidae	Sesarma	Sesarma reticulatum		SPECIES	Sesarma reticulatum (Say, 1817)	Sesarma reticulatum		US		Florida	PRESENT		28eb1a3f-1c15-4a95-931a-4af90ecb574d	30.310227	-87.403455	2.0						2024-09-07T14:53	7	9	2024	2225752	2225752	HUMAN_OBSERVATION	iNaturalist	Observations	242402594		Ryan Grow	2024-09-18T01:59:32	CC_BY_NC_4_0	Ryan Grow	Ryan Grow			2025-05-30T22:46:38.946Z	StillImage	COORDINATE_ROUNDED;CONTINENT_DERIVED_FROM_COORDINATES;TAXON_MATCH_TAXON_ID_IGNORED
4946299123	50c9509d-22c7-4a22-a47d-8c48425ef4a7	https://www.inaturalist.org/observations/206704937	Animalia	Arthropoda	Malacostraca	Decapoda	Sesarmidae	Sesarma	Sesarma reticulatum		SPECIES	Sesarma reticulatum (Say, 1817)	Sesarma reticulatum		US		Florida	PRESENT		28eb1a3f-1c15-4a95-931a-4af90ecb574d	28.908557	-82.628762							2024-04-10T17:59:23	10	4	2024	2225752	2225752	HUMAN_OBSERVATION	iNaturalist	Observations	206704937		Scott Loarie	2024-06-21T21:48:55	CC_BY_NC_4_0	John A Kilmer	John A Kilmer			2025-05-30T22:38:06.398Z	StillImage	COORDINATE_ROUNDED;CONTINENT_DERIVED_FROM_COORDINATES;TAXON_MATCH_TAXON_ID_IGNORED
4946166898	50c9509d-22c7-4a22-a47d-8c48425ef4a7	https://www.inaturalist.org/observations/240392137	Animalia	Arthropoda	Malacostraca	Decapoda	Sesarmidae	Sesarma	Sesarma reticulatum		SPECIES	Sesarma reticulatum (Say, 1817)	Sesarma reticulatum		US		New Jersey	PRESENT		28eb1a3f-1c15-4a95-931a-4af90ecb574d	39.059042	-74.773135	20.0						2024-08-23T13:21	23	8	2024	2225752	2225752	HUMAN_OBSERVATION	iNaturalist	Observations	240392137		sagecrab	2024-09-07T20:18:27	CC_BY_NC_4_0	Brenna Farrell	Brenna Farrell			2025-05-30T23:39:47.117Z		COORDINATE_ROUNDED;CONTINENT_DERIVED_FROM_COORDINATES;TAXON_MATCH_TAXON_ID_IGNORED
4936931156	50c9509d-22c7-4a22-a47d-8c48425ef4a7	https://www.inaturalist.org/observations/236564750	Animalia	Arthropoda	Malacostraca	Decapoda	Sesarmidae	Sesarma	Sesarma reticulatum		SPECIES	Sesarma reticulatum (Say, 1817)	Sesarma reticulatum		US		Massachusetts	PRESENT		28eb1a3f-1c15-4a95-931a-4af90ecb574d	41.88297	-70.003079	4.0						2024-08-18T14:28:22	18	8	2024	2225752	2225752	HUMAN_OBSERVATION	iNaturalist	Observations	236564750		John Shamgochian	2024-08-18T18:40:05	CC_BY_NC_4_0	John Shamgochian	John Shamgochian			2025-05-31T00:31:55.123Z	StillImage	COORDINATE_ROUNDED;CONTINENT_DERIVED_FROM_COORDINATES;TAXON_MATCH_TAXON_ID_IGNORED
4936640217	50c9509d-22c7-4a22-a47d-8c48425ef4a7	https://www.inaturalist.org/observations/224523119	Animalia	Arthropoda	Malacostraca	Decapoda	Sesarmidae	Sesarma	Sesarma reticulatum		SPECIES	Sesarma reticulatum (Say, 1817)	Sesarma reticulatum		US		New York	PRESENT		28eb1a3f-1c15-4a95-931a-4af90ecb574d	40.964417	-73.145828	9.0						2024-06-22T19:27:36	22	6	2024	2225752	2225752	HUMAN_OBSERVATION	iNaturalist	Observations	224523119		David LaMagna	2024-06-23T00:10:06	CC_BY_4_0	David LaMagna	David LaMagna			2025-05-31T00:13:32.632Z	StillImage	COORDINATE_ROUNDED;CONTINENT_DERIVED_FROM_COORDINATES;TAXON_MATCH_TAXON_ID_IGNORED
4923577344	50c9509d-22c7-4a22-a47d-8c48425ef4a7	https://www.inaturalist.org/observations/233871068	Animalia	Arthropoda	Malacostraca	Decapoda	Sesarmidae	Sesarma	Sesarma reticulatum		SPECIES	Sesarma reticulatum (Say, 1817)	Sesarma reticulatum		US		Delaware	PRESENT		28eb1a3f-1c15-4a95-931a-4af90ecb574d	38.944655	-75.319022	86.0						2024-08-04T14:03:51	4	8	2024	2225752	2225752	HUMAN_OBSERVATION	iNaturalist	Observations	233871068		Chris Henry	2024-08-05T03:29:35	CC_BY_NC_4_0	Chris Henry	Chris Henry			2025-05-30T22:55:54.112Z	StillImage	COORDINATE_ROUNDED;CONTINENT_DERIVED_FROM_COORDINATES;TAXON_MATCH_TAXON_ID_IGNORED
4919368936	50c9509d-22c7-4a22-a47d-8c48425ef4a7	https://www.inaturalist.org/observations/231646036	Animalia	Arthropoda	Malacostraca	Decapoda	Sesarmidae	Sesarma	Sesarma reticulatum		SPECIES	Sesarma reticulatum (Say, 1817)	Sesarma reticulatum		US		Alabama	PRESENT		28eb1a3f-1c15-4a95-931a-4af90ecb574d	30.251788	-88.08265							2024-07-23T17:47:26	23	7	2024	2225752	2225752	HUMAN_OBSERVATION	iNaturalist	Observations	231646036		pauljgier	2024-07-25T16:33:49	CC_BY_NC_4_0	pauljgier	pauljgier			2025-05-31T01:18:01.982Z	StillImage	COORDINATE_ROUNDED;CONTINENT_DERIVED_FROM_COORDINATES;TAXON_MATCH_TAXON_ID_IGNORED
4903772516	50c9509d-22c7-4a22-a47d-8c48425ef4a7	https://www.inaturalist.org/observations/226684205	Animalia	Arthropoda	Malacostraca	Decapoda	Sesarmidae	Sesarma	Sesarma reticulatum		SPECIES	Sesarma reticulatum (Say, 1817)	Sesarma reticulatum		US		Alabama	PRESENT		28eb1a3f-1c15-4a95-931a-4af90ecb574d	30.25757	-88.123735							2024-06-26T05:58:21	26	6	2024	2225752	2225752	HUMAN_OBSERVATION	iNaturalist	Observations	226684205		pauljgier	2024-07-02T14:27:13	CC_BY_NC_4_0	pauljgier	pauljgier			2025-05-31T00:16:38.470Z	StillImage	COORDINATE_ROUNDED;CONTINENT_DERIVED_FROM_COORDINATES;TAXON_MATCH_TAXON_ID_IGNORED
4901979144	50c9509d-22c7-4a22-a47d-8c48425ef4a7	https://www.inaturalist.org/observations/205680192	Animalia	Arthropoda	Malacostraca	Decapoda	Sesarmidae	Sesarma	Sesarma reticulatum		SPECIES	Sesarma reticulatum (Say, 1817)	Sesarma reticulatum		US		Alabama	PRESENT		28eb1a3f-1c15-4a95-931a-4af90ecb574d	30.25433	-88.100333	9.0						2024-04-06T10:33:58	6	4	2024	2225752	2225752	HUMAN_OBSERVATION	iNaturalist	Observations	205680192		John M. Faggard	2024-04-06T15:34:53	CC_BY_NC_4_0	John M. Faggard	John M. Faggard			2025-05-31T00:27:09.115Z	StillImage	COORDINATE_ROUNDED;CONTINENT_DERIVED_FROM_COORDINATES;TAXON_MATCH_TAXON_ID_IGNORED
4901957289	50c9509d-22c7-4a22-a47d-8c48425ef4a7	https://www.inaturalist.org/observations/209786177	Animalia	Arthropoda	Malacostraca	Decapoda	Sesarmidae	Sesarma	Sesarma reticulatum		SPECIES	Sesarma reticulatum (Say, 1817)	Sesarma reticulatum		US		Delaware	PRESENT		28eb1a3f-1c15-4a95-931a-4af90ecb574d	38.789587	-75.1678	4.0						2024-04-26T15:38:22	26	4	2024	2225752	2225752	HUMAN_OBSERVATION	iNaturalist	Observations	209786177		Nick Spigler	2024-04-26T20:53:31	CC_BY_NC_4_0	Nick Spigler	Nick Spigler			2025-05-31T00:12:05.888Z	StillImage	COORDINATE_ROUNDED;CONTINENT_DERIVED_FROM_COORDINATES;TAXON_MATCH_TAXON_ID_IGNORED
4901947033	50c9509d-22c7-4a22-a47d-8c48425ef4a7	https://www.inaturalist.org/observations/170947064	Animalia	Arthropoda	Malacostraca	Decapoda	Sesarmidae	Sesarma	Sesarma reticulatum		SPECIES	Sesarma reticulatum (Say, 1817)	Sesarma reticulatum		US		Texas	PRESENT		28eb1a3f-1c15-4a95-931a-4af90ecb574d	29.228044	-94.935198	1416.0						2023-06-05T08:44:40	5	6	2023	2225752	2225752	HUMAN_OBSERVATION	iNaturalist	Observations	170947064		Gregory L. Hall	2023-07-15T12:53:05	CC_BY_NC_4_0	penguin_122	penguin_122			2025-05-30T23:33:31.916Z	StillImage	COORDINATE_ROUNDED;CONTINENT_DERIVED_FROM_COORDINATES;TAXON_MATCH_TAXON_ID_IGNORED
4901919807	50c9509d-22c7-4a22-a47d-8c48425ef4a7	https://www.inaturalist.org/observations/205713110	Animalia	Arthropoda	Malacostraca	Decapoda	Sesarmidae	Sesarma	Sesarma reticulatum		SPECIES	Sesarma reticulatum (Say, 1817)	Sesarma reticulatum		US		Alabama	PRESENT		28eb1a3f-1c15-4a95-931a-4af90ecb574d	30.254308	-88.100333	4.0						2024-04-06T10:35:19	6	4	2024	2225752	2225752	HUMAN_OBSERVATION	iNaturalist	Observations	205713110		Howard Horne	2024-04-06T18:32:09	CC_BY_NC_4_0	Howard Horne	Howard Horne			2025-05-31T00:08:35.228Z	StillImage	COORDINATE_ROUNDED;CONTINENT_DERIVED_FROM_COORDINATES;TAXON_MATCH_TAXON_ID_IGNORED
4901916294	50c9509d-22c7-4a22-a47d-8c48425ef4a7	https://www.inaturalist.org/observations/220599459	Animalia	Arthropoda	Malacostraca	Decapoda	Sesarmidae	Sesarma	Sesarma reticulatum		SPECIES	Sesarma reticulatum (Say, 1817)	Sesarma reticulatum		US		Texas	PRESENT		28eb1a3f-1c15-4a95-931a-4af90ecb574d	28.939513	-95.296662	7.0						2024-06-04T20:50:49	4	6	2024	2225752	2225752	HUMAN_OBSERVATION	iNaturalist	Observations	220599459		Scott Loarie	2024-06-05T05:59:52	CC_BY_NC_4_0	ticonderoga-	ticonderoga-			2025-05-31T00:27:59.813Z	StillImage	COORDINATE_ROUNDED;CONTINENT_DERIVED_FROM_COORDINATES;TAXON_MATCH_TAXON_ID_IGNORED
4901911995	50c9509d-22c7-4a22-a47d-8c48425ef4a7	https://www.inaturalist.org/observations/218798198	Animalia	Arthropoda	Malacostraca	Decapoda	Sesarmidae	Sesarma	Sesarma reticulatum		SPECIES	Sesarma reticulatum (Say, 1817)	Sesarma reticulatum		US		North Carolina	PRESENT		28eb1a3f-1c15-4a95-931a-4af90ecb574d	34.693181	-77.085328	3.0						2023-06-21T18:31	21	6	2023	2225752	2225752	HUMAN_OBSERVATION	iNaturalist	Observations	218798198		Austin Smith	2024-06-11T23:09:35	CC_BY_NC_4_0	Jeff braswell	Jeff braswell			2025-05-31T00:25:21.649Z	StillImage	COORDINATE_ROUNDED;CONTINENT_DERIVED_FROM_COORDINATES;TAXON_MATCH_TAXON_ID_IGNORED
4901410034	50c9509d-22c7-4a22-a47d-8c48425ef4a7	https://www.inaturalist.org/observations/204313579	Animalia	Arthropoda	Malacostraca	Decapoda	Sesarmidae	Sesarma	Sesarma reticulatum		SPECIES	Sesarma reticulatum (Say, 1817)	Sesarma reticulatum		US		Florida	PRESENT		28eb1a3f-1c15-4a95-931a-4af90ecb574d	25.079677	-80.91189	30003.0						2024-03-09T18:53:31	9	3	2024	2225752	2225752	HUMAN_OBSERVATION	iNaturalist	Observations	204313579		A. W. Jones	2024-03-28T21:19:47	CC_BY_NC_4_0	A. W. Jones	A. W. Jones			2025-05-31T00:15:47.698Z	StillImage	COORDINATE_ROUNDED;CONTINENT_DERIVED_FROM_COORDINATES;TAXON_MATCH_TAXON_ID_IGNORED
4901308607	50c9509d-22c7-4a22-a47d-8c48425ef4a7	https://www.inaturalist.org/observations/222466044	Animalia	Arthropoda	Malacostraca	Decapoda	Sesarmidae	Sesarma	Sesarma reticulatum		SPECIES	Sesarma reticulatum (Say, 1817)	Sesarma reticulatum		US		Florida	PRESENT		28eb1a3f-1c15-4a95-931a-4af90ecb574d	29.028144	-82.726463	164.0						2024-06-13T10:23	13	6	2024	2225752	2225752	HUMAN_OBSERVATION	iNaturalist	Observations	222466044		Chris Evers	2024-06-13T16:05:50	CC_BY_NC_4_0	Chris Evers	Chris Evers			2025-05-31T00:02:32.628Z	StillImage	COORDINATE_ROUNDED;CONTINENT_DERIVED_FROM_COORDINATES;TAXON_MATCH_TAXON_ID_IGNORED
4901263930	50c9509d-22c7-4a22-a47d-8c48425ef4a7	https://www.inaturalist.org/observations/204494887	Animalia	Arthropoda	Malacostraca	Decapoda	Sesarmidae	Sesarma	Sesarma reticulatum		SPECIES	Sesarma reticulatum (Say, 1817)	Sesarma reticulatum		US		Texas	PRESENT		28eb1a3f-1c15-4a95-931a-4af90ecb574d	28.151733	-96.973633	5.0						2024-03-23T10:30:41	23	3	2024	2225752	2225752	HUMAN_OBSERVATION	iNaturalist	Observations	204494887		Sequoia Janirella Wrens	2024-05-28T04:53:04	CC0_1_0	Sequoia Janirella Wrens	Sequoia Janirella Wrens			2025-05-30T22:33:00.815Z	StillImage	COORDINATE_ROUNDED;CONTINENT_DERIVED_FROM_COORDINATES;TAXON_MATCH_TAXON_ID_IGNORED
4901217486	50c9509d-22c7-4a22-a47d-8c48425ef4a7	https://www.inaturalist.org/observations/221410292	Animalia	Arthropoda	Malacostraca	Decapoda	Sesarmidae	Sesarma	Sesarma reticulatum		SPECIES	Sesarma reticulatum (Say, 1817)	Sesarma reticulatum		US		New Jersey	PRESENT		28eb1a3f-1c15-4a95-931a-4af90ecb574d	39.395852	-75.099657	28121.0						2024-06-08T15:36:08	8	6	2024	2225752	2225752	HUMAN_OBSERVATION	iNaturalist	Observations	221410292		Carl	2024-06-08T21:14:25	CC_BY_NC_4_0	Carl	Carl			2025-05-30T23:50:36.596Z	StillImage	COORDINATE_ROUNDED;CONTINENT_DERIVED_FROM_COORDINATES;TAXON_MATCH_TAXON_ID_IGNORED
4900933876	50c9509d-22c7-4a22-a47d-8c48425ef4a7	https://www.inaturalist.org/observations/224283746	Animalia	Arthropoda	Malacostraca	Decapoda	Sesarmidae	Sesarma	Sesarma reticulatum		SPECIES	Sesarma reticulatum (Say, 1817)	Sesarma reticulatum		US		New Jersey	PRESENT		28eb1a3f-1c15-4a95-931a-4af90ecb574d	40.751357	-74.092609							2023-06-22T08:44:33	22	6	2023	2225752	2225752	HUMAN_OBSERVATION	iNaturalist	Observations	224283746		Drew	2024-06-21T23:21:01	CC_BY_NC_4_0	Drew	Drew			2025-05-31T00:03:51.678Z	StillImage	COORDINATE_ROUNDED;CONTINENT_DERIVED_FROM_COORDINATES;TAXON_MATCH_TAXON_ID_IGNORED
4900914389	50c9509d-22c7-4a22-a47d-8c48425ef4a7	https://www.inaturalist.org/observations/205759542	Animalia	Arthropoda	Malacostraca	Decapoda	Sesarmidae	Sesarma	Sesarma reticulatum		SPECIES	Sesarma reticulatum (Say, 1817)	Sesarma reticulatum		US		Alabama	PRESENT		28eb1a3f-1c15-4a95-931a-4af90ecb574d	30.25433	-88.100306							2024-04-06T10:35:04	6	4	2024	2225752	2225752	HUMAN_OBSERVATION	iNaturalist	Observations	205759542		David	2024-04-06T22:37:58	CC_BY_NC_4_0	David	David			2025-05-31T01:19:24.546Z	StillImage	COORDINATE_ROUNDED;CONTINENT_DERIVED_FROM_COORDINATES;TAXON_MATCH_TAXON_ID_IGNORED
4900874076	50c9509d-22c7-4a22-a47d-8c48425ef4a7	https://www.inaturalist.org/observations/195755397	Animalia	Arthropoda	Malacostraca	Decapoda	Sesarmidae	Sesarma	Sesarma reticulatum		SPECIES	Sesarma reticulatum (Say, 1817)	Sesarma reticulatum		US		Virginia	PRESENT		28eb1a3f-1c15-4a95-931a-4af90ecb574d	37.894956	-75.3678	706.0						2024-01-03T12:26:49	3	1	2024	2225752	2225752	HUMAN_OBSERVATION	iNaturalist	Observations	195755397		Nathan T. Jones	2024-03-02T16:11:04	CC_BY_4_0	graecefrog	graecefrog			2025-05-31T01:04:21.645Z	StillImage	COORDINATE_ROUNDED;CONTINENT_DERIVED_FROM_COORDINATES;TAXON_MATCH_TAXON_ID_IGNORED
4892162947	50c9509d-22c7-4a22-a47d-8c48425ef4a7	https://www.inaturalist.org/observations/222075681	Animalia	Arthropoda	Malacostraca	Decapoda	Sesarmidae	Sesarma	Sesarma reticulatum		SPECIES	Sesarma reticulatum (Say, 1817)	Sesarma reticulatum		US		Connecticut	PRESENT		28eb1a3f-1c15-4a95-931a-4af90ecb574d	41.00865	-73.570353	9.0						2024-06-11T13:50	11	6	2024	2225752	2225752	HUMAN_OBSERVATION	iNaturalist	Observations	222075681		Scott Loarie	2024-06-12T08:01:30	CC_BY_NC_4_0	seasidecenterkelly	seasidecenterkelly			2025-05-30T23:58:02.180Z	StillImage	COORDINATE_ROUNDED;CONTINENT_DERIVED_FROM_COORDINATES;TAXON_MATCH_TAXON_ID_IGNORED
4892127116	50c9509d-22c7-4a22-a47d-8c48425ef4a7	https://www.inaturalist.org/observations/221030066	Animalia	Arthropoda	Malacostraca	Decapoda	Sesarmidae	Sesarma	Sesarma reticulatum		SPECIES	Sesarma reticulatum (Say, 1817)	Sesarma reticulatum		US		Delaware	PRESENT		28eb1a3f-1c15-4a95-931a-4af90ecb574d	38.788863	-75.165908	4.0						2024-06-06T20:14:47	6	6	2024	2225752	2225752	HUMAN_OBSERVATION	iNaturalist	Observations	221030066		inbetweenbays	2024-06-07T03:53:12	CC_BY_4_0	inbetweenbays	inbetweenbays			2025-05-30T22:50:01.105Z	StillImage	COORDINATE_ROUNDED;CONTINENT_DERIVED_FROM_COORDINATES;TAXON_MATCH_TAXON_ID_IGNORED
4875147530	50c9509d-22c7-4a22-a47d-8c48425ef4a7	https://www.inaturalist.org/observations/219105240	Animalia	Arthropoda	Malacostraca	Decapoda	Sesarmidae	Sesarma	Sesarma reticulatum		SPECIES	Sesarma reticulatum (Say, 1817)	Sesarma reticulatum		US		Florida	PRESENT		28eb1a3f-1c15-4a95-931a-4af90ecb574d	28.908583	-82.691374	224.0						2024-05-28T13:49	28	5	2024	2225752	2225752	HUMAN_OBSERVATION	iNaturalist	Observations	219105240		C. Phillips	2024-05-29T13:39:26	CC_BY_NC_4_0	C. Phillips	C. Phillips			2025-05-31T00:27:53.107Z	StillImage	COORDINATE_ROUNDED;CONTINENT_DERIVED_FROM_COORDINATES;TAXON_MATCH_TAXON_ID_IGNORED
4872158579	50c9509d-22c7-4a22-a47d-8c48425ef4a7	https://www.inaturalist.org/observations/217705667	Animalia	Arthropoda	Malacostraca	Decapoda	Sesarmidae	Sesarma	Sesarma reticulatum		SPECIES	Sesarma reticulatum (Say, 1817)	Sesarma reticulatum		US		Mississippi	PRESENT		28eb1a3f-1c15-4a95-931a-4af90ecb574d	30.250192	-89.422455	7.0						2024-05-23T06:03	23	5	2024	2225752	2225752	HUMAN_OBSERVATION	iNaturalist	Observations	217705667		Tim Guida	2024-05-23T15:19:44	CC_BY_NC_4_0	Tim Guida	Tim Guida			2025-05-30T23:53:19.713Z	StillImage	COORDINATE_ROUNDED;CONTINENT_DERIVED_FROM_COORDINATES;TAXON_MATCH_TAXON_ID_IGNORED
4863891468	50c9509d-22c7-4a22-a47d-8c48425ef4a7	https://www.inaturalist.org/observations/215438124	Animalia	Arthropoda	Malacostraca	Decapoda	Sesarmidae	Sesarma	Sesarma reticulatum		SPECIES	Sesarma reticulatum (Say, 1817)	Sesarma reticulatum		US		Texas	PRESENT		28eb1a3f-1c15-4a95-931a-4af90ecb574d	28.151494	-96.973546	2.0						2024-03-23T08:30	23	3	2024	2225752	2225752	HUMAN_OBSERVATION	iNaturalist	Observations	215438124		Austin Smith	2024-05-14T22:02:07	CC_BY_4_0	Jared Shorma	Jared Shorma			2025-05-31T00:17:14.831Z	StillImage	COORDINATE_ROUNDED;CONTINENT_DERIVED_FROM_COORDINATES;TAXON_MATCH_TAXON_ID_IGNORED
4863539146	50c9509d-22c7-4a22-a47d-8c48425ef4a7	https://www.inaturalist.org/observations/215122801	Animalia	Arthropoda	Malacostraca	Decapoda	Sesarmidae	Sesarma	Sesarma reticulatum		SPECIES	Sesarma reticulatum (Say, 1817)	Sesarma reticulatum		US		Rhode Island	PRESENT		28eb1a3f-1c15-4a95-931a-4af90ecb574d	41.760639	-71.322535	157.0						2024-05-11T16:05	11	5	2024	2225752	2225752	HUMAN_OBSERVATION	iNaturalist	Observations	215122801		fuscus	2024-05-11T23:02:27	CC_BY_NC_4_0	fuscus	fuscus			2025-05-30T22:33:43.898Z	StillImage	COORDINATE_ROUNDED;CONTINENT_DERIVED_FROM_COORDINATES;TAXON_MATCH_TAXON_ID_IGNORED
4607612371	50c9509d-22c7-4a22-a47d-8c48425ef4a7	https://www.inaturalist.org/observations/205316087	Animalia	Arthropoda	Malacostraca	Decapoda	Sesarmidae	Sesarma	Sesarma reticulatum		SPECIES	Sesarma reticulatum (Say, 1817)	Sesarma reticulatum		US		Texas	PRESENT		28eb1a3f-1c15-4a95-931a-4af90ecb574d	29.199245	-94.963861	4.0						2024-03-31T15:41:51	31	3	2024	2225752	2225752	HUMAN_OBSERVATION	iNaturalist	Observations	205316087		Scott Loarie	2024-04-04T07:08:38	CC_BY_NC_4_0	mochabonsai	mochabonsai			2025-05-30T22:49:43.238Z	StillImage	COORDINATE_ROUNDED;CONTINENT_DERIVED_FROM_COORDINATES;TAXON_MATCH_TAXON_ID_IGNORED
4607439787	50c9509d-22c7-4a22-a47d-8c48425ef4a7	https://www.inaturalist.org/observations/203059158	Animalia	Arthropoda	Malacostraca	Decapoda	Sesarmidae	Sesarma	Sesarma reticulatum		SPECIES	Sesarma reticulatum (Say, 1817)	Sesarma reticulatum		US		Virginia	PRESENT		28eb1a3f-1c15-4a95-931a-4af90ecb574d	37.893404	-75.371444							2024-03-01T14:34	1	3	2024	2225752	2225752	HUMAN_OBSERVATION	iNaturalist	Observations	203059158		Nathan T. Jones	2024-03-19T03:01:28	CC_BY_4_0	Nathan T. Jones	Nathan T. Jones			2025-05-30T22:45:33.027Z	StillImage	COORDINATE_ROUNDED;CONTINENT_DERIVED_FROM_COORDINATES;TAXON_MATCH_TAXON_ID_IGNORED
4607375483	50c9509d-22c7-4a22-a47d-8c48425ef4a7	https://www.inaturalist.org/observations/196358250	Animalia	Arthropoda	Malacostraca	Decapoda	Sesarmidae	Sesarma	Sesarma reticulatum		SPECIES	Sesarma reticulatum (Say, 1817)	Sesarma reticulatum		US		Florida	PRESENT		28eb1a3f-1c15-4a95-931a-4af90ecb574d	24.832131	-80.805619							2024-01-11T10:44:31	11	1	2024	2225752	2225752	HUMAN_OBSERVATION	iNaturalist	Observations	196358250		Austin Smith	2024-03-17T22:42:59	CC_BY_NC_4_0	stishovite	stishovite			2025-05-31T00:06:43.895Z	StillImage	COORDINATE_ROUNDED;CONTINENT_DERIVED_FROM_COORDINATES;TAXON_MATCH_TAXON_ID_IGNORED
4607095114	50c9509d-22c7-4a22-a47d-8c48425ef4a7	https://www.inaturalist.org/observations/172959930	Animalia	Arthropoda	Malacostraca	Decapoda	Sesarmidae	Sesarma	Sesarma reticulatum		SPECIES	Sesarma reticulatum (Say, 1817)	Sesarma reticulatum		US		New Jersey	PRESENT		28eb1a3f-1c15-4a95-931a-4af90ecb574d	40.670023	-74.104252	43.0						2023-06-30T09:02:29	30	6	2023	2225752	2225752	HUMAN_OBSERVATION	iNaturalist	Observations	172959930		Austin Smith	2023-10-19T17:18:57	CC_BY_NC_4_0	pidgygon	pidgygon			2025-05-31T00:22:32.744Z	StillImage	COORDINATE_ROUNDED;CONTINENT_DERIVED_FROM_COORDINATES;TAXON_MATCH_TAXON_ID_IGNORED
4606672999	50c9509d-22c7-4a22-a47d-8c48425ef4a7	https://www.inaturalist.org/observations/203422025	Animalia	Arthropoda	Malacostraca	Decapoda	Sesarmidae	Sesarma	Sesarma reticulatum		SPECIES	Sesarma reticulatum (Say, 1817)	Sesarma reticulatum		US		Florida	PRESENT		28eb1a3f-1c15-4a95-931a-4af90ecb574d	26.4019	-81.878958	6.0						2024-03-21T17:54:58	21	3	2024	2225752	2225752	HUMAN_OBSERVATION	iNaturalist	Observations	203422025		A. W. Jones	2024-03-28T22:05:53	CC_BY_NC_4_0	Zachary Lang	Zachary Lang			2025-05-30T23:51:30.756Z	StillImage	COORDINATE_ROUNDED;CONTINENT_DERIVED_FROM_COORDINATES;TAXON_MATCH_TAXON_ID_IGNORED
4597171747	50c9509d-22c7-4a22-a47d-8c48425ef4a7	https://www.inaturalist.org/observations/203059149	Animalia	Arthropoda	Malacostraca	Decapoda	Sesarmidae	Sesarma	Sesarma reticulatum		SPECIES	Sesarma reticulatum (Say, 1817)	Sesarma reticulatum		US		Virginia	PRESENT		28eb1a3f-1c15-4a95-931a-4af90ecb574d	37.893421	-75.371337							2024-03-01T14:31	1	3	2024	2225752	2225752	HUMAN_OBSERVATION	iNaturalist	Observations	203059149		Nathan T. Jones	2024-03-19T03:01:26	CC_BY_4_0	Nathan T. Jones	Nathan T. Jones			2025-05-30T23:26:45.940Z	StillImage	COORDINATE_ROUNDED;CONTINENT_DERIVED_FROM_COORDINATES;TAXON_MATCH_TAXON_ID_IGNORED
4597167686	50c9509d-22c7-4a22-a47d-8c48425ef4a7	https://www.inaturalist.org/observations/203059171	Animalia	Arthropoda	Malacostraca	Decapoda	Sesarmidae	Sesarma	Sesarma reticulatum		SPECIES	Sesarma reticulatum (Say, 1817)	Sesarma reticulatum		US		Virginia	PRESENT		28eb1a3f-1c15-4a95-931a-4af90ecb574d	37.893655	-75.37347							2024-03-01T14:41	1	3	2024	2225752	2225752	HUMAN_OBSERVATION	iNaturalist	Observations	203059171		Nathan T. Jones	2024-03-19T03:01:29	CC_BY_4_0	Nathan T. Jones	Nathan T. Jones			2025-05-30T23:54:53.560Z	StillImage	COORDINATE_ROUNDED;CONTINENT_DERIVED_FROM_COORDINATES;TAXON_MATCH_TAXON_ID_IGNORED
4465526903	50c9509d-22c7-4a22-a47d-8c48425ef4a7	https://www.inaturalist.org/observations/193664397	Animalia	Arthropoda	Malacostraca	Decapoda	Sesarmidae	Sesarma	Sesarma reticulatum		SPECIES	Sesarma reticulatum (Say, 1817)	Sesarma reticulatum		US		Virginia	PRESENT		28eb1a3f-1c15-4a95-931a-4af90ecb574d	37.934546	-75.418697	2.0						2023-12-02T12:52	2	12	2023	2225752	2225752	HUMAN_OBSERVATION	iNaturalist	Observations	193664397		Austin Smith	2023-12-11T16:19:21	CC_BY_4_0	Nathan T. Jones	Nathan T. Jones			2025-05-30T22:39:39.341Z	StillImage	COORDINATE_ROUNDED;CONTINENT_DERIVED_FROM_COORDINATES;TAXON_MATCH_TAXON_ID_IGNORED
4465493897	50c9509d-22c7-4a22-a47d-8c48425ef4a7	https://www.inaturalist.org/observations/193664398	Animalia	Arthropoda	Malacostraca	Decapoda	Sesarmidae	Sesarma	Sesarma reticulatum		SPECIES	Sesarma reticulatum (Say, 1817)	Sesarma reticulatum		US		Virginia	PRESENT		28eb1a3f-1c15-4a95-931a-4af90ecb574d	37.934559	-75.4187	2.0						2023-12-02T12:52	2	12	2023	2225752	2225752	HUMAN_OBSERVATION	iNaturalist	Observations	193664398		Austin Smith	2023-12-11T16:19:17	CC_BY_4_0	Nathan T. Jones	Nathan T. Jones			2025-05-30T22:42:53.688Z	StillImage	COORDINATE_ROUNDED;CONTINENT_DERIVED_FROM_COORDINATES;TAXON_MATCH_TAXON_ID_IGNORED
4465384007	50c9509d-22c7-4a22-a47d-8c48425ef4a7	https://www.inaturalist.org/observations/174011572	Animalia	Arthropoda	Malacostraca	Decapoda	Sesarmidae	Sesarma	Sesarma reticulatum		SPECIES	Sesarma reticulatum (Say, 1817)	Sesarma reticulatum		US		Florida	PRESENT		28eb1a3f-1c15-4a95-931a-4af90ecb574d	29.333245	-83.141651	217.0						2023-07-20T17:51:39	20	7	2023	2225752	2225752	HUMAN_OBSERVATION	iNaturalist	Observations	174011572		Gabriel Barajas	2023-07-20T22:29:44	CC_BY_NC_4_0	Gabriel Barajas	Gabriel Barajas			2025-05-30T22:44:31.349Z	StillImage	COORDINATE_ROUNDED;CONTINENT_DERIVED_FROM_COORDINATES;TAXON_MATCH_TAXON_ID_IGNORED
4458607906	50c9509d-22c7-4a22-a47d-8c48425ef4a7	https://www.inaturalist.org/observations/166417572	Animalia	Arthropoda	Malacostraca	Decapoda	Sesarmidae	Sesarma	Sesarma reticulatum		SPECIES	Sesarma reticulatum (Say, 1817)	Sesarma reticulatum		US		Georgia	PRESENT		28eb1a3f-1c15-4a95-931a-4af90ecb574d	31.953667	-81.061792	34.0						2023-06-09T10:45:21	9	6	2023	2225752	2225752	HUMAN_OBSERVATION	iNaturalist	Observations	166417572				CC_BY_NC_4_0	mcanglin	mcanglin			2025-05-31T00:12:49.105Z	StillImage	COORDINATE_ROUNDED;CONTINENT_DERIVED_FROM_COORDINATES;TAXON_MATCH_TAXON_ID_IGNORED
4424259684	50c9509d-22c7-4a22-a47d-8c48425ef4a7	https://www.inaturalist.org/observations/187029938	Animalia	Arthropoda	Malacostraca	Decapoda	Sesarmidae	Sesarma	Sesarma reticulatum		SPECIES	Sesarma reticulatum (Say, 1817)	Sesarma reticulatum		US		Connecticut	PRESENT		28eb1a3f-1c15-4a95-931a-4af90ecb574d	41.250175	-72.863572	43.0						2023-10-10T11:15:39	10	10	2023	2225752	2225752	HUMAN_OBSERVATION	iNaturalist	Observations	187029938		Bridget Cervero	2023-10-10T19:28:24	CC_BY_NC_4_0	Bridget Cervero	Bridget Cervero			2025-05-31T00:03:28.308Z	StillImage	COORDINATE_ROUNDED;CONTINENT_DERIVED_FROM_COORDINATES;TAXON_MATCH_TAXON_ID_IGNORED
4424164840	50c9509d-22c7-4a22-a47d-8c48425ef4a7	https://www.inaturalist.org/observations/186087964	Animalia	Arthropoda	Malacostraca	Decapoda	Sesarmidae	Sesarma	Sesarma reticulatum		SPECIES	Sesarma reticulatum (Say, 1817)	Sesarma reticulatum		US		New Jersey	PRESENT		28eb1a3f-1c15-4a95-931a-4af90ecb574d	39.108131	-74.706508							2023-10-03T15:07:54	3	10	2023	2225752	2225752	HUMAN_OBSERVATION	iNaturalist	Observations	186087964		Carol Mullen	2023-10-03T21:22:11	CC_BY_NC_4_0	Carol Mullen	Carol Mullen			2025-05-31T00:09:59.250Z	StillImage	COORDINATE_ROUNDED;CONTINENT_DERIVED_FROM_COORDINATES;TAXON_MATCH_TAXON_ID_IGNORED
4400057943	50c9509d-22c7-4a22-a47d-8c48425ef4a7	https://www.inaturalist.org/observations/177705911	Animalia	Arthropoda	Malacostraca	Decapoda	Sesarmidae	Sesarma	Sesarma reticulatum		SPECIES	Sesarma reticulatum (Say, 1817)	Sesarma reticulatum		US		North Carolina	PRESENT		28eb1a3f-1c15-4a95-931a-4af90ecb574d	33.865639	-77.989981	39.0						2023-07-06T13:45:40	6	7	2023	2225752	2225752	HUMAN_OBSERVATION	iNaturalist	Observations	177705911		Broughton Taylor	2023-08-10T18:35:36	CC_BY_NC_4_0	Broughton Taylor	Broughton Taylor			2025-05-31T00:22:29.386Z	StillImage	COORDINATE_ROUNDED;CONTINENT_DERIVED_FROM_COORDINATES;TAXON_MATCH_TAXON_ID_IGNORED
4176945019	50c9509d-22c7-4a22-a47d-8c48425ef4a7	https://www.inaturalist.org/observations/175358842	Animalia	Arthropoda	Malacostraca	Decapoda	Sesarmidae	Sesarma	Sesarma reticulatum		SPECIES	Sesarma reticulatum (Say, 1817)	Sesarma reticulatum		US		Florida	PRESENT		28eb1a3f-1c15-4a95-931a-4af90ecb574d	27.794978	-80.42318	4.0						2023-07-28T08:42:01	28	7	2023	2225752	2225752	HUMAN_OBSERVATION	iNaturalist	Observations	175358842		Austin Smith	2023-08-09T13:54:45	CC_BY_NC_4_0	brads59	brads59			2025-05-30T23:52:46.940Z	StillImage	COORDINATE_ROUNDED;CONTINENT_DERIVED_FROM_COORDINATES;TAXON_MATCH_TAXON_ID_IGNORED
4171840968	50c9509d-22c7-4a22-a47d-8c48425ef4a7	https://www.inaturalist.org/observations/175858418	Animalia	Arthropoda	Malacostraca	Decapoda	Sesarmidae	Sesarma	Sesarma reticulatum		SPECIES	Sesarma reticulatum (Say, 1817)	Sesarma reticulatum		US		Massachusetts	PRESENT		28eb1a3f-1c15-4a95-931a-4af90ecb574d	41.882853	-69.996662	145.0						2023-07-30T13:22:01	30	7	2023	2225752	2225752	HUMAN_OBSERVATION	iNaturalist	Observations	175858418		m107791	2023-07-31T01:37:38	CC_BY_NC_4_0	m107791	m107791			2025-05-31T00:04:41.266Z	StillImage	COORDINATE_ROUNDED;CONTINENT_DERIVED_FROM_COORDINATES;TAXON_MATCH_TAXON_ID_IGNORED
4171482356	50c9509d-22c7-4a22-a47d-8c48425ef4a7	https://www.inaturalist.org/observations/175956681	Animalia	Arthropoda	Malacostraca	Decapoda	Sesarmidae	Sesarma	Sesarma reticulatum		SPECIES	Sesarma reticulatum (Say, 1817)	Sesarma reticulatum		US		Massachusetts	PRESENT		28eb1a3f-1c15-4a95-931a-4af90ecb574d	41.52934	-70.980832	58.0						2023-06-30T10:36:47	30	6	2023	2225752	2225752	HUMAN_OBSERVATION	iNaturalist	Observations	175956681		sj_brusini	2023-07-31T16:33:44	CC_BY_NC_4_0	sj_brusini	sj_brusini			2025-05-30T22:32:37.460Z	StillImage	COORDINATE_ROUNDED;CONTINENT_DERIVED_FROM_COORDINATES;TAXON_MATCH_TAXON_ID_IGNORED
4162215903	50c9509d-22c7-4a22-a47d-8c48425ef4a7	https://www.inaturalist.org/observations/172622791	Animalia	Arthropoda	Malacostraca	Decapoda	Sesarmidae	Sesarma	Sesarma reticulatum		SPECIES	Sesarma reticulatum (Say, 1817)	Sesarma reticulatum		US		Delaware	PRESENT		28eb1a3f-1c15-4a95-931a-4af90ecb574d	38.937063	-75.319047	4493.0						2023-06-20T07:26:20	20	6	2023	2225752	2225752	HUMAN_OBSERVATION	iNaturalist	Observations	172622791		Jecy Klinkam	2023-07-13T03:59:09	CC_BY_NC_4_0	Jecy Klinkam	Jecy Klinkam			2025-05-30T23:49:55.377Z	StillImage	COORDINATE_ROUNDED;CONTINENT_DERIVED_FROM_COORDINATES;TAXON_MATCH_TAXON_ID_IGNORED
4162010988	50c9509d-22c7-4a22-a47d-8c48425ef4a7	https://www.inaturalist.org/observations/172415406	Animalia	Arthropoda	Malacostraca	Decapoda	Sesarmidae	Sesarma	Sesarma reticulatum		SPECIES	Sesarma reticulatum (Say, 1817)	Sesarma reticulatum		US		Massachusetts	PRESENT		28eb1a3f-1c15-4a95-931a-4af90ecb574d	41.880822	-70.000798	15.0						2023-07-11T09:51	11	7	2023	2225752	2225752	HUMAN_OBSERVATION	iNaturalist	Observations	172415406		Kevin Lynch	2023-07-11T22:33:39	CC_BY_4_0	Kevin Lynch	Kevin Lynch			2025-05-30T23:01:20.623Z	StillImage	COORDINATE_ROUNDED;CONTINENT_DERIVED_FROM_COORDINATES;TAXON_MATCH_TAXON_ID_IGNORED
4145439152	50c9509d-22c7-4a22-a47d-8c48425ef4a7	https://www.inaturalist.org/observations/170204962	Animalia	Arthropoda	Malacostraca	Decapoda	Sesarmidae	Sesarma	Sesarma reticulatum		SPECIES	Sesarma reticulatum (Say, 1817)	Sesarma reticulatum		US		Alabama	PRESENT		28eb1a3f-1c15-4a95-931a-4af90ecb574d	30.257416	-88.124009							2023-06-29T19:45:41	29	6	2023	2225752	2225752	HUMAN_OBSERVATION	iNaturalist	Observations	170204962		Aster	2023-06-30T00:51:08	CC_BY_NC_4_0	Aster	Aster			2025-05-31T00:16:13.558Z	StillImage	COORDINATE_ROUNDED;CONTINENT_DERIVED_FROM_COORDINATES;TAXON_MATCH_TAXON_ID_IGNORED
4138661721	50c9509d-22c7-4a22-a47d-8c48425ef4a7	https://www.inaturalist.org/observations/169824524	Animalia	Arthropoda	Malacostraca	Decapoda	Sesarmidae	Sesarma	Sesarma reticulatum		SPECIES	Sesarma reticulatum (Say, 1817)	Sesarma reticulatum		US		New York	PRESENT		28eb1a3f-1c15-4a95-931a-4af90ecb574d	40.942945	-73.486707							2023-06-26T10:52:20	26	6	2023	2225752	2225752	HUMAN_OBSERVATION	iNaturalist	Observations	169824524		Richard Aracil	2023-06-27T19:29:58	CC_BY_NC_4_0	Richard Aracil	Richard Aracil			2025-05-30T22:44:39.449Z	StillImage	COORDINATE_ROUNDED;CONTINENT_DERIVED_FROM_COORDINATES;TAXON_MATCH_TAXON_ID_IGNORED
4138308569	50c9509d-22c7-4a22-a47d-8c48425ef4a7	https://www.inaturalist.org/observations/168762493	Animalia	Arthropoda	Malacostraca	Decapoda	Sesarmidae	Sesarma	Sesarma reticulatum		SPECIES	Sesarma reticulatum (Say, 1817)	Sesarma reticulatum		US		Florida	PRESENT		28eb1a3f-1c15-4a95-931a-4af90ecb574d	29.207517	-83.062453							2023-06-21T16:27:49	21	6	2023	2225752	2225752	HUMAN_OBSERVATION	iNaturalist	Observations	168762493		TheCarnivoreConnection	2023-06-22T02:25:56	CC_BY_NC_4_0	TheCarnivoreConnection	TheCarnivoreConnection			2025-05-31T00:21:49.829Z	StillImage	COORDINATE_ROUNDED;CONTINENT_DERIVED_FROM_COORDINATES;TAXON_MATCH_TAXON_ID_IGNORED
4138238723	50c9509d-22c7-4a22-a47d-8c48425ef4a7	https://www.inaturalist.org/observations/166070718	Animalia	Arthropoda	Malacostraca	Decapoda	Sesarmidae	Sesarma	Sesarma reticulatum		SPECIES	Sesarma reticulatum (Say, 1817)	Sesarma reticulatum		US		Connecticut	PRESENT		28eb1a3f-1c15-4a95-931a-4af90ecb574d	41.258977	-72.546097	6.0						2023-06-07T09:33:37	7	6	2023	2225752	2225752	HUMAN_OBSERVATION	iNaturalist	Observations	166070718		kenbehrens	2023-06-07T14:09:29	CC_BY_NC_4_0	kenbehrens	kenbehrens			2025-05-31T00:06:04.926Z	StillImage	COORDINATE_ROUNDED;CONTINENT_DERIVED_FROM_COORDINATES;TAXON_MATCH_TAXON_ID_IGNORED
4138192664	50c9509d-22c7-4a22-a47d-8c48425ef4a7	https://www.inaturalist.org/observations/166813041	Animalia	Arthropoda	Malacostraca	Decapoda	Sesarmidae	Sesarma	Sesarma reticulatum		SPECIES	Sesarma reticulatum (Say, 1817)	Sesarma reticulatum		US		Virginia	PRESENT		28eb1a3f-1c15-4a95-931a-4af90ecb574d	37.893337	-75.37088	3.0						2023-06-08T08:38:23	8	6	2023	2225752	2225752	HUMAN_OBSERVATION	iNaturalist	Observations	166813041		brl555	2023-06-11T15:12:40	CC_BY_NC_4_0	brl555	brl555			2025-05-30T23:48:40.598Z	StillImage	COORDINATE_ROUNDED;CONTINENT_DERIVED_FROM_COORDINATES;TAXON_MATCH_TAXON_ID_IGNORED
4138000695	50c9509d-22c7-4a22-a47d-8c48425ef4a7	https://www.inaturalist.org/observations/165935022	Animalia	Arthropoda	Malacostraca	Decapoda	Sesarmidae	Sesarma	Sesarma reticulatum		SPECIES	Sesarma reticulatum (Say, 1817)	Sesarma reticulatum		US		New York	PRESENT		28eb1a3f-1c15-4a95-931a-4af90ecb574d	40.936169	-73.144173	76.0						2023-06-06T12:03:54	6	6	2023	2225752	2225752	HUMAN_OBSERVATION	iNaturalist	Observations	165935022		Scott Loarie	2023-06-06T20:43:00	CC_BY_NC_4_0	Cayla Rosenhagen	Cayla Rosenhagen			2025-05-30T23:56:13.907Z	StillImage	COORDINATE_ROUNDED;CONTINENT_DERIVED_FROM_COORDINATES;TAXON_MATCH_TAXON_ID_IGNORED
4137986508	50c9509d-22c7-4a22-a47d-8c48425ef4a7	https://www.inaturalist.org/observations/161895190	Animalia	Arthropoda	Malacostraca	Decapoda	Sesarmidae	Sesarma	Sesarma reticulatum		SPECIES	Sesarma reticulatum (Say, 1817)	Sesarma reticulatum		US		Massachusetts	PRESENT		28eb1a3f-1c15-4a95-931a-4af90ecb574d	41.880822	-70.000798	15.0						2023-05-15T11:36	15	5	2023	2225752	2225752	HUMAN_OBSERVATION	iNaturalist	Observations	161895190		Kevin Lynch	2023-05-16T00:05:02	CC_BY_4_0	Kevin Lynch	Kevin Lynch			2025-05-30T23:45:13.659Z	StillImage	COORDINATE_ROUNDED;CONTINENT_DERIVED_FROM_COORDINATES;TAXON_MATCH_TAXON_ID_IGNORED
4137947360	50c9509d-22c7-4a22-a47d-8c48425ef4a7	https://www.inaturalist.org/observations/168274789	Animalia	Arthropoda	Malacostraca	Decapoda	Sesarmidae	Sesarma	Sesarma reticulatum		SPECIES	Sesarma reticulatum (Say, 1817)	Sesarma reticulatum		US		New Jersey	PRESENT		28eb1a3f-1c15-4a95-931a-4af90ecb574d	39.553986	-74.369049	730.0						2023-06-19T07:31:26	19	6	2023	2225752	2225752	HUMAN_OBSERVATION	iNaturalist	Observations	168274789		msr	2023-06-20T14:30:21	CC_BY_NC_4_0	geoffreysyme	geoffreysyme			2025-05-30T23:45:47.265Z	StillImage	COORDINATE_ROUNDED;CONTINENT_DERIVED_FROM_COORDINATES;TAXON_MATCH_TAXON_ID_IGNORED
4137836156	50c9509d-22c7-4a22-a47d-8c48425ef4a7	https://www.inaturalist.org/observations/167960315	Animalia	Arthropoda	Malacostraca	Decapoda	Sesarmidae	Sesarma	Sesarma reticulatum		SPECIES	Sesarma reticulatum (Say, 1817)	Sesarma reticulatum		US		Massachusetts	PRESENT		28eb1a3f-1c15-4a95-931a-4af90ecb574d	41.882928	-70.003106							2023-06-16T14:59:18	16	6	2023	2225752	2225752	HUMAN_OBSERVATION	iNaturalist	Observations	167960315		jham00	2023-06-17T21:01:14	CC_BY_NC_4_0	jham00	jham00			2025-05-30T23:24:09.009Z	StillImage	COORDINATE_ROUNDED;CONTINENT_DERIVED_FROM_COORDINATES;TAXON_MATCH_TAXON_ID_IGNORED
4137756612	50c9509d-22c7-4a22-a47d-8c48425ef4a7	https://www.inaturalist.org/observations/153586816	Animalia	Arthropoda	Malacostraca	Decapoda	Sesarmidae	Sesarma	Sesarma reticulatum		SPECIES	Sesarma reticulatum (Say, 1817)	Sesarma reticulatum		US		Massachusetts	PRESENT		28eb1a3f-1c15-4a95-931a-4af90ecb574d	41.619672	-70.432847	4.0						2023-04-03T15:28:08	3	4	2023	2225752	2225752	HUMAN_OBSERVATION	iNaturalist	Observations	153586816		Chris Grove	2023-04-05T17:29:59	CC_BY_NC_4_0	Chris Grove	Chris Grove			2025-05-31T01:01:17.528Z	StillImage	COORDINATE_ROUNDED;CONTINENT_DERIVED_FROM_COORDINATES;TAXON_MATCH_TAXON_ID_IGNORED
4137734634	50c9509d-22c7-4a22-a47d-8c48425ef4a7	https://www.inaturalist.org/observations/161895493	Animalia	Arthropoda	Malacostraca	Decapoda	Sesarmidae	Sesarma	Sesarma reticulatum		SPECIES	Sesarma reticulatum (Say, 1817)	Sesarma reticulatum		US		Massachusetts	PRESENT		28eb1a3f-1c15-4a95-931a-4af90ecb574d	41.880822	-70.000798	15.0						2023-05-15T11:45	15	5	2023	2225752	2225752	HUMAN_OBSERVATION	iNaturalist	Observations	161895493		Kevin Lynch	2023-05-16T00:07:23	CC_BY_4_0	Kevin Lynch	Kevin Lynch			2025-05-30T23:51:18.529Z	StillImage	COORDINATE_ROUNDED;CONTINENT_DERIVED_FROM_COORDINATES;TAXON_MATCH_TAXON_ID_IGNORED
4137638996	50c9509d-22c7-4a22-a47d-8c48425ef4a7	https://www.inaturalist.org/observations/166353259	Animalia	Arthropoda	Malacostraca	Decapoda	Sesarmidae	Sesarma	Sesarma reticulatum		SPECIES	Sesarma reticulatum (Say, 1817)	Sesarma reticulatum		US		Louisiana	PRESENT		28eb1a3f-1c15-4a95-931a-4af90ecb574d	29.254941	-90.661866	24.0						2023-06-08T21:25:53	8	6	2023	2225752	2225752	HUMAN_OBSERVATION	iNaturalist	Observations	166353259		Scott Loarie	2023-06-09T17:12:35	CC_BY_NC_4_0	deblillie	deblillie			2025-05-30T22:41:07.132Z	StillImage	COORDINATE_ROUNDED;CONTINENT_DERIVED_FROM_COORDINATES;TAXON_MATCH_TAXON_ID_IGNORED
4133955432	50c9509d-22c7-4a22-a47d-8c48425ef4a7	https://www.inaturalist.org/observations/167254924	Animalia	Arthropoda	Malacostraca	Decapoda	Sesarmidae	Sesarma	Sesarma reticulatum		SPECIES	Sesarma reticulatum (Say, 1817)	Sesarma reticulatum		US		Massachusetts	PRESENT		28eb1a3f-1c15-4a95-931a-4af90ecb574d	41.930547	-70.030975	7667.0						2023-06-13T15:05	13	6	2023	2225752	2225752	HUMAN_OBSERVATION	iNaturalist	Observations	167254924		wm6418	2023-06-13T20:35:52	CC_BY_NC_4_0	wm6418	wm6418			2025-05-31T00:59:30.147Z	StillImage	COORDINATE_ROUNDED;CONTINENT_DERIVED_FROM_COORDINATES;TAXON_MATCH_TAXON_ID_IGNORED
4127304906	50c9509d-22c7-4a22-a47d-8c48425ef4a7	https://www.inaturalist.org/observations/164572912	Animalia	Arthropoda	Malacostraca	Decapoda	Sesarmidae	Sesarma	Sesarma reticulatum		SPECIES	Sesarma reticulatum (Say, 1817)	Sesarma reticulatum		US		New Jersey	PRESENT		28eb1a3f-1c15-4a95-931a-4af90ecb574d	39.058608	-74.773919	2.0						2023-05-28T13:26	28	5	2023	2225752	2225752	HUMAN_OBSERVATION	iNaturalist	Observations	164572912		Etienne Falquet	2023-05-30T03:51:42	CC0_1_0	Etienne Falquet	Etienne Falquet			2025-05-30T23:39:28.738Z	StillImage	COORDINATE_ROUNDED;CONTINENT_DERIVED_FROM_COORDINATES;TAXON_MATCH_TAXON_ID_IGNORED
4127251246	50c9509d-22c7-4a22-a47d-8c48425ef4a7	https://www.inaturalist.org/observations/161175018	Animalia	Arthropoda	Malacostraca	Decapoda	Sesarmidae	Sesarma	Sesarma reticulatum		SPECIES	Sesarma reticulatum (Say, 1817)	Sesarma reticulatum		US		Delaware	PRESENT		28eb1a3f-1c15-4a95-931a-4af90ecb574d	39.160048	-75.44439	8.0						2023-05-07T12:03	7	5	2023	2225752	2225752	HUMAN_OBSERVATION	iNaturalist	Observations	161175018		inbetweenbays	2023-05-12T02:31:29	CC_BY_4_0	inbetweenbays	inbetweenbays			2025-05-31T00:03:47.593Z	StillImage	COORDINATE_ROUNDED;CONTINENT_DERIVED_FROM_COORDINATES;TAXON_MATCH_TAXON_ID_IGNORED
4126698650	50c9509d-22c7-4a22-a47d-8c48425ef4a7	https://www.inaturalist.org/observations/161616882	Animalia	Arthropoda	Malacostraca	Decapoda	Sesarmidae	Sesarma	Sesarma reticulatum		SPECIES	Sesarma reticulatum (Say, 1817)	Sesarma reticulatum		US		Texas	PRESENT		28eb1a3f-1c15-4a95-931a-4af90ecb574d	28.639519	-96.451158	4.0						2023-05-13T16:31	13	5	2023	2225752	2225752	HUMAN_OBSERVATION	iNaturalist	Observations	161616882		John Maresh	2023-05-14T15:32:41	CC_BY_NC_4_0	John Maresh	John Maresh			2025-05-30T23:30:38.953Z	StillImage	COORDINATE_ROUNDED;CONTINENT_DERIVED_FROM_COORDINATES;TAXON_MATCH_TAXON_ID_IGNORED
4116635303	50c9509d-22c7-4a22-a47d-8c48425ef4a7	https://www.inaturalist.org/observations/161175370	Animalia	Arthropoda	Malacostraca	Decapoda	Sesarmidae	Sesarma	Sesarma reticulatum		SPECIES	Sesarma reticulatum (Say, 1817)	Sesarma reticulatum		US		Delaware	PRESENT		28eb1a3f-1c15-4a95-931a-4af90ecb574d	39.160068	-75.444159	8.0						2023-05-07T11:59	7	5	2023	2225752	2225752	HUMAN_OBSERVATION	iNaturalist	Observations	161175370		inbetweenbays	2023-05-12T02:35:15	CC_BY_4_0	inbetweenbays	inbetweenbays			2025-05-30T22:37:18.969Z	StillImage	COORDINATE_ROUNDED;CONTINENT_DERIVED_FROM_COORDINATES;TAXON_MATCH_TAXON_ID_IGNORED
4080597055	50c9509d-22c7-4a22-a47d-8c48425ef4a7	https://www.inaturalist.org/observations/153867947	Animalia	Arthropoda	Malacostraca	Decapoda	Sesarmidae	Sesarma	Sesarma reticulatum		SPECIES	Sesarma reticulatum (Say, 1817)	Sesarma reticulatum		US		Mississippi	PRESENT		28eb1a3f-1c15-4a95-931a-4af90ecb574d	30.356194	-88.68	4.0						2023-04-07T14:10	7	4	2023	2225752	2225752	HUMAN_OBSERVATION	iNaturalist	Observations	153867947		Janet Wright	2023-04-07T22:57:42	CC_BY_NC_4_0	Janet Wright	Janet Wright			2025-05-30T23:53:54.728Z	StillImage	COORDINATE_ROUNDED;CONTINENT_DERIVED_FROM_COORDINATES;TAXON_MATCH_TAXON_ID_IGNORED
4022339566	50c9509d-22c7-4a22-a47d-8c48425ef4a7	https://www.inaturalist.org/observations/147108745	Animalia	Arthropoda	Malacostraca	Decapoda	Sesarmidae	Sesarma	Sesarma reticulatum		SPECIES	Sesarma reticulatum (Say, 1817)	Sesarma reticulatum		US		New Jersey	PRESENT		28eb1a3f-1c15-4a95-931a-4af90ecb574d	39.09055	-74.900407	61.0						2009-05-26T09:29	26	5	2009	2225752	2225752	HUMAN_OBSERVATION	iNaturalist	Observations	147108745		Christophe Buidin	2023-01-22T13:43:23	CC_BY_NC_4_0	Christophe Buidin	Christophe Buidin			2025-05-31T01:08:08.204Z	StillImage	COORDINATE_ROUNDED;CONTINENT_DERIVED_FROM_COORDINATES;TAXON_MATCH_TAXON_ID_IGNORED
3966703335	50c9509d-22c7-4a22-a47d-8c48425ef4a7	https://www.inaturalist.org/observations/142070751	Animalia	Arthropoda	Malacostraca	Decapoda	Sesarmidae	Sesarma	Sesarma reticulatum		SPECIES	Sesarma reticulatum (Say, 1817)	Sesarma reticulatum		US		Florida	PRESENT		28eb1a3f-1c15-4a95-931a-4af90ecb574d	30.078233	-84.182938	4.0						2022-11-14T16:24:19	14	11	2022	2225752	2225752	HUMAN_OBSERVATION	iNaturalist	Observations	142070751		Peter Wilson	2022-11-15T15:02:15	CC_BY_NC_4_0	Peter Wilson	Peter Wilson			2025-05-31T01:00:40.327Z	StillImage	COORDINATE_ROUNDED;CONTINENT_DERIVED_FROM_COORDINATES;TAXON_MATCH_TAXON_ID_IGNORED
3961361718	50c9509d-22c7-4a22-a47d-8c48425ef4a7	https://www.inaturalist.org/observations/139807347	Animalia	Arthropoda	Malacostraca	Decapoda	Sesarmidae	Sesarma	Sesarma reticulatum		SPECIES	Sesarma reticulatum (Say, 1817)	Sesarma reticulatum		US		Florida	PRESENT		28eb1a3f-1c15-4a95-931a-4af90ecb574d	26.538661	-81.921768	808.0						2022-10-23T18:19:52	23	10	2022	2225752	2225752	HUMAN_OBSERVATION	iNaturalist	Observations	139807347		Austin Smith	2022-10-24T12:55:35	CC_BY_NC_4_0	crabait	crabait			2025-05-31T00:19:00.953Z	StillImage	COORDINATE_ROUNDED;CONTINENT_DERIVED_FROM_COORDINATES;TAXON_MATCH_TAXON_ID_IGNORED
3947759738	50c9509d-22c7-4a22-a47d-8c48425ef4a7	https://www.inaturalist.org/observations/132003370	Animalia	Arthropoda	Malacostraca	Decapoda	Sesarmidae	Sesarma	Sesarma reticulatum		SPECIES	Sesarma reticulatum (Say, 1817)	Sesarma reticulatum		US		Massachusetts	PRESENT		28eb1a3f-1c15-4a95-931a-4af90ecb574d	41.882745	-70.002578	4.0						2022-08-22T17:29:43	22	8	2022	2225752	2225752	HUMAN_OBSERVATION	iNaturalist	Observations	132003370		gwt2102	2022-08-23T13:15:02	CC_BY_NC_4_0	gwt2102	gwt2102			2025-05-31T00:07:59.020Z	StillImage	COORDINATE_ROUNDED;CONTINENT_DERIVED_FROM_COORDINATES;TAXON_MATCH_TAXON_ID_IGNORED
3947724538	50c9509d-22c7-4a22-a47d-8c48425ef4a7	https://www.inaturalist.org/observations/114439725	Animalia	Arthropoda	Malacostraca	Decapoda	Sesarmidae	Sesarma	Sesarma reticulatum		SPECIES	Sesarma reticulatum (Say, 1817)	Sesarma reticulatum		US		Texas	PRESENT		28eb1a3f-1c15-4a95-931a-4af90ecb574d	29.225629	-94.931707	801.0						2022-05-01T12:43:48	1	5	2022	2225752	2225752	HUMAN_OBSERVATION	iNaturalist	Observations	114439725		Austin Smith	2022-09-02T13:13:10	CC_BY_NC_4_0	texslm	texslm			2025-05-30T23:21:39.588Z	StillImage	COORDINATE_ROUNDED;CONTINENT_DERIVED_FROM_COORDINATES;TAXON_MATCH_TAXON_ID_IGNORED
3947695724	50c9509d-22c7-4a22-a47d-8c48425ef4a7	https://www.inaturalist.org/observations/130623393	Animalia	Arthropoda	Malacostraca	Decapoda	Sesarmidae	Sesarma	Sesarma reticulatum		SPECIES	Sesarma reticulatum (Say, 1817)	Sesarma reticulatum		US		Virginia	PRESENT		28eb1a3f-1c15-4a95-931a-4af90ecb574d	37.923968	-75.365618							2022-08-12T22:09:11	12	8	2022	2225752	2225752	HUMAN_OBSERVATION	iNaturalist	Observations	130623393		P auritus	2022-08-13T13:28:22	CC_BY_NC_4_0	P auritus	P auritus			2025-05-30T23:02:35.568Z	StillImage	COORDINATE_ROUNDED;CONTINENT_DERIVED_FROM_COORDINATES;TAXON_MATCH_TAXON_ID_IGNORED
3947339370	50c9509d-22c7-4a22-a47d-8c48425ef4a7	https://www.inaturalist.org/observations/52880553	Animalia	Arthropoda	Malacostraca	Decapoda	Sesarmidae	Sesarma	Sesarma reticulatum		SPECIES	Sesarma reticulatum (Say, 1817)	Sesarma reticulatum		US		Florida	PRESENT		28eb1a3f-1c15-4a95-931a-4af90ecb574d	30.091698	-85.635978	2500.0						2020-07-12T14:00	12	7	2020	2225752	2225752	HUMAN_OBSERVATION	iNaturalist	Observations	52880553		Austin Smith	2022-06-10T15:45:22	CC_BY_NC_4_0	mprohaski	mprohaski			2025-05-30T23:54:55.769Z	StillImage	COORDINATE_ROUNDED;CONTINENT_DERIVED_FROM_COORDINATES;TAXON_MATCH_TAXON_ID_IGNORED
3947234883	50c9509d-22c7-4a22-a47d-8c48425ef4a7	https://www.inaturalist.org/observations/136501039	Animalia	Arthropoda	Malacostraca	Decapoda	Sesarmidae	Sesarma	Sesarma reticulatum		SPECIES	Sesarma reticulatum (Say, 1817)	Sesarma reticulatum		US		Florida	PRESENT		28eb1a3f-1c15-4a95-931a-4af90ecb574d	28.907781	-82.63215	4.0						2022-09-25T11:19	25	9	2022	2225752	2225752	HUMAN_OBSERVATION	iNaturalist	Observations	136501039		Austin Smith	2022-09-26T12:58:50	CC_BY_NC_4_0	letsgobirding	letsgobirding			2025-05-30T22:59:27.854Z	StillImage	COORDINATE_ROUNDED;CONTINENT_DERIVED_FROM_COORDINATES;TAXON_MATCH_TAXON_ID_IGNORED
3947065679	50c9509d-22c7-4a22-a47d-8c48425ef4a7	https://www.inaturalist.org/observations/126571348	Animalia	Arthropoda	Malacostraca	Decapoda	Sesarmidae	Sesarma	Sesarma reticulatum		SPECIES	Sesarma reticulatum (Say, 1817)	Sesarma reticulatum		US		Delaware	PRESENT		28eb1a3f-1c15-4a95-931a-4af90ecb574d	39.160384	-75.444258	4.0						2022-07-14T09:57	14	7	2022	2225752	2225752	HUMAN_OBSERVATION	iNaturalist	Observations	126571348		inbetweenbays	2022-07-17T00:48:30	CC_BY_4_0	inbetweenbays	inbetweenbays			2025-05-30T22:29:26.691Z	StillImage	COORDINATE_ROUNDED;CONTINENT_DERIVED_FROM_COORDINATES;TAXON_MATCH_TAXON_ID_IGNORED
3947057372	50c9509d-22c7-4a22-a47d-8c48425ef4a7	https://www.inaturalist.org/observations/54366972	Animalia	Arthropoda	Malacostraca	Decapoda	Sesarmidae	Sesarma	Sesarma reticulatum		SPECIES	Sesarma reticulatum (Say, 1817)	Sesarma reticulatum		US		Texas	PRESENT		28eb1a3f-1c15-4a95-931a-4af90ecb574d	28.129804	-96.984223	24.0						2020-07-23T01:24:41	23	7	2020	2225752	2225752	HUMAN_OBSERVATION	iNaturalist	Observations	54366972		Austin Smith	2022-06-29T19:40:24	CC_BY_4_0	Cody Stricker	Cody Stricker			2025-05-31T00:13:50.809Z	StillImage	COORDINATE_ROUNDED;CONTINENT_DERIVED_FROM_COORDINATES;TAXON_MATCH_TAXON_ID_IGNORED
3903253830	50c9509d-22c7-4a22-a47d-8c48425ef4a7	https://www.inaturalist.org/observations/132409908	Animalia	Arthropoda	Malacostraca	Decapoda	Sesarmidae	Sesarma	Sesarma reticulatum		SPECIES	Sesarma reticulatum (Say, 1817)	Sesarma reticulatum		US		Massachusetts	PRESENT		28eb1a3f-1c15-4a95-931a-4af90ecb574d	41.896812	-69.999742	4.0						2022-08-26T09:23:33	26	8	2022	2225752	2225752	HUMAN_OBSERVATION	iNaturalist	Observations	132409908		gwt2102	2022-08-26T14:42:09	CC_BY_NC_4_0	gwt2102	gwt2102			2025-05-31T01:04:03.499Z	StillImage	COORDINATE_ROUNDED;CONTINENT_DERIVED_FROM_COORDINATES;TAXON_MATCH_TAXON_ID_IGNORED
3903244417	50c9509d-22c7-4a22-a47d-8c48425ef4a7	https://www.inaturalist.org/observations/134119210	Animalia	Arthropoda	Malacostraca	Decapoda	Sesarmidae	Sesarma	Sesarma reticulatum		SPECIES	Sesarma reticulatum (Say, 1817)	Sesarma reticulatum		US		New Jersey	PRESENT		28eb1a3f-1c15-4a95-931a-4af90ecb574d	39.071353	-74.907922	6.0						2022-09-07T21:37:04	7	9	2022	2225752	2225752	HUMAN_OBSERVATION	iNaturalist	Observations	134119210		Austin Smith	2022-09-08T12:14:48	CC_BY_NC_4_0	charcat9	charcat9			2025-05-30T22:35:36.038Z	StillImage	COORDINATE_ROUNDED;CONTINENT_DERIVED_FROM_COORDINATES;TAXON_MATCH_TAXON_ID_IGNORED
3888809302	50c9509d-22c7-4a22-a47d-8c48425ef4a7	http://www.inaturalist.org/observations/1617073	Animalia	Arthropoda	Malacostraca	Decapoda	Sesarmidae	Sesarma	Sesarma reticulatum		SPECIES	Sesarma reticulatum (Say, 1817)	Sesarma reticulatum		US		Texas	PRESENT		28eb1a3f-1c15-4a95-931a-4af90ecb574d	29.57804	-94.55602	15.0						2015-06-06T20:18:23	6	6	2015	2225752	2225752	HUMAN_OBSERVATION	iNaturalist	Observations	1617073		Mike Gigliotti	2019-10-29T17:28:16	CC0_1_0	Cullen Hanks	Cullen Hanks			2025-05-30T22:17:11.627Z	StillImage	CONTINENT_DERIVED_FROM_COORDINATES;TAXON_MATCH_TAXON_ID_IGNORED
3888742329	50c9509d-22c7-4a22-a47d-8c48425ef4a7	https://www.inaturalist.org/observations/49053196	Animalia	Arthropoda	Malacostraca	Decapoda	Sesarmidae	Sesarma	Sesarma reticulatum		SPECIES	Sesarma reticulatum (Say, 1817)	Sesarma reticulatum		US		Delaware	PRESENT		28eb1a3f-1c15-4a95-931a-4af90ecb574d	39.329914	-75.465813							2020-06-07T14:40	7	6	2020	2225752	2225752	HUMAN_OBSERVATION	iNaturalist	Observations	49053196		Scott Loarie	2020-09-30T01:58:09	CC_BY_NC_4_0	Cameron Hartley	Cameron Hartley			2025-05-30T22:55:32.564Z		COORDINATE_ROUNDED;CONTINENT_DERIVED_FROM_COORDINATES;TAXON_MATCH_TAXON_ID_IGNORED
3873665780	50c9509d-22c7-4a22-a47d-8c48425ef4a7	https://www.inaturalist.org/observations/125661880	Animalia	Arthropoda	Malacostraca	Decapoda	Sesarmidae	Sesarma	Sesarma reticulatum		SPECIES	Sesarma reticulatum (Say, 1817)	Sesarma reticulatum		US		Massachusetts	PRESENT		28eb1a3f-1c15-4a95-931a-4af90ecb574d	41.911572	-70.107166	27723.0						2022-07-10T10:22:59	10	7	2022	2225752	2225752	HUMAN_OBSERVATION	iNaturalist	Observations	125661880		Austin Smith	2022-07-11T15:19:14	CC_BY_NC_4_0	margles411	margles411			2025-05-30T23:11:40.344Z	StillImage	COORDINATE_ROUNDED;CONTINENT_DERIVED_FROM_COORDINATES;TAXON_MATCH_TAXON_ID_IGNORED
3873395740	50c9509d-22c7-4a22-a47d-8c48425ef4a7	https://www.inaturalist.org/observations/126292365	Animalia	Arthropoda	Malacostraca	Decapoda	Sesarmidae	Sesarma	Sesarma reticulatum		SPECIES	Sesarma reticulatum (Say, 1817)	Sesarma reticulatum		US		Delaware	PRESENT		28eb1a3f-1c15-4a95-931a-4af90ecb574d	39.159974	-75.444878	2.0						2022-07-14T10:18	14	7	2022	2225752	2225752	HUMAN_OBSERVATION	iNaturalist	Observations	126292365		Valentin de Mazancourt	2022-07-15T06:43:05	CC_BY_4_0	inbetweenbays	inbetweenbays			2025-05-30T22:31:12.618Z	StillImage	COORDINATE_ROUNDED;CONTINENT_DERIVED_FROM_COORDINATES;TAXON_MATCH_TAXON_ID_IGNORED
3873300193	50c9509d-22c7-4a22-a47d-8c48425ef4a7	https://www.inaturalist.org/observations/126479354	Animalia	Arthropoda	Malacostraca	Decapoda	Sesarmidae	Sesarma	Sesarma reticulatum		SPECIES	Sesarma reticulatum (Say, 1817)	Sesarma reticulatum		US		Florida	PRESENT		28eb1a3f-1c15-4a95-931a-4af90ecb574d	27.847897	-82.60698	7.0						2022-07-16T08:07:52	16	7	2022	2225752	2225752	HUMAN_OBSERVATION	iNaturalist	Observations	126479354		Liz Childress	2022-07-18T11:43:53	CC_BY_NC_4_0	Liz Childress	Liz Childress			2025-05-30T23:37:44.816Z	StillImage	COORDINATE_ROUNDED;CONTINENT_DERIVED_FROM_COORDINATES;TAXON_MATCH_TAXON_ID_IGNORED
3859574597	50c9509d-22c7-4a22-a47d-8c48425ef4a7	https://www.inaturalist.org/observations/123891789	Animalia	Arthropoda	Malacostraca	Decapoda	Sesarmidae	Sesarma	Sesarma reticulatum		SPECIES	Sesarma reticulatum (Say, 1817)	Sesarma reticulatum		US		Massachusetts	PRESENT		28eb1a3f-1c15-4a95-931a-4af90ecb574d	41.880822	-70.000798	15.0						2022-06-28T09:34	28	6	2022	2225752	2225752	HUMAN_OBSERVATION	iNaturalist	Observations	123891789		Kevin Lynch	2022-06-28T22:09:26	CC_BY_4_0	Kevin Lynch	Kevin Lynch			2025-05-30T23:16:39.341Z	StillImage	COORDINATE_ROUNDED;CONTINENT_DERIVED_FROM_COORDINATES;TAXON_MATCH_TAXON_ID_IGNORED
3858812539	50c9509d-22c7-4a22-a47d-8c48425ef4a7	https://www.inaturalist.org/observations/120497484	Animalia	Arthropoda	Malacostraca	Decapoda	Sesarmidae	Sesarma	Sesarma reticulatum		SPECIES	Sesarma reticulatum (Say, 1817)	Sesarma reticulatum		US		New York	PRESENT		28eb1a3f-1c15-4a95-931a-4af90ecb574d	40.963569	-73.140492	716.0						2022-06-05T17:07	5	6	2022	2225752	2225752	HUMAN_OBSERVATION	iNaturalist	Observations	120497484		Troy Parla	2022-06-06T12:16:36	CC_BY_NC_4_0	Troy Parla	Troy Parla			2025-05-30T22:35:51.596Z	StillImage	COORDINATE_ROUNDED;CONTINENT_DERIVED_FROM_COORDINATES;TAXON_MATCH_TAXON_ID_IGNORED
3858274323	50c9509d-22c7-4a22-a47d-8c48425ef4a7	https://www.inaturalist.org/observations/7521431	Animalia	Arthropoda	Malacostraca	Decapoda	Sesarmidae	Sesarma	Sesarma reticulatum		SPECIES	Sesarma reticulatum (Say, 1817)	Sesarma reticulatum		US		Florida	PRESENT		28eb1a3f-1c15-4a95-931a-4af90ecb574d	30.310287	-87.417345							2017-08-16T13:18:47	16	8	2017	2225752	2225752	HUMAN_OBSERVATION	iNaturalist	Observations	7521431		Scott Loarie	2018-07-06T05:50:31	CC_BY_NC_4_0	Jess Lucas	Jess Lucas			2025-05-30T23:51:07.609Z	StillImage	COORDINATE_ROUNDED;CONTINENT_DERIVED_FROM_COORDINATES;TAXON_MATCH_TAXON_ID_IGNORED
3858186402	50c9509d-22c7-4a22-a47d-8c48425ef4a7	https://www.inaturalist.org/observations/32351640	Animalia	Arthropoda	Malacostraca	Decapoda	Sesarmidae	Sesarma	Sesarma reticulatum		SPECIES	Sesarma reticulatum (Say, 1817)	Sesarma reticulatum		US		Georgia	PRESENT		28eb1a3f-1c15-4a95-931a-4af90ecb574d	32.014319	-80.881447	646.0						2019-05-18T19:08:21	18	5	2019	2225752	2225752	HUMAN_OBSERVATION	iNaturalist	Observations	32351640		Mike Gigliotti	2019-10-27T05:27:28	CC_BY_NC_4_0	kjamesrtr	kjamesrtr			2025-05-30T22:43:30.428Z	StillImage	COORDINATE_ROUNDED;CONTINENT_DERIVED_FROM_COORDINATES;TAXON_MATCH_TAXON_ID_IGNORED
3802687429	50c9509d-22c7-4a22-a47d-8c48425ef4a7	https://www.inaturalist.org/observations/113499309	Animalia	Arthropoda	Malacostraca	Decapoda	Sesarmidae	Sesarma	Sesarma reticulatum		SPECIES	Sesarma reticulatum (Say, 1817)	Sesarma reticulatum		US		Delaware	PRESENT		28eb1a3f-1c15-4a95-931a-4af90ecb574d	39.029853	-75.359883	197.0						2020-06-07T00:46:36	7	6	2020	2225752	2225752	HUMAN_OBSERVATION	iNaturalist	Observations	113499309		aaronr	2022-04-29T18:32:31	CC_BY_NC_4_0	aaronr	aaronr			2025-05-31T00:07:22.873Z	StillImage	COORDINATE_ROUNDED;CONTINENT_DERIVED_FROM_COORDINATES;TAXON_MATCH_TAXON_ID_IGNORED
3802664445	50c9509d-22c7-4a22-a47d-8c48425ef4a7	https://www.inaturalist.org/observations/113497676	Animalia	Arthropoda	Malacostraca	Decapoda	Sesarmidae	Sesarma	Sesarma reticulatum		SPECIES	Sesarma reticulatum (Say, 1817)	Sesarma reticulatum		US		Delaware	PRESENT		28eb1a3f-1c15-4a95-931a-4af90ecb574d	39.029585	-75.359862	154.0						2020-06-07T00:49:46	7	6	2020	2225752	2225752	HUMAN_OBSERVATION	iNaturalist	Observations	113497676		aaronr	2022-04-29T18:32:33	CC_BY_NC_4_0	aaronr	aaronr			2025-05-31T01:00:17.841Z	StillImage	COORDINATE_ROUNDED;CONTINENT_DERIVED_FROM_COORDINATES;TAXON_MATCH_TAXON_ID_IGNORED
3802642310	50c9509d-22c7-4a22-a47d-8c48425ef4a7	https://www.inaturalist.org/observations/26384180	Animalia	Arthropoda	Malacostraca	Decapoda	Sesarmidae	Sesarma	Sesarma reticulatum		SPECIES	Sesarma reticulatum (Say, 1817)	Sesarma reticulatum		US		Louisiana	PRESENT		28eb1a3f-1c15-4a95-931a-4af90ecb574d	29.440077	-89.71483	1117.0						2019-06-03T10:05:14	3	6	2019	2225752	2225752	HUMAN_OBSERVATION	iNaturalist	Observations	26384180		Scott Loarie	2020-09-29T05:31:17	CC_BY_NC_4_0	Taylor Parker	Taylor Parker			2025-05-30T23:57:47.353Z	StillImage	COORDINATE_ROUNDED;CONTINENT_DERIVED_FROM_COORDINATES;TAXON_MATCH_TAXON_ID_IGNORED
3802594375	50c9509d-22c7-4a22-a47d-8c48425ef4a7	https://www.inaturalist.org/observations/89140250	Animalia	Arthropoda	Malacostraca	Decapoda	Sesarmidae	Sesarma	Sesarma reticulatum		SPECIES	Sesarma reticulatum (Say, 1817)	Sesarma reticulatum		US		Florida	PRESENT		28eb1a3f-1c15-4a95-931a-4af90ecb574d	29.846656	-85.330614	35.0						2021-07-29T18:48:30	29	7	2021	2225752	2225752	HUMAN_OBSERVATION	iNaturalist	Observations	89140250		Scott Loarie	2022-04-22T03:33:15	CC_BY_NC_4_0	Chris Brown	Chris Brown			2025-05-31T00:08:31.844Z	StillImage	COORDINATE_ROUNDED;CONTINENT_DERIVED_FROM_COORDINATES;TAXON_MATCH_TAXON_ID_IGNORED
3784784543	50c9509d-22c7-4a22-a47d-8c48425ef4a7	https://www.inaturalist.org/observations/116979576	Animalia	Arthropoda	Malacostraca	Decapoda	Sesarmidae	Sesarma	Sesarma reticulatum		SPECIES	Sesarma reticulatum (Say, 1817)	Sesarma reticulatum		US		Florida	PRESENT		28eb1a3f-1c15-4a95-931a-4af90ecb574d	28.523655	-82.636413	72.0						2022-05-13T18:54	13	5	2022	2225752	2225752	HUMAN_OBSERVATION	iNaturalist	Observations	116979576		Jared Gorrell	2022-05-17T02:30:46	CC_BY_4_0	Leila Dasher	Leila Dasher			2025-05-30T22:36:46.108Z	StillImage	COORDINATE_ROUNDED;CONTINENT_DERIVED_FROM_COORDINATES;TAXON_MATCH_TAXON_ID_IGNORED
3760225777	50c9509d-22c7-4a22-a47d-8c48425ef4a7	https://www.inaturalist.org/observations/111200410	Animalia	Arthropoda	Malacostraca	Decapoda	Sesarmidae	Sesarma	Sesarma reticulatum		SPECIES	Sesarma reticulatum (Say, 1817)	Sesarma reticulatum		US		Massachusetts	PRESENT		28eb1a3f-1c15-4a95-931a-4af90ecb574d	41.923052	-70.067846							2022-04-10T14:08:45	10	4	2022	2225752	2225752	HUMAN_OBSERVATION	iNaturalist	Observations	111200410		Scott Loarie	2022-04-12T20:42:23	CC_BY_NC_4_0	Micki Colbeck	Micki Colbeck			2025-05-30T22:53:06.205Z	StillImage	COORDINATE_ROUNDED;CONTINENT_DERIVED_FROM_COORDINATES;TAXON_MATCH_TAXON_ID_IGNORED
3759230084	50c9509d-22c7-4a22-a47d-8c48425ef4a7	https://www.inaturalist.org/observations/110579782	Animalia	Arthropoda	Malacostraca	Decapoda	Sesarmidae	Sesarma	Sesarma reticulatum		SPECIES	Sesarma reticulatum (Say, 1817)	Sesarma reticulatum		US		New York	PRESENT		28eb1a3f-1c15-4a95-931a-4af90ecb574d	40.907993	-73.237569							2022-04-05T21:18:01	5	4	2022	2225752	2225752	HUMAN_OBSERVATION	iNaturalist	Observations	110579782		Scott Loarie	2022-04-06T17:11:45	CC_BY_NC_4_0	Troy Parla	Troy Parla			2025-05-30T23:19:54.621Z	StillImage	COORDINATE_ROUNDED;CONTINENT_DERIVED_FROM_COORDINATES;TAXON_MATCH_TAXON_ID_IGNORED
3712654410	50c9509d-22c7-4a22-a47d-8c48425ef4a7	https://www.inaturalist.org/observations/87914137	Animalia	Arthropoda	Malacostraca	Decapoda	Sesarmidae	Sesarma	Sesarma reticulatum		SPECIES	Sesarma reticulatum (Say, 1817)	Sesarma reticulatum		US		New York	PRESENT		28eb1a3f-1c15-4a95-931a-4af90ecb574d	40.582292	-73.914872	10.0						2021-07-20T16:06:33	20	7	2021	2225752	2225752	HUMAN_OBSERVATION	iNaturalist	Observations	87914137		Scott Loarie	2022-03-10T23:33:15	CC_BY_NC_4_0	urbanwoods	urbanwoods			2025-05-30T23:20:45.249Z	StillImage	COORDINATE_ROUNDED;CONTINENT_DERIVED_FROM_COORDINATES;TAXON_MATCH_TAXON_ID_IGNORED
3712442462	50c9509d-22c7-4a22-a47d-8c48425ef4a7	https://www.inaturalist.org/observations/107000685	Animalia	Arthropoda	Malacostraca	Decapoda	Sesarmidae	Sesarma	Sesarma reticulatum		SPECIES	Sesarma reticulatum (Say, 1817)	Sesarma reticulatum		US		Florida	PRESENT		28eb1a3f-1c15-4a95-931a-4af90ecb574d	28.521255	-82.635863	10.0						2022-02-18T10:34:28	18	2	2022	2225752	2225752	HUMAN_OBSERVATION	iNaturalist	Observations	107000685		Scott Loarie	2022-02-23T19:43:37	CC_BY_NC_4_0	Miles Conley	Miles Conley			2025-05-31T00:56:33.666Z	StillImage	COORDINATE_ROUNDED;CONTINENT_DERIVED_FROM_COORDINATES;TAXON_MATCH_TAXON_ID_IGNORED
3384370553	50c9509d-22c7-4a22-a47d-8c48425ef4a7	https://www.inaturalist.org/observations/61264882	Animalia	Arthropoda	Malacostraca	Decapoda	Sesarmidae	Sesarma	Sesarma reticulatum		SPECIES	Sesarma reticulatum (Say, 1817)	Sesarma reticulatum		US		New Jersey	PRESENT		28eb1a3f-1c15-4a95-931a-4af90ecb574d	39.121565	-74.884847	80.0						2020-09-28T10:42:01	28	9	2020	2225752	2225752	HUMAN_OBSERVATION	iNaturalist	Observations	61264882		Yianni Laskaris	2020-09-30T00:59:59	CC_BY_NC_4_0	Yianni Laskaris	Yianni Laskaris			2025-05-30T23:46:58.579Z	StillImage	COORDINATE_ROUNDED;CONTINENT_DERIVED_FROM_COORDINATES;TAXON_MATCH_TAXON_ID_IGNORED
3383850779	50c9509d-22c7-4a22-a47d-8c48425ef4a7	https://www.inaturalist.org/observations/83501958	Animalia	Arthropoda	Malacostraca	Decapoda	Sesarmidae	Sesarma	Sesarma reticulatum		SPECIES	Sesarma reticulatum (Say, 1817)	Sesarma reticulatum		US		Massachusetts	PRESENT		28eb1a3f-1c15-4a95-931a-4af90ecb574d	41.882964	-70.003289							2021-06-16T12:05:47Z	16	6	2021	2225752	2225752	HUMAN_OBSERVATION	iNaturalist	Observations	83501958		Scott Loarie	2021-08-25T14:46:20	CC_BY_NC_4_0	Michaela Kanarek	Michaela Kanarek			2025-05-30T23:51:29.504Z	StillImage	COORDINATE_ROUNDED;CONTINENT_DERIVED_FROM_COORDINATES;TAXON_MATCH_TAXON_ID_IGNORED
3344036492	50c9509d-22c7-4a22-a47d-8c48425ef4a7	https://www.inaturalist.org/observations/92230955	Animalia	Arthropoda	Malacostraca	Decapoda	Sesarmidae	Sesarma	Sesarma reticulatum		SPECIES	Sesarma reticulatum (Say, 1817)	Sesarma reticulatum		US		Louisiana	PRESENT		28eb1a3f-1c15-4a95-931a-4af90ecb574d	30.330688	-90.349518	29382.0						2021-08-23T07:59:58	23	8	2021	2225752	2225752	HUMAN_OBSERVATION	iNaturalist	Observations	92230955		Scott Loarie	2021-08-25T14:37:42	CC_BY_NC_4_0	dakotahhenn	dakotahhenn			2025-05-30T23:22:06.688Z	StillImage	COORDINATE_ROUNDED;CONTINENT_DERIVED_FROM_COORDINATES;TAXON_MATCH_TAXON_ID_IGNORED
3335075478	50c9509d-22c7-4a22-a47d-8c48425ef4a7	https://www.inaturalist.org/observations/85649764	Animalia	Arthropoda	Malacostraca	Decapoda	Sesarmidae	Sesarma	Sesarma reticulatum		SPECIES	Sesarma reticulatum (Say, 1817)	Sesarma reticulatum		US		Connecticut	PRESENT		28eb1a3f-1c15-4a95-931a-4af90ecb574d	41.279731	-72.39939	846.0						2021-07-04T13:47:51	4	7	2021	2225752	2225752	HUMAN_OBSERVATION	iNaturalist	Observations	85649764		Scott Loarie	2021-08-05T22:57:36	CC_BY_NC_4_0	Krista Munger	Krista Munger			2025-05-31T00:00:24.017Z	StillImage	COORDINATE_ROUNDED;CONTINENT_DERIVED_FROM_COORDINATES;TAXON_MATCH_TAXON_ID_IGNORED
3327711560	50c9509d-22c7-4a22-a47d-8c48425ef4a7	https://www.inaturalist.org/observations/85390014	Animalia	Arthropoda	Malacostraca	Decapoda	Sesarmidae	Sesarma	Sesarma reticulatum		SPECIES	Sesarma reticulatum (Say, 1817)	Sesarma reticulatum		US		Massachusetts	PRESENT		28eb1a3f-1c15-4a95-931a-4af90ecb574d	41.295155	-70.023644	5.0						2021-07-02T08:47:20	2	7	2021	2225752	2225752	HUMAN_OBSERVATION	iNaturalist	Observations	85390014		Chase Mathey	2021-07-02T21:34:44	CC_BY_NC_4_0	Chase Mathey	Chase Mathey			2025-05-30T23:51:14.345Z	StillImage	COORDINATE_ROUNDED;CONTINENT_DERIVED_FROM_COORDINATES;TAXON_MATCH_TAXON_ID_IGNORED
3314379301	50c9509d-22c7-4a22-a47d-8c48425ef4a7	http://www.inaturalist.org/observations/329852	Animalia	Arthropoda	Malacostraca	Decapoda	Sesarmidae	Sesarma	Sesarma reticulatum		SPECIES	Sesarma reticulatum (Say, 1817)	Sesarma reticulatum		US		Texas	PRESENT		28eb1a3f-1c15-4a95-931a-4af90ecb574d	29.373192	-94.747531	115.0						2012-06-17	17	6	2012	2225752	2225752	HUMAN_OBSERVATION	iNaturalist	Observations	329852				CC_BY_NC_4_0	Edith Watson	Edith Watson			2025-05-30T23:21:00.884Z	StillImage	CONTINENT_DERIVED_FROM_COORDINATES;TAXON_MATCH_TAXON_ID_IGNORED
3307528444	50c9509d-22c7-4a22-a47d-8c48425ef4a7	https://www.inaturalist.org/observations/83002958	Animalia	Arthropoda	Malacostraca	Decapoda	Sesarmidae	Sesarma	Sesarma reticulatum		SPECIES	Sesarma reticulatum (Say, 1817)	Sesarma reticulatum		US		Louisiana	PRESENT		28eb1a3f-1c15-4a95-931a-4af90ecb574d	29.261472	-89.952173	274.0						2021-06-13T17:45:43	13	6	2021	2225752	2225752	HUMAN_OBSERVATION	iNaturalist	Observations	83002958		Scott Loarie	2021-06-14T17:32:02	CC_BY_NC_4_0	naturalistnatasha	naturalistnatasha			2025-05-30T23:17:57.729Z	StillImage	COORDINATE_ROUNDED;CONTINENT_DERIVED_FROM_COORDINATES;TAXON_MATCH_TAXON_ID_IGNORED
3307274412	50c9509d-22c7-4a22-a47d-8c48425ef4a7	https://www.inaturalist.org/observations/75982278	Animalia	Arthropoda	Malacostraca	Decapoda	Sesarmidae	Sesarma	Sesarma reticulatum		SPECIES	Sesarma reticulatum (Say, 1817)	Sesarma reticulatum		US		Massachusetts	PRESENT		28eb1a3f-1c15-4a95-931a-4af90ecb574d	42.054714	-70.184601	4646.0						2019-08-08T13:33	8	8	2019	2225752	2225752	HUMAN_OBSERVATION	iNaturalist	Observations	75982278		Eli Salcedo	2021-05-01T00:16:38	CC_BY_NC_4_0	Eli Salcedo	Eli Salcedo			2025-05-30T22:56:38.500Z	StillImage	COORDINATE_ROUNDED;CONTINENT_DERIVED_FROM_COORDINATES;TAXON_MATCH_TAXON_ID_IGNORED
3307158508	50c9509d-22c7-4a22-a47d-8c48425ef4a7	https://www.inaturalist.org/observations/81229505	Animalia	Arthropoda	Malacostraca	Decapoda	Sesarmidae	Sesarma	Sesarma reticulatum		SPECIES	Sesarma reticulatum (Say, 1817)	Sesarma reticulatum		US		Massachusetts	PRESENT		28eb1a3f-1c15-4a95-931a-4af90ecb574d	41.306688	-70.013214	5.0						2021-06-01T09:27:42	1	6	2021	2225752	2225752	HUMAN_OBSERVATION	iNaturalist	Observations	81229505		Chase Mathey	2021-06-01T21:32:24	CC_BY_NC_4_0	Chase Mathey	Chase Mathey			2025-05-30T22:30:41.411Z	StillImage	COORDINATE_ROUNDED;CONTINENT_DERIVED_FROM_COORDINATES;TAXON_MATCH_TAXON_ID_IGNORED
3124696307	50c9509d-22c7-4a22-a47d-8c48425ef4a7	https://www.inaturalist.org/observations/10021645	Animalia	Arthropoda	Malacostraca	Decapoda	Sesarmidae	Sesarma	Sesarma reticulatum		SPECIES	Sesarma reticulatum (Say, 1817)	Sesarma reticulatum		US		Florida	PRESENT		28eb1a3f-1c15-4a95-931a-4af90ecb574d	28.932749	-82.698212	989.0						2017-03-30	30	3	2017	2225752	2225752	HUMAN_OBSERVATION	iNaturalist	Observations	10021645		Scott Loarie	2018-07-03T22:45:53	CC_BY_NC_4_0	DT	DT			2025-05-30T23:57:19.007Z	StillImage	COORDINATE_ROUNDED;CONTINENT_DERIVED_FROM_COORDINATES;TAXON_MATCH_TAXON_ID_IGNORED
3109189380	50c9509d-22c7-4a22-a47d-8c48425ef4a7	https://www.inaturalist.org/observations/49357058	Animalia	Arthropoda	Malacostraca	Decapoda	Sesarmidae	Sesarma	Sesarma reticulatum		SPECIES	Sesarma reticulatum (Say, 1817)	Sesarma reticulatum		US		Massachusetts	PRESENT		28eb1a3f-1c15-4a95-931a-4af90ecb574d	41.923411	-70.064093	4.0						2020-06-12T14:55:25	12	6	2020	2225752	2225752	HUMAN_OBSERVATION	iNaturalist	Observations	49357058		rachelthiet	2020-06-12T18:56:08	CC_BY_NC_4_0	rachelthiet	rachelthiet			2025-05-30T23:23:53.554Z	StillImage	COORDINATE_ROUNDED;CONTINENT_DERIVED_FROM_COORDINATES;TAXON_MATCH_TAXON_ID_IGNORED
3109153095	50c9509d-22c7-4a22-a47d-8c48425ef4a7	https://www.inaturalist.org/observations/75332173	Animalia	Arthropoda	Malacostraca	Decapoda	Sesarmidae	Sesarma	Sesarma reticulatum		SPECIES	Sesarma reticulatum (Say, 1817)	Sesarma reticulatum		US		Massachusetts	PRESENT		28eb1a3f-1c15-4a95-931a-4af90ecb574d	42.036267	-70.203136	430.0						2019-06-12T10:41	12	6	2019	2225752	2225752	HUMAN_OBSERVATION	iNaturalist	Observations	75332173		Eli Salcedo	2021-04-26T17:45:14	CC_BY_NC_4_0	Eli Salcedo	Eli Salcedo			2025-05-31T00:08:00.482Z	StillImage	COORDINATE_ROUNDED;CONTINENT_DERIVED_FROM_COORDINATES;TAXON_MATCH_TAXON_ID_IGNORED
3067945594	50c9509d-22c7-4a22-a47d-8c48425ef4a7	https://www.inaturalist.org/observations/27209380	Animalia	Arthropoda	Malacostraca	Decapoda	Sesarmidae	Sesarma	Sesarma reticulatum		SPECIES	Sesarma reticulatum (Say, 1817)	Sesarma reticulatum		US		Mississippi	PRESENT		28eb1a3f-1c15-4a95-931a-4af90ecb574d	30.3953	-88.802887	6.0						2019-06-18T06:12:07	18	6	2019	2225752	2225752	HUMAN_OBSERVATION	iNaturalist	Observations	27209380		evangrimes	2019-06-18T14:06:49	CC_BY_4_0	evangrimes	evangrimes			2025-05-30T22:19:32.721Z	StillImage	COORDINATE_ROUNDED;CONTINENT_DERIVED_FROM_COORDINATES;TAXON_MATCH_TAXON_ID_IGNORED
3067752416	50c9509d-22c7-4a22-a47d-8c48425ef4a7	https://www.inaturalist.org/observations/14209520	Animalia	Arthropoda	Malacostraca	Decapoda	Sesarmidae	Sesarma	Sesarma reticulatum		SPECIES	Sesarma reticulatum (Say, 1817)	Sesarma reticulatum		US		Mississippi	PRESENT		28eb1a3f-1c15-4a95-931a-4af90ecb574d	30.393814	-88.798137	22.0						2018-06-07T06:16:51	7	6	2018	2225752	2225752	HUMAN_OBSERVATION	iNaturalist	Observations	14209520		evangrimes	2018-07-09T20:45:59	CC_BY_4_0	evangrimes	evangrimes			2025-05-30T22:19:02.658Z	StillImage	COORDINATE_ROUNDED;CONTINENT_DERIVED_FROM_COORDINATES;TAXON_MATCH_TAXON_ID_IGNORED
3067663574	50c9509d-22c7-4a22-a47d-8c48425ef4a7	https://www.inaturalist.org/observations/27209418	Animalia	Arthropoda	Malacostraca	Decapoda	Sesarmidae	Sesarma	Sesarma reticulatum		SPECIES	Sesarma reticulatum (Say, 1817)	Sesarma reticulatum		US		Mississippi	PRESENT		28eb1a3f-1c15-4a95-931a-4af90ecb574d	30.396925	-88.801742	6.0						2019-06-18T06:18	18	6	2019	2225752	2225752	HUMAN_OBSERVATION	iNaturalist	Observations	27209418		evangrimes	2019-06-18T14:11:25	CC_BY_4_0	evangrimes	evangrimes			2025-05-30T22:22:28.556Z	StillImage	COORDINATE_ROUNDED;CONTINENT_DERIVED_FROM_COORDINATES;TAXON_MATCH_TAXON_ID_IGNORED
3018062917	50c9509d-22c7-4a22-a47d-8c48425ef4a7	https://www.inaturalist.org/observations/67552082	Animalia	Arthropoda	Malacostraca	Decapoda	Sesarmidae	Sesarma	Sesarma reticulatum		SPECIES	Sesarma reticulatum (Say, 1817)	Sesarma reticulatum		US		Virginia	PRESENT		28eb1a3f-1c15-4a95-931a-4af90ecb574d	37.583137	-75.615477	28388.0						2017-06-27T11:12	27	6	2017	2225752	2225752	HUMAN_OBSERVATION	iNaturalist	Observations	67552082		sercfisheries	2021-01-04T02:50:18	CC_BY_NC_4_0	sercfisheries	sercfisheries			2025-05-30T22:25:42.775Z	StillImage	COORDINATE_ROUNDED;CONTINENT_DERIVED_FROM_COORDINATES;TAXON_MATCH_TAXON_ID_IGNORED
2988480858	50c9509d-22c7-4a22-a47d-8c48425ef4a7	https://www.inaturalist.org/observations/64714502	Animalia	Arthropoda	Malacostraca	Decapoda	Sesarmidae	Sesarma	Sesarma reticulatum		SPECIES	Sesarma reticulatum (Say, 1817)	Sesarma reticulatum		US		Louisiana	PRESENT		28eb1a3f-1c15-4a95-931a-4af90ecb574d	29.734577	-91.853194	216.0						2020-11-10T10:39	10	11	2020	2225752	2225752	HUMAN_OBSERVATION	iNaturalist	Observations	64714502		Scott Loarie	2020-11-12T21:32:29	CC_BY_NC_4_0	dereksallmann	dereksallmann			2025-05-31T00:12:51.402Z	StillImage	COORDINATE_ROUNDED;CONTINENT_DERIVED_FROM_COORDINATES;TAXON_MATCH_TAXON_ID_IGNORED
2901547444	50c9509d-22c7-4a22-a47d-8c48425ef4a7	https://www.inaturalist.org/observations/55427085	Animalia	Arthropoda	Malacostraca	Decapoda	Sesarmidae	Sesarma	Sesarma reticulatum		SPECIES	Sesarma reticulatum (Say, 1817)	Sesarma reticulatum		US		Alabama	PRESENT		28eb1a3f-1c15-4a95-931a-4af90ecb574d	30.280403	-87.754822	10.0						2020-08-04T11:28:35	4	8	2020	2225752	2225752	HUMAN_OBSERVATION	iNaturalist	Observations	55427085		Scott Loarie	2020-10-21T03:42:38	CC_BY_4_0	Jessica	Jessica			2025-05-31T00:52:05.372Z	StillImage	COORDINATE_ROUNDED;CONTINENT_DERIVED_FROM_COORDINATES;TAXON_MATCH_TAXON_ID_IGNORED
2873936411	50c9509d-22c7-4a22-a47d-8c48425ef4a7	https://www.inaturalist.org/observations/49643292	Animalia	Arthropoda	Malacostraca	Decapoda	Sesarmidae	Sesarma	Sesarma reticulatum		SPECIES	Sesarma reticulatum (Say, 1817)	Sesarma reticulatum		US		Florida	PRESENT		28eb1a3f-1c15-4a95-931a-4af90ecb574d	27.333934	-82.575931	594.0						2020-06-13T11:10	13	6	2020	2225752	2225752	HUMAN_OBSERVATION	iNaturalist	Observations	49643292		Mike Gigliotti	2020-06-14T21:42:52	CC_BY_NC_4_0	Mike Gigliotti	Mike Gigliotti			2025-05-30T23:43:11.912Z	StillImage	COORDINATE_ROUNDED;CONTINENT_DERIVED_FROM_COORDINATES;TAXON_MATCH_TAXON_ID_IGNORED
2851264585	50c9509d-22c7-4a22-a47d-8c48425ef4a7	https://www.inaturalist.org/observations/57045204	Animalia	Arthropoda	Malacostraca	Decapoda	Sesarmidae	Sesarma	Sesarma reticulatum		SPECIES	Sesarma reticulatum (Say, 1817)	Sesarma reticulatum		US		Massachusetts	PRESENT		28eb1a3f-1c15-4a95-931a-4af90ecb574d	41.928002	-70.072118	15.0						2020-08-18T15:55	18	8	2020	2225752	2225752	HUMAN_OBSERVATION	iNaturalist	Observations	57045204		Derek Garvey	2020-08-20T17:45:08	CC_BY_NC_4_0	Derek Garvey	Derek Garvey			2025-05-31T00:00:25.623Z	StillImage	COORDINATE_ROUNDED;CONTINENT_DERIVED_FROM_COORDINATES;TAXON_MATCH_TAXON_ID_IGNORED
2850619432	50c9509d-22c7-4a22-a47d-8c48425ef4a7	https://www.inaturalist.org/observations/30622380	Animalia	Arthropoda	Malacostraca	Decapoda	Sesarmidae	Sesarma	Sesarma reticulatum		SPECIES	Sesarma reticulatum (Say, 1817)	Sesarma reticulatum		US		Rhode Island	PRESENT		28eb1a3f-1c15-4a95-931a-4af90ecb574d	41.725342	-71.319825	5.0						2019-08-11T10:28:22	11	8	2019	2225752	2225752	HUMAN_OBSERVATION	iNaturalist	Observations	30622380		gglynn	2019-08-11T16:54:48	CC_BY_NC_4_0	gglynn	gglynn			2025-05-30T23:51:21.136Z	StillImage	COORDINATE_ROUNDED;CONTINENT_DERIVED_FROM_COORDINATES;TAXON_MATCH_TAXON_ID_IGNORED
2823323230	50c9509d-22c7-4a22-a47d-8c48425ef4a7	https://www.inaturalist.org/observations/53744368	Animalia	Arthropoda	Malacostraca	Decapoda	Sesarmidae	Sesarma	Sesarma reticulatum		SPECIES	Sesarma reticulatum (Say, 1817)	Sesarma reticulatum		US		Mississippi	PRESENT		28eb1a3f-1c15-4a95-931a-4af90ecb574d	30.260512	-88.652235	29382.0						2020-07-05T06:45	5	7	2020	2225752	2225752	HUMAN_OBSERVATION	iNaturalist	Observations	53744368		Brittany M	2020-07-20T16:42:13	CC_BY_NC_4_0	Brittany M	Brittany M			2025-05-30T22:25:09.884Z	StillImage	COORDINATE_ROUNDED;CONTINENT_DERIVED_FROM_COORDINATES;TAXON_MATCH_TAXON_ID_IGNORED
2447995054	50c9509d-22c7-4a22-a47d-8c48425ef4a7	https://www.inaturalist.org/observations/35106632	Animalia	Arthropoda	Malacostraca	Decapoda	Sesarmidae	Sesarma	Sesarma reticulatum		SPECIES	Sesarma reticulatum (Say, 1817)	Sesarma reticulatum		US		Texas	PRESENT		28eb1a3f-1c15-4a95-931a-4af90ecb574d	27.897182	-97.616484	4.0						2019-10-30T09:36	30	10	2019	2225752	2225752	HUMAN_OBSERVATION	iNaturalist	Observations	35106632		Mike Gigliotti	2019-10-31T02:09:47	CC_BY_NC_4_0	Philip Woods	Philip Woods			2025-05-30T23:59:45.024Z	StillImage	COORDINATE_ROUNDED;CONTINENT_DERIVED_FROM_COORDINATES;TAXON_MATCH_TAXON_ID_IGNORED
2311392365	50c9509d-22c7-4a22-a47d-8c48425ef4a7	https://www.inaturalist.org/observations/29853962	Animalia	Arthropoda	Malacostraca	Decapoda	Sesarmidae	Sesarma	Sesarma reticulatum		SPECIES	Sesarma reticulatum (Say, 1817)	Sesarma reticulatum		US		Massachusetts	PRESENT		28eb1a3f-1c15-4a95-931a-4af90ecb574d	41.294081	-70.041832	38.0						2019-07-30T06:13:13	30	7	2019	2225752	2225752	HUMAN_OBSERVATION	iNaturalist	Observations	29853962		Jonathan Layman	2019-07-30T14:54:54	CC_BY_4_0	Jonathan Layman	Jonathan Layman			2025-05-30T22:23:02.471Z	StillImage	COORDINATE_ROUNDED;CONTINENT_DERIVED_FROM_COORDINATES;TAXON_MATCH_TAXON_ID_IGNORED
2311388187	50c9509d-22c7-4a22-a47d-8c48425ef4a7	https://www.inaturalist.org/observations/29845703	Animalia	Arthropoda	Malacostraca	Decapoda	Sesarmidae	Sesarma	Sesarma reticulatum		SPECIES	Sesarma reticulatum (Say, 1817)	Sesarma reticulatum		US		Massachusetts	PRESENT		28eb1a3f-1c15-4a95-931a-4af90ecb574d	41.295062	-70.040974	19.0						2019-07-30T05:50:57	30	7	2019	2225752	2225752	HUMAN_OBSERVATION	iNaturalist	Observations	29845703		Jonathan Layman	2019-07-30T12:02:48	CC_BY_4_0	Jonathan Layman	Jonathan Layman			2025-05-30T22:40:53.607Z	StillImage	COORDINATE_ROUNDED;CONTINENT_DERIVED_FROM_COORDINATES;TAXON_MATCH_TAXON_ID_IGNORED
2294455253	50c9509d-22c7-4a22-a47d-8c48425ef4a7	https://www.inaturalist.org/observations/28669523	Animalia	Arthropoda	Malacostraca	Decapoda	Sesarmidae	Sesarma	Sesarma reticulatum		SPECIES	Sesarma reticulatum (Say, 1817)	Sesarma reticulatum		US		Mississippi	PRESENT		28eb1a3f-1c15-4a95-931a-4af90ecb574d	30.41231	-88.403868	8.0						2019-07-12T08:49:41	12	7	2019	2225752	2225752	HUMAN_OBSERVATION	iNaturalist	Observations	28669523		evangrimes	2019-07-12T13:56:01	CC_BY_NC_4_0	Andrew Heaton	Andrew Heaton			2025-05-30T23:09:30.514Z	StillImage	COORDINATE_ROUNDED;CONTINENT_DERIVED_FROM_COORDINATES;TAXON_MATCH_TAXON_ID_IGNORED
2237434292	50c9509d-22c7-4a22-a47d-8c48425ef4a7	https://www.inaturalist.org/observations/22688847	Animalia	Arthropoda	Malacostraca	Decapoda	Sesarmidae	Sesarma	Sesarma reticulatum		SPECIES	Sesarma reticulatum (Say, 1817)	Sesarma reticulatum		US		Mississippi	PRESENT		28eb1a3f-1c15-4a95-931a-4af90ecb574d	30.397811	-88.792047	22.0						2018-06-19T19:06:36Z	19	6	2018	2225752	2225752	HUMAN_OBSERVATION	iNaturalist	Observations	22688847		bluehairedbiologist	2019-04-19T02:54:56	CC_BY_NC_4_0	bluehairedbiologist	bluehairedbiologist			2025-05-31T00:52:10.825Z	StillImage	COORDINATE_ROUNDED;CONTINENT_DERIVED_FROM_COORDINATES;TAXON_MATCH_TAXON_ID_IGNORED
1931481131	50c9509d-22c7-4a22-a47d-8c48425ef4a7	https://www.inaturalist.org/observations/17182894	Animalia	Arthropoda	Malacostraca	Decapoda	Sesarmidae	Sesarma	Sesarma reticulatum		SPECIES	Sesarma reticulatum (Say, 1817)	Sesarma reticulatum		US		Florida	PRESENT		28eb1a3f-1c15-4a95-931a-4af90ecb574d	29.916174	-84.510353							2018-10-03T18:15:19	3	10	2018	2225752	2225752	HUMAN_OBSERVATION	iNaturalist	Observations	17182894		Mike Gigliotti	2018-10-04T11:26:50	CC_BY_NC_4_0	clcscience	clcscience			2025-05-30T23:53:13.216Z	StillImage	COORDINATE_ROUNDED;CONTINENT_DERIVED_FROM_COORDINATES;TAXON_MATCH_TAXON_ID_IGNORED
1880675364	50c9509d-22c7-4a22-a47d-8c48425ef4a7	https://www.inaturalist.org/observations/9498409	Animalia	Arthropoda	Malacostraca	Decapoda	Sesarmidae	Sesarma	Sesarma reticulatum		SPECIES	Sesarma reticulatum (Say, 1817)	Sesarma reticulatum		US		Maryland	PRESENT		28eb1a3f-1c15-4a95-931a-4af90ecb574d	37.984722	-75.727083	190.0						2009-04-25T01:55	25	4	2009	2225752	2225752	HUMAN_OBSERVATION	iNaturalist	Observations	9498409		Scott Loarie	2018-07-06T06:05:03	CC_BY_NC_4_0	Hans Holbrook	Hans Holbrook			2025-05-31T00:49:37.107Z	StillImage	COORDINATE_ROUNDED;CONTINENT_DERIVED_FROM_COORDINATES;TAXON_MATCH_TAXON_ID_IGNORED
1880497838	50c9509d-22c7-4a22-a47d-8c48425ef4a7	https://www.inaturalist.org/observations/13511023	Animalia	Arthropoda	Malacostraca	Decapoda	Sesarmidae	Sesarma	Sesarma reticulatum		SPECIES	Sesarma reticulatum (Say, 1817)	Sesarma reticulatum		US		Mississippi	PRESENT		28eb1a3f-1c15-4a95-931a-4af90ecb574d	30.374544	-88.707594	5.0						2018-06-16T11:52	16	6	2018	2225752	2225752	HUMAN_OBSERVATION	iNaturalist	Observations	13511023		Janet Wright	2018-06-17T10:35:58	CC_BY_NC_4_0	Janet Wright	Janet Wright			2025-05-30T22:18:45.425Z	StillImage	COORDINATE_ROUNDED;CONTINENT_DERIVED_FROM_COORDINATES;TAXON_MATCH_TAXON_ID_IGNORED
1841323787	50c9509d-22c7-4a22-a47d-8c48425ef4a7	https://www.inaturalist.org/observations/12085390	Animalia	Arthropoda	Malacostraca	Decapoda	Sesarmidae	Sesarma	Sesarma reticulatum		SPECIES	Sesarma reticulatum (Say, 1817)	Sesarma reticulatum		US		Mississippi	PRESENT		28eb1a3f-1c15-4a95-931a-4af90ecb574d	30.356672	-88.679489	5.0						2018-05-02T10:28	2	5	2018	2225752	2225752	HUMAN_OBSERVATION	iNaturalist	Observations	12085390		Janet Wright	2018-05-03T10:35:48	CC_BY_NC_4_0	Janet Wright	Janet Wright			2025-05-30T23:03:40.469Z	StillImage	COORDINATE_ROUNDED;CONTINENT_DERIVED_FROM_COORDINATES;TAXON_MATCH_TAXON_ID_IGNORED
1839277754	50c9509d-22c7-4a22-a47d-8c48425ef4a7	https://www.inaturalist.org/observations/8005426	Animalia	Arthropoda	Malacostraca	Decapoda	Sesarmidae	Sesarma	Sesarma reticulatum		SPECIES	Sesarma reticulatum (Say, 1817)	Sesarma reticulatum		US		Mississippi	PRESENT		28eb1a3f-1c15-4a95-931a-4af90ecb574d	30.357101	-88.677092	122.0						2013-05-17T15:37	17	5	2013	2225752	2225752	HUMAN_OBSERVATION	iNaturalist	Observations	8005426		Janet Wright	2017-09-20T03:14:47	CC_BY_NC_4_0	Janet Wright	Janet Wright			2025-05-30T23:34:44.345Z	StillImage	COORDINATE_ROUNDED;CONTINENT_DERIVED_FROM_COORDINATES;TAXON_MATCH_TAXON_ID_IGNORED
